customer_id,tenure,monthly_charges,total_charges,num_products,num_complaints,days_since_last_login,contract,payment_method,internet_service,churn
C006252,20,44.01,867.34,5,3,14,month-to-month,bank_transfer,fiber,0
C004684,38,34.09,1324.59,4,0,73,month-to-month,electronic_check,none,0
C001731,66,74.27,4872.32,3,1,76,two-year,mailed_check,none,0
C004742,31,77.62,2406.3,5,0,63,two-year,credit_card,fiber,0
C004521,51,82.75,4204.62,1,0,76,one-year,bank_transfer,dsl,0
C006340,22,81.28,1752.67,3,0,58,two-year,credit_card,dsl,0
C000576,67,118.22,8042.47,4,1,45,two-year,credit_card,fiber,0
C005202,61,62.12,3716.48,4,1,3,month-to-month,credit_card,fiber,0
C006363,19,50.61,985.56,4,0,28,one-year,bank_transfer,dsl,0
C000439,29,35.55,954.03,2,0,80,month-to-month,electronic_check,none,0
C002750,18,105.68,1901.93,2,1,31,month-to-month,mailed_check,dsl,0
C007487,37,63.75,2348.46,5,0,25,month-to-month,bank_transfer,fiber,0
C005272,18,80.37,1475.44,2,0,2,one-year,credit_card,dsl,0
C005653,34,34.37,1079.97,4,0,45,one-year,mailed_check,dsl,0
C003999,38,84.23,3190.4,3,0,53,month-to-month,electronic_check,dsl,1
C006033,69,73.07,4990.65,2,1,5,month-to-month,mailed_check,fiber,0
C000582,8,52.43,437.41,1,0,0,month-to-month,electronic_check,fiber,0
C009930,25,49.89,1230.21,3,0,53,month-to-month,mailed_check,none,0
C007051,32,34.02,1106.48,5,0,12,month-to-month,credit_card,fiber,0
C008158,68,108.69,7378.79,4,0,52,month-to-month,bank_transfer,dsl,0
C009896,58,26.12,1556.74,5,0,38,month-to-month,bank_transfer,fiber,0
C002249,31,80.1,2501.9,3,0,89,month-to-month,credit_card,fiber,0
C004640,61,92.41,5649.68,3,0,30,month-to-month,bank_transfer,dsl,0
C009485,57,87.69,5073.78,3,2,27,month-to-month,bank_transfer,none,0
C004947,38,44.11,1654.46,4,0,71,one-year,bank_transfer,fiber,0
C009920,17,67.29,1172.12,2,0,29,one-year,bank_transfer,fiber,0
C001963,59,59.6,3505.87,4,1,49,month-to-month,credit_card,dsl,0
C008243,58,35.73,2028.72,3,1,35,month-to-month,mailed_check,dsl,0
C006590,1,62.28,72.92,3,2,82,month-to-month,electronic_check,dsl,1
C008847,17,40.81,655.04,3,0,33,month-to-month,electronic_check,dsl,0
C000321,8,83.42,606.06,2,2,22,month-to-month,credit_card,dsl,1
C002678,42,111.15,4631.81,5,1,87,month-to-month,bank_transfer,dsl,0
C004625,28,90.07,2562.42,4,0,27,month-to-month,electronic_check,fiber,0
C004949,27,74.89,2054.64,2,0,63,month-to-month,bank_transfer,fiber,0
C008328,12,26.65,265.84,1,0,37,month-to-month,credit_card,none,0
C003337,4,30.95,59.22,2,0,52,month-to-month,bank_transfer,none,0
C005589,61,77.35,4741.34,2,0,4,month-to-month,mailed_check,dsl,1
C000251,36,26.21,1071.13,5,1,89,two-year,electronic_check,none,0
C003973,19,25.65,494.49,2,0,15,one-year,credit_card,fiber,0
C006630,35,87.78,3055.25,1,3,39,month-to-month,bank_transfer,fiber,0
C005547,4,59.41,215.56,4,0,77,month-to-month,electronic_check,none,0
C000035,5,39.82,195.52,5,1,50,one-year,electronic_check,none,0
C008362,56,50.02,2838.17,2,0,36,two-year,electronic_check,dsl,0
C001513,24,95.21,2329.66,5,0,77,month-to-month,mailed_check,none,0
C009317,42,92.0,3900.05,4,0,49,month-to-month,mailed_check,fiber,0
C000039,46,96.3,4407.36,3,0,18,month-to-month,mailed_check,fiber,0
C004819,68,108.43,7436.0,4,0,58,month-to-month,mailed_check,fiber,0
C003465,54,70.37,3798.49,5,0,33,month-to-month,bank_transfer,fiber,0
C001760,28,24.4,646.94,3,0,61,month-to-month,mailed_check,fiber,0
C002304,66,73.13,4896.62,5,0,41,one-year,mailed_check,fiber,0
C003723,72,95.07,6808.52,5,0,3,month-to-month,mailed_check,dsl,0
C008284,58,117.31,6798.64,2,1,53,month-to-month,credit_card,dsl,0
C004993,40,34.0,1298.25,5,0,62,month-to-month,mailed_check,dsl,0
C008127,43,83.82,3555.16,2,0,28,month-to-month,mailed_check,fiber,0
C003032,41,76.46,3227.21,3,0,41,one-year,electronic_check,dsl,0
C007938,6,96.33,617.31,4,0,53,month-to-month,mailed_check,none,1
C003039,15,103.71,1560.7,2,0,7,month-to-month,mailed_check,none,1
C009655,30,31.15,979.62,4,0,2,month-to-month,bank_transfer,fiber,0
C002545,29,50.53,1389.29,1,0,67,one-year,electronic_check,none,0
C002592,39,102.12,3913.9,5,1,80,month-to-month,credit_card,fiber,1
C001188,41,82.29,3377.23,5,0,70,one-year,electronic_check,fiber,0
C007966,16,78.36,1228.54,2,0,70,month-to-month,bank_transfer,fiber,1
C006077,14,72.0,1044.15,5,0,76,month-to-month,electronic_check,dsl,0
C000107,48,48.81,2456.87,5,0,22,one-year,mailed_check,dsl,0
C001315,22,70.58,1529.35,5,0,60,month-to-month,electronic_check,dsl,0
C008187,14,29.47,425.85,4,0,86,one-year,bank_transfer,dsl,0
C002753,47,104.87,4903.91,5,0,56,month-to-month,credit_card,fiber,0
C009753,16,107.98,1691.85,3,0,55,month-to-month,electronic_check,fiber,0
C006231,46,119.39,5545.32,5,1,44,two-year,bank_transfer,dsl,0
C002876,48,84.82,4159.16,2,1,50,month-to-month,credit_card,fiber,0
C005323,29,78.04,2219.69,3,0,17,month-to-month,mailed_check,fiber,0
C000799,32,59.61,1897.29,5,1,28,month-to-month,electronic_check,fiber,0
C003570,58,82.79,4750.28,5,0,20,two-year,credit_card,none,0
C002894,19,58.34,1167.84,1,0,35,one-year,credit_card,fiber,0
C002927,24,64.04,1650.82,1,1,89,two-year,electronic_check,dsl,0
C008178,49,43.46,2160.99,3,1,81,one-year,bank_transfer,fiber,0
C000971,31,24.68,712.8,4,1,88,one-year,bank_transfer,none,0
C006687,8,46.87,283.48,4,1,10,two-year,credit_card,fiber,0
C008575,16,102.91,1607.08,4,0,34,month-to-month,electronic_check,none,0
C002020,22,118.67,2691.3,2,0,64,month-to-month,bank_transfer,fiber,1
C009054,70,59.67,4228.43,3,0,74,month-to-month,electronic_check,none,0
C000952,45,65.8,2962.54,4,0,40,two-year,electronic_check,fiber,0
C005359,25,90.94,2300.05,3,1,81,month-to-month,credit_card,fiber,1
C003857,2,115.67,200.29,1,1,13,month-to-month,bank_transfer,fiber,1
C005861,43,96.24,4221.45,1,1,47,month-to-month,credit_card,none,0
C003145,40,78.36,3222.49,4,0,79,month-to-month,electronic_check,dsl,0
C003305,19,31.94,689.95,4,0,26,month-to-month,electronic_check,none,0
C003006,44,74.55,3228.99,1,0,89,month-to-month,electronic_check,none,0
C009001,2,91.11,218.37,3,1,0,month-to-month,mailed_check,fiber,0
C007770,17,75.01,1237.91,2,0,26,month-to-month,electronic_check,dsl,1
C007438,43,74.45,3098.33,4,0,61,month-to-month,bank_transfer,dsl,1
C007942,42,80.78,3338.84,3,0,22,month-to-month,bank_transfer,dsl,0
C009238,47,83.5,3951.61,4,0,58,two-year,mailed_check,fiber,0
C001056,33,33.42,1067.46,4,0,3,month-to-month,electronic_check,fiber,0
C003154,5,82.39,329.76,3,0,61,two-year,credit_card,none,0
C003787,2,85.93,133.23,3,0,58,one-year,bank_transfer,dsl,0
C009189,16,103.57,1733.98,2,1,21,month-to-month,electronic_check,dsl,0
C007825,63,103.85,6489.72,2,0,26,month-to-month,bank_transfer,dsl,0
C007539,46,86.42,4051.7,3,0,56,month-to-month,electronic_check,dsl,0
C007231,51,112.6,5795.82,3,0,0,month-to-month,bank_transfer,fiber,0
C000764,26,67.0,1670.91,5,0,7,month-to-month,credit_card,fiber,0
C005019,47,92.51,4449.76,1,1,67,month-to-month,mailed_check,dsl,0
C004903,52,70.14,3683.72,2,1,54,one-year,bank_transfer,none,0
C008093,18,96.1,1694.77,1,0,49,month-to-month,electronic_check,dsl,0
C006843,25,73.48,1787.53,4,0,71,one-year,mailed_check,dsl,0
C002165,67,61.74,4072.83,4,1,89,month-to-month,electronic_check,none,0
C001862,62,28.52,1838.66,3,0,8,month-to-month,electronic_check,fiber,0
C007850,23,91.07,2105.18,2,0,65,month-to-month,mailed_check,dsl,0
C009123,18,74.68,1313.82,2,0,3,one-year,mailed_check,fiber,0
C002340,31,74.68,2268.65,4,1,66,one-year,bank_transfer,fiber,0
C005527,23,85.25,1994.28,3,0,19,month-to-month,electronic_check,fiber,0
C006743,3,49.05,148.21,4,0,14,month-to-month,mailed_check,fiber,0
C004003,33,22.97,732.32,5,0,71,two-year,bank_transfer,fiber,0
C001123,18,54.17,1086.77,3,0,82,month-to-month,electronic_check,fiber,0
C008709,65,35.9,2371.86,5,0,88,month-to-month,credit_card,dsl,0
C004049,33,59.3,2016.78,1,0,15,month-to-month,bank_transfer,dsl,0
C007640,46,76.94,3478.96,1,0,4,two-year,electronic_check,none,0
C000765,57,61.33,3526.85,1,0,83,month-to-month,electronic_check,fiber,0
C002344,43,51.41,2300.52,4,2,35,month-to-month,mailed_check,fiber,0
C004071,57,52.17,2964.8,1,1,55,month-to-month,mailed_check,none,0
C007216,45,62.84,2759.08,2,1,68,one-year,bank_transfer,fiber,0
C004216,36,118.14,4205.97,3,0,69,month-to-month,mailed_check,none,1
C007952,66,44.0,2959.75,5,0,5,two-year,mailed_check,none,0
C005970,54,75.11,4087.39,5,0,62,two-year,mailed_check,dsl,0
C003350,12,110.39,1371.46,1,0,74,month-to-month,bank_transfer,none,1
C004695,61,58.28,3676.28,2,0,37,month-to-month,credit_card,dsl,0
C003399,52,99.58,5162.95,5,0,55,month-to-month,bank_transfer,none,0
C004081,21,56.06,1179.31,5,1,74,month-to-month,electronic_check,none,0
C009149,62,100.32,6322.38,4,1,64,month-to-month,mailed_check,dsl,0
C001224,31,70.97,2223.34,4,0,76,month-to-month,mailed_check,none,0
C006292,3,36.36,91.24,2,0,76,month-to-month,mailed_check,none,0
C003122,34,91.05,3125.88,1,0,75,one-year,bank_transfer,fiber,0
C000510,72,30.11,2186.06,2,0,56,one-year,mailed_check,dsl,0
C005794,30,34.66,1003.07,5,0,32,month-to-month,electronic_check,dsl,0
C008181,8,112.88,929.0,1,0,86,one-year,bank_transfer,dsl,0
C009417,13,94.11,1147.75,4,0,80,month-to-month,mailed_check,fiber,1
C000096,18,88.94,1561.04,2,2,40,two-year,electronic_check,fiber,0
C006681,25,65.18,1688.57,4,0,82,month-to-month,electronic_check,none,0
C001512,54,37.94,2002.54,2,0,15,one-year,mailed_check,fiber,0
C008791,32,106.16,3396.4,4,0,50,one-year,electronic_check,fiber,0
C000119,9,70.61,693.67,4,1,66,month-to-month,mailed_check,fiber,0
C007791,45,34.81,1527.54,1,0,22,month-to-month,credit_card,none,0
C006517,41,63.06,2591.87,3,0,18,one-year,electronic_check,dsl,0
C000033,40,72.48,2853.33,1,2,82,one-year,electronic_check,fiber,0
C007887,44,43.66,1924.03,1,0,13,one-year,credit_card,fiber,0
C006830,45,32.68,1466.96,4,0,5,month-to-month,bank_transfer,fiber,0
C005421,70,38.78,2719.72,5,1,72,one-year,credit_card,fiber,0
C001068,25,48.88,1211.11,1,1,8,month-to-month,bank_transfer,dsl,0
C001347,51,92.71,4674.77,2,0,10,month-to-month,electronic_check,fiber,0
C004747,19,109.42,2078.76,1,1,35,month-to-month,credit_card,dsl,0
C006005,18,31.99,612.87,2,1,36,one-year,credit_card,none,0
C006039,17,104.77,1786.57,2,2,28,two-year,electronic_check,none,0
C003817,58,99.25,5744.02,4,0,71,month-to-month,bank_transfer,fiber,0
C008446,36,114.83,4178.66,5,1,26,month-to-month,mailed_check,fiber,1
C005269,38,42.32,1742.04,4,0,75,month-to-month,electronic_check,none,0
C006897,24,45.58,1053.1,4,1,64,one-year,bank_transfer,dsl,0
C005309,33,33.21,1093.82,5,0,59,month-to-month,credit_card,fiber,0
C000031,17,105.16,1742.64,5,0,21,month-to-month,mailed_check,fiber,0
C005674,36,114.89,4086.99,2,0,51,month-to-month,credit_card,fiber,1
C004386,19,108.67,2082.21,1,0,7,month-to-month,bank_transfer,dsl,0
C000029,32,22.55,781.91,4,1,75,month-to-month,electronic_check,fiber,0
C004202,25,64.69,1659.45,4,0,11,two-year,credit_card,dsl,0
C007507,55,70.67,3946.37,2,0,3,month-to-month,bank_transfer,dsl,0
C000735,49,115.23,5726.23,4,0,78,two-year,bank_transfer,dsl,0
C002067,66,114.74,7559.74,2,0,23,two-year,electronic_check,dsl,0
C000106,57,36.47,2106.37,3,0,76,month-to-month,credit_card,dsl,0
C009644,35,34.51,1069.36,5,0,4,month-to-month,bank_transfer,dsl,0
C008894,36,37.07,1359.74,3,0,7,month-to-month,electronic_check,fiber,0
C008020,21,109.11,2258.96,4,0,60,month-to-month,bank_transfer,dsl,1
C002232,68,39.68,2741.7,4,0,33,month-to-month,bank_transfer,dsl,0
C000993,32,110.79,3620.38,5,1,23,one-year,mailed_check,fiber,1
C009412,59,29.39,1713.72,5,0,14,month-to-month,bank_transfer,fiber,0
C007058,70,58.86,4153.24,5,0,77,one-year,bank_transfer,none,0
C006789,54,38.84,2008.79,4,0,2,month-to-month,bank_transfer,dsl,0
C000360,61,84.46,5119.44,5,0,76,month-to-month,mailed_check,fiber,0
C000304,40,21.23,858.56,3,0,70,month-to-month,electronic_check,none,0
C002627,1,110.19,152.36,2,1,18,month-to-month,credit_card,dsl,0
C008965,57,115.83,6579.07,3,0,1,month-to-month,bank_transfer,fiber,0
C004513,66,100.74,6555.98,4,0,68,two-year,mailed_check,dsl,0
C005910,15,91.04,1329.22,3,0,52,month-to-month,electronic_check,fiber,0
C008313,66,97.8,6450.43,1,0,2,month-to-month,credit_card,none,0
C003100,27,39.9,1153.74,1,0,18,two-year,credit_card,fiber,0
C005703,32,86.96,2799.19,5,0,22,two-year,mailed_check,fiber,0
C003898,22,51.94,1079.6,3,0,60,one-year,credit_card,fiber,0
C005440,38,50.4,1848.8,5,0,85,two-year,bank_transfer,fiber,0
C007930,25,75.14,1936.48,3,0,76,month-to-month,electronic_check,fiber,0
C000621,35,51.18,1770.17,3,2,14,month-to-month,bank_transfer,dsl,0
C007235,12,110.28,1328.54,5,0,18,two-year,bank_transfer,none,0
C002498,3,86.18,333.34,5,0,67,month-to-month,credit_card,dsl,0
C000713,56,88.6,4946.95,2,0,38,two-year,bank_transfer,none,0
C008403,59,87.66,5208.04,4,0,48,month-to-month,credit_card,none,0
C002855,6,99.21,612.28,4,0,65,month-to-month,mailed_check,dsl,0
C004269,37,107.25,3932.46,3,1,0,one-year,mailed_check,fiber,0
C002908,10,70.9,680.0,1,1,64,one-year,electronic_check,fiber,0
C008080,65,63.8,4108.38,2,0,82,month-to-month,mailed_check,none,0
C004516,26,108.46,2821.71,1,0,18,month-to-month,bank_transfer,fiber,0
C001261,67,33.84,2279.01,2,0,45,month-to-month,mailed_check,none,0
C003160,9,59.15,560.74,5,1,61,month-to-month,credit_card,fiber,0
C000970,22,58.56,1353.39,4,1,63,two-year,mailed_check,dsl,0
C003912,14,82.06,1174.72,2,0,8,month-to-month,bank_transfer,dsl,0
C005198,41,82.89,3388.25,5,0,76,two-year,electronic_check,none,0
C008846,18,96.14,1831.23,4,0,80,month-to-month,mailed_check,dsl,0
C000259,43,39.4,1643.38,1,1,53,month-to-month,bank_transfer,fiber,0
C003790,9,108.54,931.03,3,0,55,one-year,mailed_check,fiber,0
C009202,25,107.42,2653.79,2,0,26,month-to-month,credit_card,fiber,0
C000487,39,34.32,1294.36,5,0,37,two-year,mailed_check,fiber,0
C007907,52,90.19,4666.71,2,0,17,one-year,bank_transfer,fiber,0
C000518,35,34.56,1187.87,5,0,71,one-year,bank_transfer,none,0
C008342,15,26.17,388.07,3,0,46,month-to-month,electronic_check,fiber,0
C000311,49,45.09,2243.86,2,1,72,two-year,credit_card,fiber,0
C003231,16,40.88,658.94,1,1,33,two-year,bank_transfer,dsl,0
C007932,31,67.37,2090.23,2,0,10,two-year,electronic_check,dsl,0
C007457,52,60.17,3068.58,1,0,83,month-to-month,credit_card,fiber,0
C009783,21,101.5,2067.55,5,0,62,month-to-month,bank_transfer,dsl,0
C005183,65,24.92,1675.99,3,0,20,month-to-month,mailed_check,fiber,0
C008076,39,69.17,2743.06,2,0,29,one-year,electronic_check,none,0
C006501,70,72.0,5057.81,4,0,58,two-year,credit_card,dsl,0
C006790,63,91.62,5737.2,2,2,74,one-year,mailed_check,dsl,0
C007772,42,89.54,3803.48,3,0,88,month-to-month,electronic_check,dsl,0
C002737,14,64.04,938.98,3,0,65,month-to-month,credit_card,dsl,0
C007841,16,61.15,966.74,4,0,66,month-to-month,electronic_check,fiber,0
C006261,31,107.84,3355.0,4,0,40,month-to-month,electronic_check,dsl,0
C008205,41,62.03,2540.74,1,0,77,one-year,mailed_check,dsl,0
C001247,34,116.35,3903.45,3,0,5,two-year,electronic_check,none,0
C009335,25,32.33,781.49,4,0,56,month-to-month,electronic_check,dsl,0
C004194,41,68.67,2824.88,2,1,13,month-to-month,credit_card,dsl,0
C008000,47,58.56,2774.9,3,3,52,month-to-month,electronic_check,fiber,0
C007377,45,106.77,4838.04,3,0,60,one-year,bank_transfer,fiber,0
C003434,17,96.31,1635.0,2,0,89,month-to-month,electronic_check,dsl,0
C005381,69,81.43,5677.35,5,1,32,two-year,bank_transfer,fiber,0
C000958,70,86.81,6102.16,3,0,78,one-year,bank_transfer,fiber,0
C000416,70,23.13,1652.39,5,0,7,two-year,electronic_check,none,0
C005741,45,98.97,4500.97,3,0,38,month-to-month,bank_transfer,dsl,0
C006727,43,89.25,3774.63,3,0,77,one-year,credit_card,fiber,0
C004381,9,61.89,526.34,4,1,49,month-to-month,credit_card,fiber,0
C005196,68,29.91,2023.23,3,0,77,two-year,bank_transfer,dsl,0
C001112,14,46.12,612.87,3,1,29,month-to-month,mailed_check,fiber,0
C002688,46,57.4,2633.46,5,1,56,one-year,electronic_check,fiber,0
C006472,33,23.89,816.21,1,0,11,month-to-month,bank_transfer,fiber,0
C008819,12,100.63,1201.78,4,1,11,one-year,credit_card,none,0
C007807,39,112.07,4374.39,4,2,22,month-to-month,credit_card,none,0
C003410,6,88.58,489.98,4,1,2,two-year,credit_card,dsl,0
C000080,68,37.45,2574.5,4,0,11,month-to-month,bank_transfer,none,0
C004613,38,43.44,1657.7,5,0,3,two-year,bank_transfer,fiber,0
C001373,31,90.38,2833.82,3,1,87,month-to-month,mailed_check,dsl,0
C001509,50,77.54,3863.75,3,1,34,two-year,credit_card,none,0
C006442,39,46.78,1850.17,4,1,67,month-to-month,bank_transfer,fiber,0
C003070,31,62.43,1906.41,1,0,14,one-year,mailed_check,none,0
C003015,34,44.09,1478.48,5,1,48,month-to-month,mailed_check,fiber,0
C004822,66,73.38,4884.28,3,0,65,month-to-month,mailed_check,fiber,0
C007821,37,47.74,1764.74,2,0,40,month-to-month,mailed_check,fiber,0
C000092,61,54.37,3335.6,1,1,45,one-year,credit_card,dsl,0
C009420,34,112.25,3766.58,2,3,88,month-to-month,bank_transfer,dsl,1
C006599,2,28.93,15.42,3,0,37,one-year,mailed_check,fiber,0
C004442,50,90.55,4464.29,2,0,29,one-year,electronic_check,dsl,0
C007601,2,111.2,236.36,5,1,17,two-year,credit_card,none,0
C003834,11,59.01,601.58,5,1,53,month-to-month,bank_transfer,fiber,0
C009701,15,85.66,1274.97,2,1,52,two-year,electronic_check,none,0
C004321,33,48.25,1595.55,4,0,1,two-year,credit_card,dsl,0
C003393,14,90.14,1207.78,5,0,32,month-to-month,electronic_check,dsl,0
C004751,11,109.17,1092.89,3,0,33,one-year,mailed_check,fiber,1
C007228,66,107.58,7067.35,5,0,28,two-year,bank_transfer,dsl,0
C009190,10,25.86,340.33,4,0,7,two-year,mailed_check,none,0
C002360,47,67.91,3153.45,2,0,22,one-year,credit_card,none,0
C001147,56,52.64,2997.6,5,0,54,month-to-month,credit_card,none,0
C005665,34,82.31,2760.34,4,1,70,two-year,mailed_check,dsl,0
C008074,60,21.65,1281.92,1,1,62,month-to-month,credit_card,fiber,0
C004942,61,98.64,6036.53,3,0,24,one-year,bank_transfer,none,0
C003662,70,119.21,8339.31,1,0,23,one-year,mailed_check,dsl,0
C001562,18,31.81,633.48,5,0,32,two-year,mailed_check,fiber,0
C004112,11,69.77,781.06,5,2,64,month-to-month,bank_transfer,fiber,0
C009049,53,24.72,1338.25,1,1,53,two-year,electronic_check,none,0
C009275,50,91.69,4618.84,1,0,35,one-year,mailed_check,dsl,0
C008537,58,110.25,6431.37,5,2,33,two-year,electronic_check,fiber,0
C000794,32,97.19,3126.35,4,0,74,month-to-month,credit_card,fiber,1
C005853,50,92.46,4630.02,5,1,29,month-to-month,credit_card,dsl,0
C007618,19,47.55,892.59,2,0,67,two-year,bank_transfer,dsl,0
C001593,2,100.33,191.13,4,0,79,two-year,mailed_check,fiber,1
C007417,32,20.26,666.09,2,1,19,month-to-month,bank_transfer,dsl,0
C005266,40,67.31,2666.89,5,0,79,one-year,electronic_check,fiber,0
C007146,65,60.89,3977.5,3,0,10,month-to-month,bank_transfer,fiber,0
C000088,56,113.74,6439.29,3,0,13,month-to-month,bank_transfer,none,0
C008694,33,39.03,1189.41,1,0,84,one-year,credit_card,dsl,0
C009731,9,41.77,268.77,4,0,7,month-to-month,electronic_check,fiber,0
C009445,20,53.68,1119.62,4,0,79,one-year,credit_card,none,0
C006753,1,76.73,86.83,5,0,87,two-year,bank_transfer,none,0
C003501,47,97.76,4633.84,4,0,11,month-to-month,credit_card,dsl,0
C002233,10,57.39,474.78,3,1,52,two-year,bank_transfer,fiber,0
C002802,72,55.42,3957.03,5,0,52,month-to-month,mailed_check,fiber,0
C004423,33,40.33,1322.09,2,0,34,month-to-month,bank_transfer,dsl,0
C005662,62,119.23,7372.27,1,0,83,month-to-month,credit_card,dsl,0
C007169,66,81.25,5342.36,2,0,38,one-year,bank_transfer,fiber,0
C008336,29,31.31,840.22,4,0,6,one-year,credit_card,fiber,0
C002147,68,96.38,6450.5,3,1,44,month-to-month,mailed_check,dsl,0
C007968,1,25.61,23.75,5,1,61,two-year,credit_card,none,0
C006550,40,33.36,1267.34,2,0,83,month-to-month,mailed_check,fiber,0
C007642,31,52.38,1709.17,1,1,47,two-year,bank_transfer,dsl,0
C006163,9,113.14,1014.2,3,0,10,month-to-month,credit_card,dsl,0
C001494,30,104.79,3070.99,3,0,13,month-to-month,bank_transfer,fiber,0
C007695,51,100.68,5167.51,5,0,38,one-year,electronic_check,dsl,0
C007093,35,59.21,2152.34,4,0,16,one-year,mailed_check,fiber,0
C001408,1,84.91,42.39,1,0,36,one-year,credit_card,fiber,0
C006690,33,40.27,1331.09,2,0,42,two-year,electronic_check,none,0
C003400,59,70.38,4161.39,2,0,66,two-year,credit_card,dsl,0
C000108,34,71.0,2362.85,3,0,57,two-year,mailed_check,fiber,0
C005635,43,27.22,1123.36,3,0,23,month-to-month,bank_transfer,fiber,0
C008481,57,36.31,2119.16,1,1,26,two-year,electronic_check,fiber,0
C006603,23,119.36,2737.15,3,0,52,one-year,mailed_check,fiber,1
C001090,37,26.64,990.93,5,0,72,one-year,mailed_check,none,0
C005559,10,104.29,1092.51,1,0,64,one-year,bank_transfer,none,0
C009411,22,20.13,435.7,3,0,22,month-to-month,bank_transfer,fiber,0
C008142,30,38.36,1151.23,5,0,23,month-to-month,credit_card,dsl,0
C008663,68,61.23,4179.93,5,1,70,one-year,electronic_check,fiber,0
C006595,36,47.38,1660.09,3,0,74,one-year,bank_transfer,dsl,0
C000623,31,81.46,2444.46,1,0,24,month-to-month,credit_card,dsl,0
C006870,11,23.87,310.16,1,0,65,month-to-month,electronic_check,none,0
C004813,41,25.55,1044.14,3,0,46,month-to-month,mailed_check,dsl,0
C006552,13,77.64,988.54,4,3,82,month-to-month,bank_transfer,dsl,0
C007529,5,36.32,242.37,1,1,88,month-to-month,mailed_check,none,1
C005795,15,75.92,1122.54,1,1,55,month-to-month,credit_card,dsl,0
C007436,59,29.67,1726.41,4,0,37,one-year,credit_card,none,0
C004217,25,119.28,2915.64,3,1,54,month-to-month,credit_card,fiber,0
C005940,19,85.97,1695.65,2,1,82,month-to-month,mailed_check,dsl,0
C008500,20,102.92,2114.45,2,0,85,two-year,mailed_check,dsl,0
C006428,49,27.41,1289.21,1,1,83,one-year,electronic_check,fiber,0
C006826,39,67.0,2594.73,1,1,81,month-to-month,mailed_check,none,0
C004130,1,29.36,0.0,5,0,87,one-year,electronic_check,none,0
C007801,11,85.51,969.07,1,0,65,month-to-month,credit_card,none,0
C007753,1,34.81,19.23,5,0,15,one-year,electronic_check,dsl,0
C004721,60,118.82,7167.79,3,0,73,month-to-month,credit_card,none,0
C001650,14,86.07,1152.99,4,0,63,month-to-month,credit_card,dsl,0
C004140,53,63.54,3426.06,5,0,8,one-year,mailed_check,dsl,0
C001617,37,105.16,3966.97,1,0,55,month-to-month,electronic_check,fiber,0
C002029,25,109.97,2699.9,1,0,65,month-to-month,mailed_check,fiber,1
C008517,69,30.28,2061.13,2,2,52,month-to-month,electronic_check,fiber,0
C004575,56,75.51,4282.39,3,0,51,two-year,credit_card,fiber,0
C003992,11,34.13,323.97,2,0,24,one-year,credit_card,none,0
C007376,44,27.75,1194.04,1,0,75,one-year,electronic_check,fiber,0
C006149,63,89.07,5588.45,3,1,5,month-to-month,mailed_check,none,0
C004908,58,51.89,3118.73,1,0,71,month-to-month,electronic_check,fiber,0
C005026,19,112.57,2132.22,2,1,85,one-year,mailed_check,dsl,1
C008260,46,56.12,2701.61,3,1,1,month-to-month,bank_transfer,fiber,0
C004731,50,57.68,2905.96,4,0,38,two-year,credit_card,fiber,0
C007548,34,28.15,1011.88,5,0,42,month-to-month,mailed_check,dsl,0
C008134,54,31.63,1709.14,4,0,86,month-to-month,electronic_check,fiber,0
C001606,11,106.6,1146.97,5,0,27,month-to-month,credit_card,none,0
C004773,72,74.46,5329.88,5,0,30,one-year,electronic_check,fiber,0
C008109,60,32.69,1946.93,5,1,42,one-year,electronic_check,none,0
C006951,32,64.32,2043.1,1,0,36,month-to-month,mailed_check,dsl,0
C006004,34,94.22,3234.55,4,1,44,one-year,bank_transfer,fiber,1
C007728,16,63.61,1084.98,5,0,23,one-year,credit_card,none,0
C003541,42,20.75,844.92,3,1,56,two-year,bank_transfer,fiber,0
C000388,65,65.55,4206.45,3,0,22,one-year,electronic_check,dsl,0
C001794,35,83.18,2931.89,5,0,5,two-year,bank_transfer,fiber,0
C008731,9,62.13,578.57,1,0,28,one-year,mailed_check,fiber,0
C004919,38,109.13,4071.18,3,0,49,one-year,mailed_check,fiber,0
C005537,61,97.55,5953.1,3,0,79,month-to-month,mailed_check,fiber,0
C003872,63,21.63,1313.63,5,0,52,one-year,bank_transfer,dsl,0
C008868,54,33.54,1804.04,3,1,87,one-year,bank_transfer,fiber,0
C002254,22,73.77,1705.25,3,0,13,two-year,bank_transfer,fiber,0
C003412,16,83.7,1337.53,2,0,56,month-to-month,credit_card,fiber,1
C005459,65,82.59,5402.86,1,0,40,month-to-month,credit_card,dsl,0
C004955,14,67.66,965.38,2,0,8,one-year,electronic_check,fiber,0
C007396,35,42.35,1513.28,5,1,76,one-year,bank_transfer,dsl,0
C005414,23,50.97,1245.9,2,0,72,month-to-month,credit_card,fiber,0
C007399,31,79.2,2400.33,2,0,22,month-to-month,mailed_check,dsl,0
C007414,18,83.02,1502.41,2,0,18,month-to-month,bank_transfer,none,0
C009100,16,29.24,440.6,1,0,66,month-to-month,credit_card,none,0
C004851,53,89.82,4738.27,3,0,43,month-to-month,mailed_check,fiber,0
C002025,35,72.22,2553.39,1,0,81,month-to-month,bank_transfer,fiber,0
C002615,49,100.89,4957.68,4,0,52,one-year,electronic_check,fiber,0
C007388,18,95.08,1693.68,5,0,6,two-year,electronic_check,none,0
C002926,45,38.5,1745.76,1,0,68,one-year,mailed_check,fiber,0
C001121,7,56.44,457.4,1,0,66,month-to-month,mailed_check,fiber,0
C002910,9,118.48,1071.32,1,0,7,month-to-month,bank_transfer,fiber,0
C008146,72,116.39,8360.32,1,0,64,one-year,bank_transfer,dsl,0
C007383,44,52.3,2319.89,4,0,50,two-year,credit_card,fiber,0
C003482,58,102.7,5967.68,4,0,81,two-year,electronic_check,none,0
C000795,22,82.55,1801.23,4,0,15,month-to-month,credit_card,none,0
C001575,23,82.48,1975.79,2,0,38,month-to-month,credit_card,fiber,0
C006176,54,62.54,3344.11,1,0,40,month-to-month,bank_transfer,dsl,0
C006266,50,76.12,3783.95,2,0,61,one-year,bank_transfer,fiber,0
C002458,35,31.35,1153.56,5,1,37,month-to-month,electronic_check,dsl,0
C003312,67,23.11,1539.7,2,0,51,month-to-month,bank_transfer,dsl,0
C001253,58,55.7,3182.56,2,0,30,month-to-month,bank_transfer,fiber,0
C006834,5,46.69,266.57,5,0,55,one-year,mailed_check,dsl,0
C008794,32,44.88,1360.93,4,0,1,month-to-month,electronic_check,dsl,0
C003837,44,93.12,4142.32,1,0,19,one-year,bank_transfer,none,0
C004398,6,98.42,527.38,2,0,60,month-to-month,bank_transfer,none,0
C003595,21,97.28,1997.83,3,0,27,two-year,mailed_check,fiber,0
C006621,68,54.55,3764.88,3,0,17,month-to-month,credit_card,dsl,0
C008382,30,42.15,1230.54,5,0,57,month-to-month,bank_transfer,none,0
C002124,54,49.08,2687.19,1,1,8,month-to-month,electronic_check,fiber,0
C003238,64,86.84,5581.77,3,0,86,one-year,electronic_check,fiber,0
C005403,39,78.47,3116.32,3,0,9,two-year,electronic_check,none,0
C005998,55,74.3,4054.81,5,0,63,month-to-month,electronic_check,dsl,0
C005938,72,57.69,4137.35,5,1,12,month-to-month,bank_transfer,dsl,0
C002045,72,116.23,8382.65,3,0,19,two-year,electronic_check,fiber,0
C001578,9,116.89,1117.99,5,0,37,month-to-month,electronic_check,fiber,0
C000014,52,39.7,2025.92,1,1,35,month-to-month,bank_transfer,fiber,0
C002673,14,60.16,856.79,5,0,68,month-to-month,electronic_check,none,0
C007016,45,119.9,5374.58,3,1,8,two-year,bank_transfer,none,0
C008720,52,72.5,3784.19,1,0,58,two-year,bank_transfer,dsl,0
C008849,43,44.49,1913.4,3,0,52,two-year,credit_card,none,0
C004812,38,82.96,3199.04,4,0,16,one-year,credit_card,dsl,0
C001084,15,29.58,427.24,2,0,52,month-to-month,electronic_check,dsl,0
C004983,29,79.84,2355.99,2,1,33,month-to-month,bank_transfer,fiber,1
C007155,19,30.39,460.01,5,0,11,month-to-month,credit_card,dsl,0
C002884,26,25.98,700.86,3,0,13,month-to-month,credit_card,dsl,0
C000333,60,36.08,2133.5,2,0,63,one-year,bank_transfer,fiber,0
C007204,1,71.97,69.47,4,0,29,month-to-month,credit_card,fiber,0
C004367,11,101.66,1168.31,5,0,44,month-to-month,electronic_check,fiber,0
C003079,33,118.91,3929.36,3,2,65,one-year,electronic_check,dsl,0
C007203,10,110.76,1058.45,3,0,85,two-year,electronic_check,fiber,1
C009909,17,84.25,1450.31,1,0,17,month-to-month,credit_card,fiber,0
C008864,58,35.72,2009.07,3,0,24,one-year,bank_transfer,dsl,0
C000263,67,108.57,7329.86,3,0,33,month-to-month,bank_transfer,none,0
C004337,24,74.83,1807.93,5,0,17,month-to-month,bank_transfer,fiber,0
C008895,36,95.44,3404.6,1,0,63,two-year,electronic_check,none,0
C008447,12,32.65,472.34,3,0,14,one-year,electronic_check,fiber,0
C005903,56,67.7,3732.56,3,0,6,month-to-month,electronic_check,fiber,0
C001498,34,57.41,2004.15,2,0,68,two-year,mailed_check,fiber,0
C004190,31,66.41,2045.45,5,0,49,month-to-month,mailed_check,fiber,0
C007485,62,85.35,5332.95,1,0,34,month-to-month,credit_card,fiber,0
C009643,20,92.13,1900.57,1,1,52,two-year,bank_transfer,fiber,0
C008310,4,77.36,340.66,4,0,3,month-to-month,electronic_check,fiber,0
C007590,9,84.03,728.31,3,0,41,one-year,bank_transfer,none,0
C000500,9,37.12,284.87,4,0,74,one-year,electronic_check,fiber,0
C009155,6,98.03,600.25,2,1,53,two-year,mailed_check,dsl,0
C009414,37,28.4,1035.01,2,0,30,month-to-month,mailed_check,fiber,0
C003095,55,105.9,5841.52,4,0,2,month-to-month,electronic_check,fiber,0
C004631,21,116.87,2377.04,1,0,33,month-to-month,bank_transfer,dsl,0
C000367,23,98.41,2283.81,2,0,50,month-to-month,bank_transfer,fiber,0
C004058,15,23.33,288.58,1,0,63,one-year,credit_card,none,0
C008174,2,32.91,34.01,2,0,21,month-to-month,bank_transfer,none,0
C004630,11,98.9,1022.8,1,1,12,one-year,bank_transfer,fiber,0
C006070,10,116.41,1148.17,3,1,89,two-year,electronic_check,fiber,0
C002664,16,34.54,516.72,1,1,59,two-year,mailed_check,dsl,0
C001026,6,35.17,250.28,2,0,55,month-to-month,credit_card,dsl,0
C005908,58,100.95,5918.5,4,0,60,month-to-month,bank_transfer,fiber,0
C005050,32,20.13,602.16,5,0,64,month-to-month,bank_transfer,fiber,0
C006328,6,103.0,647.06,3,0,47,one-year,credit_card,fiber,0
C009733,22,94.13,2028.98,1,1,14,one-year,electronic_check,dsl,1
C001691,65,25.88,1764.51,5,0,27,month-to-month,bank_transfer,none,0
C000673,7,74.91,488.55,4,1,66,one-year,electronic_check,fiber,0
C005572,18,62.33,1138.35,2,0,5,month-to-month,electronic_check,dsl,0
C005766,23,44.91,990.05,2,0,65,month-to-month,electronic_check,fiber,1
C005156,67,68.77,4570.38,2,1,63,one-year,electronic_check,none,0
C000733,56,109.57,6127.65,5,1,18,one-year,mailed_check,fiber,0
C003526,10,102.09,1060.68,4,0,40,month-to-month,electronic_check,fiber,0
C000568,47,39.41,1852.29,2,0,18,month-to-month,mailed_check,fiber,0
C009187,15,63.71,1122.02,2,1,35,month-to-month,mailed_check,dsl,0
C002922,9,101.37,947.61,1,0,39,one-year,credit_card,dsl,1
C007911,43,48.58,2065.33,4,0,12,month-to-month,credit_card,fiber,0
C001558,72,107.54,7627.86,5,0,70,month-to-month,electronic_check,fiber,0
C000101,15,49.46,758.21,5,1,72,two-year,mailed_check,dsl,0
C003007,31,101.53,3136.35,5,0,63,two-year,credit_card,none,0
C007201,21,95.14,2057.07,1,1,87,one-year,electronic_check,fiber,1
C000303,65,53.54,3447.32,3,0,19,month-to-month,credit_card,fiber,0
C000076,24,68.8,1652.0,3,0,88,month-to-month,bank_transfer,dsl,1
C006754,48,86.88,4162.37,3,0,37,month-to-month,mailed_check,fiber,0
C008629,1,65.7,86.56,3,0,89,two-year,bank_transfer,fiber,0
C001208,21,23.14,342.78,3,0,43,month-to-month,electronic_check,fiber,0
C007742,61,40.56,2487.33,3,0,38,one-year,mailed_check,none,0
C008214,4,102.86,392.25,1,2,89,month-to-month,electronic_check,fiber,1
C008944,2,25.82,29.69,5,1,80,one-year,credit_card,fiber,0
C008413,14,47.31,654.03,5,0,67,month-to-month,mailed_check,dsl,0
C001775,10,58.52,585.12,1,0,39,two-year,mailed_check,none,0
C003473,64,22.56,1450.33,3,1,29,two-year,mailed_check,fiber,0
C000483,58,56.62,3316.41,1,0,13,one-year,bank_transfer,fiber,0
C002189,43,85.88,3573.5,4,0,25,month-to-month,electronic_check,dsl,0
C000346,72,92.34,6617.59,2,0,67,month-to-month,credit_card,fiber,0
C005481,7,25.17,187.42,4,1,69,month-to-month,mailed_check,dsl,0
C008361,53,22.38,1209.52,4,0,13,month-to-month,credit_card,dsl,0
C001472,33,119.18,3948.81,1,0,37,month-to-month,mailed_check,dsl,1
C005100,40,117.5,4692.11,3,0,51,month-to-month,mailed_check,none,0
C006765,67,26.83,1766.38,4,0,12,month-to-month,credit_card,none,0
C008706,43,26.16,1099.23,5,0,65,two-year,credit_card,fiber,0
C004929,16,70.85,1163.39,5,0,7,month-to-month,mailed_check,dsl,0
C006329,44,116.18,5101.89,2,0,25,one-year,bank_transfer,fiber,0
C002609,60,109.66,6621.83,1,0,33,one-year,electronic_check,fiber,0
C000003,32,36.66,1111.74,1,0,60,one-year,mailed_check,fiber,0
C002213,9,80.14,754.74,1,0,85,one-year,bank_transfer,dsl,0
C004827,39,69.62,2754.53,1,0,57,month-to-month,bank_transfer,dsl,0
C000856,18,78.14,1432.78,3,1,72,two-year,electronic_check,fiber,0
C006977,16,66.87,1133.7,4,0,63,month-to-month,mailed_check,dsl,0
C005885,59,42.98,2550.99,5,2,80,month-to-month,mailed_check,none,0
C000624,44,21.04,926.97,3,1,53,two-year,electronic_check,dsl,0
C000290,59,53.21,3114.68,5,0,51,one-year,credit_card,none,0
C002018,52,22.69,1163.13,2,0,84,month-to-month,mailed_check,dsl,0
C000668,67,85.72,5684.68,2,0,78,month-to-month,electronic_check,fiber,0
C008921,31,70.7,2251.94,4,1,7,one-year,electronic_check,fiber,0
C008264,4,39.84,146.03,3,1,0,two-year,mailed_check,fiber,0
C009696,31,38.14,1162.67,2,0,31,two-year,mailed_check,fiber,0
C001631,65,26.05,1794.14,2,0,42,one-year,electronic_check,fiber,0
C005170,44,70.37,3094.81,5,0,41,month-to-month,mailed_check,fiber,0
C007205,37,83.34,3047.34,3,0,39,two-year,credit_card,fiber,0
C002522,16,66.21,1119.37,1,0,86,month-to-month,credit_card,dsl,0
C002215,29,26.83,800.17,5,0,47,month-to-month,bank_transfer,dsl,0
C006968,40,71.83,2926.13,4,0,53,month-to-month,credit_card,none,0
C006496,45,21.59,955.99,4,0,49,month-to-month,electronic_check,fiber,0
C006213,24,27.97,627.98,2,0,71,month-to-month,credit_card,fiber,0
C007032,66,97.0,6424.1,5,0,61,month-to-month,credit_card,none,0
C007420,52,49.52,2620.05,5,1,30,month-to-month,electronic_check,fiber,0
C001107,66,32.93,2271.2,5,0,53,one-year,bank_transfer,fiber,0
C000450,70,20.59,1445.79,3,1,16,month-to-month,bank_transfer,fiber,0
C006289,60,42.86,2478.11,1,0,65,month-to-month,credit_card,none,0
C009966,58,97.3,5722.38,1,0,32,one-year,electronic_check,none,0
C000135,22,70.0,1520.21,3,0,50,one-year,electronic_check,fiber,0
C001785,18,70.5,1260.04,5,0,54,month-to-month,credit_card,dsl,0
C003404,29,113.24,3264.28,4,0,6,month-to-month,credit_card,fiber,0
C002906,45,81.88,3685.65,2,1,9,month-to-month,credit_card,dsl,0
C008304,24,82.02,1913.56,5,0,22,month-to-month,mailed_check,fiber,0
C007492,15,68.75,1023.2,4,0,52,one-year,electronic_check,fiber,0
C006100,15,105.91,1644.11,2,1,55,month-to-month,credit_card,none,0
C004504,2,77.93,226.21,1,0,70,month-to-month,bank_transfer,none,0
C005053,66,61.26,4007.86,4,0,60,month-to-month,bank_transfer,none,0
C005205,33,76.84,2577.89,1,0,24,month-to-month,electronic_check,dsl,0
C004080,66,66.67,4286.48,3,1,0,one-year,bank_transfer,dsl,0
C006918,6,118.33,669.68,2,0,66,one-year,bank_transfer,fiber,1
C006802,38,90.27,3320.38,5,0,82,two-year,credit_card,fiber,0
C005206,51,71.15,3614.94,1,1,15,one-year,electronic_check,fiber,0
C000532,12,71.88,815.04,2,2,56,two-year,credit_card,fiber,0
C004830,26,99.42,2620.25,5,0,12,month-to-month,bank_transfer,dsl,0
C004038,23,56.05,1252.99,4,0,33,one-year,mailed_check,none,0
C004084,37,22.46,808.47,3,0,9,month-to-month,mailed_check,dsl,0
C003204,22,50.03,1087.48,2,0,58,two-year,bank_transfer,dsl,0
C007110,3,65.46,228.96,2,0,46,month-to-month,mailed_check,dsl,1
C000330,40,96.58,3842.92,2,2,83,month-to-month,mailed_check,fiber,0
C004957,27,33.43,814.3,5,0,38,two-year,electronic_check,dsl,0
C003033,8,51.93,346.08,2,1,33,month-to-month,electronic_check,dsl,0
C007684,38,31.93,1142.79,2,0,34,month-to-month,mailed_check,none,0
C001597,53,46.74,2523.26,2,0,22,one-year,bank_transfer,fiber,0
C009919,52,66.69,3509.31,4,0,72,month-to-month,credit_card,fiber,0
C003597,40,84.94,3337.89,1,0,14,one-year,mailed_check,fiber,0
C009038,71,104.53,7419.61,3,0,27,one-year,credit_card,fiber,0
C008001,52,90.4,4701.77,2,1,3,month-to-month,mailed_check,dsl,0
C000590,58,62.67,3643.39,2,0,39,one-year,bank_transfer,dsl,0
C000647,39,28.13,1156.61,3,0,66,month-to-month,bank_transfer,fiber,0
C009102,35,110.63,3893.51,4,2,80,month-to-month,mailed_check,dsl,0
C008015,11,37.69,407.93,1,0,40,month-to-month,electronic_check,dsl,0
C003771,24,116.85,2831.28,5,0,0,two-year,bank_transfer,dsl,0
C009039,18,51.11,942.05,2,1,27,month-to-month,electronic_check,fiber,0
C005082,1,33.23,0.0,1,0,52,month-to-month,credit_card,dsl,0
C007882,67,51.87,3531.85,4,2,88,one-year,mailed_check,fiber,0
C009362,68,116.78,7989.52,2,0,33,month-to-month,mailed_check,fiber,0
C004210,11,114.55,1288.73,3,0,63,month-to-month,electronic_check,none,1
C008834,68,93.8,6384.39,1,0,83,month-to-month,credit_card,dsl,0
C008699,60,26.12,1572.36,5,0,42,month-to-month,electronic_check,fiber,0
C001795,15,75.55,1095.61,2,0,46,two-year,bank_transfer,fiber,0
C002586,27,34.57,922.94,4,1,47,month-to-month,bank_transfer,fiber,0
C008355,71,75.64,5362.45,3,0,40,month-to-month,bank_transfer,fiber,0
C002316,7,106.94,704.0,2,0,6,month-to-month,electronic_check,dsl,0
C004185,42,118.5,4984.14,4,1,6,month-to-month,electronic_check,fiber,0
C008827,11,85.87,1028.65,4,0,34,one-year,bank_transfer,none,0
C007072,44,56.53,2494.24,2,0,77,month-to-month,electronic_check,fiber,0
C005234,28,98.14,2773.02,1,0,88,month-to-month,bank_transfer,none,0
C008743,9,91.31,766.3,5,1,56,month-to-month,credit_card,dsl,0
C008670,49,107.6,5240.19,3,0,3,two-year,electronic_check,none,0
C004768,9,89.34,874.99,5,1,6,month-to-month,credit_card,fiber,0
C009972,44,63.22,2715.37,1,0,75,month-to-month,bank_transfer,dsl,1
C007144,17,58.81,1042.41,4,0,71,two-year,mailed_check,fiber,0
C002913,17,107.34,1902.36,2,0,44,month-to-month,electronic_check,none,1
C009871,12,113.54,1410.79,3,0,66,one-year,mailed_check,dsl,1
C009893,43,104.6,4439.41,5,0,19,two-year,bank_transfer,fiber,0
C002075,30,66.18,2065.81,2,0,78,one-year,mailed_check,dsl,0
C004302,10,44.49,364.41,1,0,44,two-year,electronic_check,dsl,0
C005822,63,38.31,2444.87,3,2,29,month-to-month,mailed_check,none,0
C002149,62,80.09,4984.1,2,0,49,two-year,mailed_check,fiber,0
C000144,72,53.12,3787.21,4,0,21,one-year,credit_card,fiber,0
C004963,17,117.65,1981.42,4,1,64,month-to-month,bank_transfer,none,1
C008159,33,23.44,775.83,5,1,47,month-to-month,credit_card,none,0
C009030,17,59.1,1040.03,5,0,30,month-to-month,electronic_check,none,0
C004775,4,30.76,151.65,2,0,41,one-year,mailed_check,dsl,0
C008933,12,67.74,776.61,3,0,46,two-year,credit_card,fiber,0
C007749,72,53.99,3924.58,1,1,69,month-to-month,electronic_check,none,0
C009828,63,64.08,4135.48,1,2,12,two-year,credit_card,dsl,0
C009214,65,52.41,3519.42,2,2,3,two-year,credit_card,fiber,0
C006060,34,61.46,2069.05,2,2,45,one-year,bank_transfer,fiber,0
C009475,4,99.72,374.82,3,0,14,one-year,bank_transfer,dsl,0
C006409,67,38.8,2685.28,1,0,74,one-year,electronic_check,none,0
C003317,29,107.03,3221.78,3,0,55,two-year,bank_transfer,dsl,0
C007464,33,104.3,3355.37,4,0,31,month-to-month,electronic_check,fiber,0
C003061,23,43.3,945.07,3,0,88,two-year,bank_transfer,none,0
C001355,36,69.99,2409.51,5,1,49,month-to-month,electronic_check,dsl,0
C004514,66,37.59,2521.46,2,0,88,month-to-month,electronic_check,dsl,0
C005505,61,95.6,5793.67,1,0,9,one-year,electronic_check,none,0
C005250,11,99.02,1054.33,4,0,85,month-to-month,electronic_check,dsl,0
C004511,38,63.63,2468.78,3,0,69,month-to-month,mailed_check,dsl,0
C001730,57,100.62,5811.61,4,0,49,two-year,mailed_check,fiber,0
C001758,42,61.37,2612.69,3,0,5,month-to-month,bank_transfer,dsl,0
C006650,15,62.19,1032.98,4,1,78,month-to-month,credit_card,dsl,0
C006646,11,78.29,853.09,5,0,69,one-year,credit_card,none,0
C009860,39,43.78,1663.98,4,0,54,one-year,mailed_check,fiber,0
C004139,37,34.58,1305.24,3,1,17,one-year,mailed_check,fiber,0
C009393,29,109.34,3154.33,4,0,67,one-year,electronic_check,fiber,0
C005123,49,32.67,1558.04,2,0,22,month-to-month,bank_transfer,none,0
C000000,7,41.81,364.09,5,0,66,month-to-month,electronic_check,fiber,0
C001864,61,72.84,4436.98,3,0,2,month-to-month,bank_transfer,none,0
C000543,13,79.99,1110.18,1,0,11,one-year,mailed_check,dsl,0
C000349,12,40.38,449.89,5,0,19,one-year,mailed_check,fiber,0
C006906,3,81.78,308.54,4,0,40,month-to-month,mailed_check,dsl,0
C009765,44,100.36,4405.28,5,0,70,month-to-month,electronic_check,fiber,0
C002523,29,36.69,1104.1,3,0,39,month-to-month,credit_card,dsl,0
C003464,26,85.32,2172.46,4,0,75,one-year,credit_card,none,0
C000457,46,84.59,3887.55,2,0,69,month-to-month,bank_transfer,dsl,0
C003023,15,61.32,988.23,2,0,38,month-to-month,mailed_check,none,0
C007261,8,66.88,503.07,2,2,35,two-year,bank_transfer,dsl,0
C009515,72,80.76,5834.81,3,0,17,month-to-month,electronic_check,fiber,0
C007872,33,22.43,743.84,5,0,38,month-to-month,credit_card,dsl,0
C006625,40,50.12,2028.93,4,0,89,month-to-month,mailed_check,fiber,0
C002534,58,53.36,3065.36,3,0,89,two-year,credit_card,dsl,0
C000131,40,37.52,1501.11,5,0,7,one-year,bank_transfer,fiber,0
C003704,69,67.79,4737.03,2,0,26,month-to-month,mailed_check,fiber,0
C001372,33,117.33,3850.52,4,0,64,month-to-month,credit_card,fiber,0
C006200,68,93.55,6283.83,4,0,65,two-year,credit_card,dsl,0
C004856,61,85.91,5169.12,1,0,35,two-year,electronic_check,none,0
C004712,64,105.95,6732.61,5,1,35,two-year,bank_transfer,fiber,1
C005544,16,44.31,716.94,4,0,6,month-to-month,electronic_check,dsl,0
C001413,58,114.68,6732.11,2,0,33,two-year,bank_transfer,none,0
C004113,71,67.45,4809.81,1,0,56,month-to-month,credit_card,fiber,0
C000655,39,40.29,1545.11,2,0,41,two-year,mailed_check,dsl,0
C008137,66,40.84,2690.32,2,0,87,month-to-month,electronic_check,dsl,0
C004098,58,75.66,4411.11,5,0,58,month-to-month,mailed_check,fiber,0
C000592,18,78.46,1369.94,3,1,44,one-year,credit_card,none,0
C008708,36,114.38,4121.27,2,2,5,month-to-month,credit_card,fiber,1
C003123,45,39.54,1791.4,3,0,19,one-year,bank_transfer,dsl,0
C003047,55,117.8,6525.43,4,0,79,two-year,credit_card,dsl,0
C003887,13,79.85,1073.19,4,2,58,month-to-month,mailed_check,none,1
C005735,41,66.35,2800.14,2,0,66,month-to-month,credit_card,dsl,0
C002184,46,26.73,1159.81,3,1,17,one-year,credit_card,none,0
C002145,32,92.4,2989.2,1,0,0,one-year,electronic_check,fiber,0
C007047,28,58.25,1647.11,3,0,38,two-year,credit_card,none,0
C003105,22,22.61,606.16,4,1,22,month-to-month,mailed_check,dsl,0
C009233,10,40.17,355.2,5,0,13,two-year,electronic_check,fiber,0
C009096,10,99.35,1027.07,2,1,70,month-to-month,mailed_check,fiber,0
C002769,70,89.14,6261.67,2,0,31,month-to-month,mailed_check,fiber,0
C005221,64,91.77,5888.68,5,0,34,one-year,mailed_check,dsl,0
C005833,18,88.44,1592.34,4,0,76,month-to-month,bank_transfer,fiber,0
C001732,51,105.41,5415.08,4,0,83,month-to-month,credit_card,dsl,0
C000265,42,24.97,1002.23,1,0,8,one-year,bank_transfer,none,0
C005144,47,71.86,3399.17,1,0,17,one-year,mailed_check,dsl,0
C008267,37,63.34,2317.02,3,0,49,month-to-month,electronic_check,fiber,0
C003937,35,21.78,763.58,4,0,28,month-to-month,mailed_check,fiber,0
C000761,40,111.09,4512.34,3,0,32,month-to-month,mailed_check,dsl,0
C007220,26,92.14,2391.1,2,1,75,month-to-month,credit_card,fiber,1
C008439,50,31.8,1534.64,5,0,63,month-to-month,credit_card,fiber,0
C003257,15,44.95,684.58,3,0,45,two-year,electronic_check,fiber,0
C004338,54,77.86,4202.22,2,0,12,month-to-month,mailed_check,fiber,0
C004362,36,83.06,2947.04,3,1,45,two-year,bank_transfer,fiber,1
C000316,53,24.0,1264.29,5,1,76,two-year,bank_transfer,fiber,0
C008069,9,82.54,677.32,2,1,24,one-year,mailed_check,none,0
C001851,19,57.09,1188.51,3,1,0,one-year,bank_transfer,fiber,0
C002484,25,49.36,1226.22,1,1,41,two-year,credit_card,fiber,0
C009873,27,77.64,2147.44,3,0,18,one-year,bank_transfer,none,0
C009574,52,68.49,3509.35,1,1,67,two-year,credit_card,fiber,0
C001078,31,26.87,896.72,5,0,59,month-to-month,bank_transfer,none,0
C008358,49,61.9,3110.44,4,0,27,one-year,credit_card,fiber,0
C007333,16,50.13,720.57,4,0,85,two-year,electronic_check,dsl,0
C001071,16,25.03,366.71,1,1,88,month-to-month,bank_transfer,dsl,0
C000103,1,81.44,101.85,3,0,34,one-year,electronic_check,fiber,0
C005748,67,62.48,4084.6,1,0,4,month-to-month,mailed_check,dsl,0
C001418,62,107.8,6623.67,5,0,34,one-year,electronic_check,fiber,0
C001658,61,98.8,5981.44,2,0,38,month-to-month,bank_transfer,fiber,0
C005284,72,39.95,2956.11,3,1,26,two-year,electronic_check,fiber,0
C001149,62,93.32,5746.31,1,0,48,month-to-month,electronic_check,fiber,0
C007150,44,23.66,1131.3,5,0,56,one-year,electronic_check,fiber,0
C001568,66,81.66,5287.19,1,1,67,month-to-month,bank_transfer,dsl,0
C001087,72,44.15,3096.22,1,0,46,two-year,electronic_check,fiber,0
C006085,56,119.87,6654.72,5,0,70,month-to-month,mailed_check,none,0
C008674,69,75.05,5181.22,1,0,9,two-year,credit_card,fiber,0
C008341,70,29.65,2101.3,2,2,13,month-to-month,credit_card,none,0
C007811,49,86.3,4152.43,5,1,35,one-year,bank_transfer,fiber,0
C006084,49,51.13,2563.81,4,1,41,two-year,bank_transfer,none,0
C008773,22,72.28,1503.51,4,1,72,month-to-month,electronic_check,dsl,0
C008757,65,62.59,4093.32,3,0,51,two-year,credit_card,dsl,0
C001692,48,109.24,5269.55,2,0,77,one-year,credit_card,dsl,0
C004734,60,27.7,1596.89,1,0,38,two-year,mailed_check,fiber,0
C003387,54,78.27,4172.68,4,1,80,month-to-month,credit_card,fiber,0
C003646,47,88.48,4209.68,1,0,46,two-year,mailed_check,dsl,1
C001683,58,102.45,5947.59,3,0,6,one-year,mailed_check,dsl,0
C000008,15,90.19,1331.32,1,0,43,month-to-month,bank_transfer,none,0
C006062,28,43.03,1184.61,3,0,86,month-to-month,mailed_check,none,0
C006516,20,118.61,2267.07,3,0,26,month-to-month,mailed_check,fiber,1
C004123,20,54.87,998.27,4,0,65,two-year,bank_transfer,fiber,0
C008729,54,110.51,5975.92,5,1,19,one-year,credit_card,none,0
C006045,35,100.48,3465.21,2,0,31,month-to-month,bank_transfer,dsl,0
C000567,18,35.62,689.75,1,0,86,two-year,electronic_check,dsl,0
C009161,49,82.43,3976.51,4,1,42,month-to-month,credit_card,none,0
C001803,19,57.96,1099.25,1,0,64,two-year,electronic_check,fiber,0
C008501,25,50.74,1224.58,1,1,0,two-year,credit_card,fiber,0
C004900,25,42.55,1001.55,4,0,17,month-to-month,bank_transfer,none,0
C001599,51,59.4,3083.25,5,1,86,month-to-month,bank_transfer,fiber,0
C007931,7,77.3,493.98,5,1,57,month-to-month,bank_transfer,none,0
C009547,33,23.77,823.83,2,2,21,one-year,electronic_check,fiber,0
C002823,71,45.31,3213.59,2,0,28,month-to-month,mailed_check,none,0
C005467,25,39.96,1023.65,4,0,42,month-to-month,electronic_check,fiber,0
C003529,9,46.47,354.31,4,0,7,two-year,bank_transfer,dsl,0
C008683,9,92.22,731.17,5,1,9,month-to-month,mailed_check,dsl,0
C001155,43,29.7,1288.05,5,0,83,one-year,mailed_check,fiber,0
C006547,52,54.72,2841.12,2,0,33,one-year,bank_transfer,fiber,0
C009088,11,69.7,776.7,4,0,36,one-year,credit_card,fiber,0
C007620,68,92.22,6226.16,3,0,20,one-year,electronic_check,fiber,0
C008296,57,63.5,3644.76,4,1,26,month-to-month,bank_transfer,fiber,0
C004540,44,118.61,5235.99,2,0,67,one-year,electronic_check,fiber,0
C009134,16,92.21,1511.33,5,1,78,month-to-month,credit_card,dsl,0
C006482,69,32.39,2282.84,4,1,43,month-to-month,bank_transfer,dsl,0
C005826,11,89.06,919.71,3,0,63,month-to-month,mailed_check,dsl,0
C001190,30,103.98,3142.61,2,0,58,month-to-month,electronic_check,dsl,0
C007444,49,68.04,3395.26,1,0,66,month-to-month,bank_transfer,fiber,0
C008520,42,80.99,3374.64,5,0,2,two-year,credit_card,fiber,0
C000960,12,21.44,240.5,1,0,67,month-to-month,mailed_check,fiber,0
C007454,44,72.81,3201.46,4,0,70,one-year,bank_transfer,fiber,0
C000036,62,109.57,6709.4,2,0,24,one-year,credit_card,dsl,0
C007516,1,71.29,136.04,1,1,41,one-year,mailed_check,none,0
C007644,8,61.53,508.83,5,0,40,month-to-month,bank_transfer,dsl,0
C004438,25,71.77,1817.28,5,1,68,month-to-month,bank_transfer,none,0
C006161,16,91.95,1428.79,3,0,22,month-to-month,mailed_check,fiber,0
C007744,12,104.38,1286.0,5,1,22,month-to-month,credit_card,dsl,0
C009587,69,48.61,3436.02,1,0,48,month-to-month,mailed_check,dsl,0
C008119,58,82.87,4779.39,1,0,16,one-year,electronic_check,dsl,0
C006967,41,49.58,1981.77,2,2,55,month-to-month,credit_card,dsl,0
C005718,1,21.76,22.19,2,2,69,month-to-month,credit_card,dsl,1
C000577,38,87.67,3319.46,5,0,86,month-to-month,mailed_check,fiber,0
C009833,54,43.26,2326.32,4,2,15,month-to-month,bank_transfer,none,0
C004102,14,68.04,922.02,2,0,54,month-to-month,electronic_check,dsl,0
C007646,41,33.54,1360.79,5,0,42,two-year,credit_card,fiber,0
C004151,39,55.01,2146.73,5,1,16,month-to-month,electronic_check,dsl,0
C003130,26,84.97,2212.6,5,0,74,month-to-month,mailed_check,dsl,0
C004890,61,77.47,4731.96,3,1,75,month-to-month,bank_transfer,fiber,0
C009975,14,94.97,1314.44,4,0,77,two-year,bank_transfer,dsl,0
C007471,71,41.56,2921.08,5,0,79,month-to-month,electronic_check,dsl,0
C001833,6,117.38,692.13,3,2,51,month-to-month,bank_transfer,dsl,0
C009148,32,84.83,2726.79,3,1,18,one-year,electronic_check,fiber,0
C004891,42,70.38,2967.56,5,0,63,one-year,credit_card,none,0
C002287,60,31.67,1913.81,4,0,89,one-year,mailed_check,none,0
C001330,33,63.68,2118.01,4,1,87,month-to-month,electronic_check,dsl,0
C002771,3,29.26,78.91,5,0,25,two-year,mailed_check,fiber,0
C003686,8,98.11,818.38,3,0,30,two-year,mailed_check,fiber,0
C008283,39,44.01,1693.7,2,1,53,month-to-month,credit_card,none,0
C005928,9,109.6,916.12,3,0,59,month-to-month,credit_card,fiber,0
C000637,22,91.14,1886.8,1,0,86,two-year,electronic_check,none,0
C000047,65,103.06,6675.48,4,0,0,month-to-month,credit_card,fiber,0
C002602,57,71.26,4050.36,5,1,87,two-year,mailed_check,fiber,0
C001965,54,76.48,4094.83,2,1,66,month-to-month,mailed_check,dsl,0
C002168,68,73.46,4984.17,1,0,5,two-year,bank_transfer,dsl,0
C005049,66,90.54,5966.75,3,0,49,month-to-month,electronic_check,fiber,0
C003334,6,41.27,257.92,1,0,54,two-year,electronic_check,dsl,0
C003019,54,82.56,4472.17,3,1,69,month-to-month,bank_transfer,dsl,0
C008764,22,85.56,1864.18,4,0,83,one-year,electronic_check,dsl,0
C009176,6,74.86,456.72,4,1,25,month-to-month,electronic_check,fiber,0
C001360,6,54.82,231.77,1,0,61,two-year,electronic_check,dsl,0
C005798,41,114.01,4725.42,1,0,74,month-to-month,electronic_check,dsl,0
C009400,35,32.59,1169.22,5,0,84,two-year,credit_card,fiber,0
C003251,54,33.84,1775.31,2,0,45,month-to-month,bank_transfer,dsl,0
C006300,25,70.02,1747.84,3,1,86,two-year,electronic_check,dsl,0
C002251,40,71.39,2902.76,3,0,15,month-to-month,credit_card,dsl,0
C006027,51,102.64,5213.86,5,0,82,month-to-month,mailed_check,none,0
C001175,25,119.06,2952.26,5,1,1,month-to-month,electronic_check,fiber,0
C008799,57,80.59,4548.13,2,0,35,month-to-month,credit_card,fiber,0
C003279,53,52.14,2828.25,2,0,58,one-year,mailed_check,fiber,0
C002973,71,21.41,1568.51,5,0,61,two-year,electronic_check,dsl,0
C003396,33,74.73,2481.46,3,0,48,one-year,credit_card,fiber,0
C006939,70,92.33,6433.58,1,0,71,one-year,bank_transfer,dsl,0
C000965,43,44.07,1852.94,2,0,15,one-year,mailed_check,dsl,0
C008574,72,74.09,5285.88,1,0,11,two-year,bank_transfer,dsl,0
C000742,46,98.78,4549.63,4,0,26,two-year,credit_card,none,0
C007514,21,70.93,1488.43,5,2,76,one-year,mailed_check,dsl,0
C003314,30,40.47,1318.39,2,0,25,one-year,credit_card,dsl,0
C004898,55,89.29,4905.01,1,0,73,two-year,bank_transfer,dsl,0
C009340,50,80.03,4056.37,5,1,75,one-year,bank_transfer,none,0
C004672,16,112.79,1872.86,1,0,11,month-to-month,credit_card,dsl,0
C008618,2,20.89,33.93,3,1,42,two-year,electronic_check,none,0
C001217,53,89.56,4779.87,3,1,50,two-year,mailed_check,fiber,0
C004397,19,106.33,2128.89,2,0,70,one-year,mailed_check,dsl,0
C006080,65,85.73,5586.26,3,0,42,month-to-month,bank_transfer,fiber,0
C002614,8,60.32,514.18,3,0,9,month-to-month,mailed_check,fiber,0
C002620,61,51.99,3222.48,5,1,9,month-to-month,bank_transfer,dsl,0
C008714,38,84.86,3335.33,2,0,85,month-to-month,mailed_check,none,0
C007282,52,115.64,5936.77,2,0,71,month-to-month,bank_transfer,dsl,0
C003379,29,62.3,1815.18,1,0,18,month-to-month,mailed_check,fiber,0
C007301,22,65.42,1421.71,5,0,10,one-year,electronic_check,fiber,0
C009857,52,41.28,2176.62,5,1,38,one-year,credit_card,fiber,0
C005605,5,31.86,209.89,5,0,52,one-year,electronic_check,fiber,0
C009813,64,21.21,1372.11,5,1,58,one-year,bank_transfer,none,0
C005786,47,93.78,4363.18,1,0,35,one-year,mailed_check,dsl,0
C008518,67,61.6,4144.65,3,1,11,month-to-month,electronic_check,none,0
C006850,26,32.62,801.58,5,1,29,one-year,bank_transfer,fiber,0
C001516,35,93.16,3181.15,2,0,40,two-year,mailed_check,fiber,0
C005098,68,33.95,2326.3,2,0,57,two-year,mailed_check,fiber,0
C007636,11,20.95,244.37,4,0,8,one-year,credit_card,dsl,0
C009085,72,53.29,3884.67,3,1,28,month-to-month,mailed_check,dsl,0
C008023,13,31.25,381.37,3,1,23,month-to-month,bank_transfer,dsl,0
C002392,45,41.61,1864.75,2,0,21,month-to-month,electronic_check,dsl,0
C000586,50,76.87,3859.35,2,0,79,month-to-month,electronic_check,fiber,0
C003519,67,30.57,2036.63,5,0,13,two-year,credit_card,none,0
C007653,20,86.53,1749.45,3,0,3,month-to-month,electronic_check,none,0
C008946,6,100.8,585.63,5,0,88,month-to-month,electronic_check,none,0
C000850,71,119.49,8456.56,2,0,81,one-year,credit_card,fiber,1
C000335,59,97.56,5688.13,5,0,7,month-to-month,credit_card,fiber,0
C006634,63,68.7,4302.86,5,0,76,month-to-month,credit_card,fiber,0
C008972,24,22.41,558.34,3,0,52,two-year,mailed_check,none,0
C007493,19,102.13,1962.81,3,0,34,one-year,electronic_check,fiber,1
C002868,62,78.88,4891.56,2,0,49,month-to-month,electronic_check,dsl,0
C004872,5,85.66,441.96,4,0,34,month-to-month,bank_transfer,dsl,0
C003550,32,80.86,2456.43,2,0,36,two-year,electronic_check,dsl,0
C003842,41,34.74,1432.27,3,0,65,month-to-month,bank_transfer,dsl,0
C007262,55,65.88,3683.57,5,0,59,one-year,credit_card,fiber,0
C005824,38,48.21,1921.77,1,0,83,month-to-month,credit_card,dsl,0
C000023,67,82.95,5535.79,5,1,50,one-year,mailed_check,dsl,0
C001453,18,47.35,917.11,2,1,49,two-year,bank_transfer,dsl,0
C001684,26,42.27,1113.99,2,0,2,month-to-month,bank_transfer,fiber,0
C002310,21,58.68,1192.82,3,0,32,month-to-month,electronic_check,fiber,0
C009063,23,58.17,1433.94,2,0,57,month-to-month,electronic_check,dsl,0
C009406,64,51.26,3300.92,4,1,62,two-year,credit_card,fiber,0
C000381,68,89.67,6029.39,4,0,46,month-to-month,electronic_check,dsl,0
C005814,43,30.14,1311.88,1,0,13,month-to-month,electronic_check,dsl,0
C005550,44,112.47,4908.92,1,0,82,month-to-month,electronic_check,fiber,0
C009308,48,62.31,2977.07,1,0,55,month-to-month,electronic_check,dsl,0
C001618,9,44.49,388.48,4,0,78,month-to-month,bank_transfer,dsl,1
C000789,1,66.3,0.83,5,0,55,one-year,credit_card,none,0
C005983,60,33.95,2004.94,2,0,53,one-year,bank_transfer,dsl,0
C008672,19,40.83,810.47,3,1,12,month-to-month,electronic_check,none,0
C004475,24,117.5,2802.28,4,1,47,two-year,electronic_check,fiber,0
C005606,33,57.34,1958.74,5,0,71,one-year,bank_transfer,fiber,0
C009312,30,100.92,3076.5,3,0,1,two-year,bank_transfer,none,0
C005648,71,46.53,3246.96,4,0,63,one-year,credit_card,dsl,0
C006216,32,108.72,3428.45,1,1,75,month-to-month,bank_transfer,fiber,1
C002286,66,99.74,6681.32,4,0,53,two-year,mailed_check,none,0
C009993,13,54.68,715.01,4,0,67,month-to-month,mailed_check,dsl,0
C007578,45,47.86,2122.02,1,0,59,two-year,credit_card,fiber,0
C001183,33,86.06,2840.57,3,0,88,two-year,electronic_check,fiber,0
C006001,60,24.1,1493.81,2,0,13,month-to-month,electronic_check,fiber,0
C005090,64,86.71,5541.83,5,0,33,one-year,mailed_check,fiber,0
C002516,50,107.04,5318.65,4,0,85,month-to-month,bank_transfer,fiber,0
C004122,71,107.22,7579.67,2,1,29,month-to-month,credit_card,fiber,0
C005521,48,94.94,4551.17,1,0,20,month-to-month,credit_card,none,0
C005627,3,26.37,78.93,3,0,87,month-to-month,mailed_check,fiber,0
C008360,14,36.93,512.97,5,1,46,month-to-month,bank_transfer,none,0
C005872,54,101.81,5447.82,2,1,73,month-to-month,electronic_check,fiber,0
C008612,29,81.43,2405.8,5,0,84,month-to-month,mailed_check,fiber,0
C007727,25,86.35,2122.01,1,0,19,month-to-month,electronic_check,fiber,0
C005968,14,80.29,1167.81,3,1,41,month-to-month,bank_transfer,fiber,0
C001180,44,23.67,950.79,1,0,77,month-to-month,electronic_check,none,0
C008762,56,47.44,2711.91,5,0,62,month-to-month,mailed_check,none,0
C008235,63,40.68,2586.83,2,0,83,month-to-month,mailed_check,fiber,0
C002818,10,117.28,1155.5,5,0,2,one-year,electronic_check,none,0
C009964,47,73.68,3428.47,4,0,59,month-to-month,electronic_check,none,0
C008703,5,72.15,328.96,1,0,44,month-to-month,credit_card,dsl,0
C006608,7,29.18,232.54,4,0,17,one-year,electronic_check,dsl,0
C002820,39,84.82,3370.22,3,0,22,month-to-month,bank_transfer,dsl,0
C007535,25,115.35,2987.47,3,0,19,one-year,credit_card,fiber,0
C002260,2,108.4,255.76,5,0,28,month-to-month,bank_transfer,none,0
C002239,64,104.65,6750.33,3,0,16,month-to-month,bank_transfer,dsl,0
C006021,22,113.46,2494.91,3,1,25,month-to-month,bank_transfer,fiber,0
C000782,9,66.5,548.85,2,0,30,month-to-month,bank_transfer,dsl,0
C000932,19,50.94,959.46,5,1,72,month-to-month,bank_transfer,dsl,0
C006202,16,86.82,1502.42,5,0,2,two-year,mailed_check,none,0
C002412,68,29.52,1968.14,4,1,59,month-to-month,bank_transfer,fiber,1
C006997,29,60.49,1829.24,1,1,67,month-to-month,credit_card,none,0
C009115,53,26.3,1361.98,5,0,58,one-year,mailed_check,fiber,0
C001156,9,65.13,637.79,5,0,34,one-year,mailed_check,fiber,0
C008107,33,54.11,1834.4,2,0,31,month-to-month,bank_transfer,fiber,0
C005805,11,78.45,893.53,1,0,14,month-to-month,credit_card,fiber,0
C004879,55,55.34,2977.84,4,0,33,month-to-month,electronic_check,dsl,0
C003309,68,117.03,7873.24,3,0,33,month-to-month,bank_transfer,none,0
C008961,34,40.53,1419.29,1,0,47,two-year,bank_transfer,dsl,0
C001702,50,117.92,5882.42,2,1,81,month-to-month,mailed_check,fiber,1
C002492,67,96.22,6447.77,4,0,57,two-year,bank_transfer,dsl,0
C003706,12,32.86,410.99,1,2,75,month-to-month,bank_transfer,dsl,0
C008276,55,72.98,4015.2,3,0,86,one-year,bank_transfer,none,0
C000286,12,98.5,1259.85,4,0,56,one-year,electronic_check,none,0
C001608,18,30.86,494.88,2,1,44,month-to-month,credit_card,none,0
C006631,5,71.4,331.07,2,1,66,two-year,credit_card,dsl,0
C008278,13,51.0,730.11,5,1,20,month-to-month,credit_card,fiber,0
C007315,31,56.71,1802.02,5,1,34,month-to-month,bank_transfer,none,0
C002252,18,105.34,1867.06,3,0,47,month-to-month,credit_card,none,0
C007415,49,116.6,5698.01,1,0,16,month-to-month,credit_card,dsl,0
C008365,51,44.09,2272.75,5,0,87,one-year,credit_card,none,0
C001891,18,52.18,979.29,1,1,84,month-to-month,mailed_check,none,0
C005062,45,101.28,4592.53,4,0,72,month-to-month,mailed_check,none,0
C006120,17,110.08,1917.58,5,0,3,month-to-month,electronic_check,dsl,0
C000563,14,37.47,442.53,1,0,51,two-year,bank_transfer,dsl,0
C000291,20,64.84,1385.94,4,0,16,month-to-month,bank_transfer,dsl,0
C004716,65,46.46,3093.32,1,0,54,two-year,credit_card,fiber,0
C007708,32,54.52,1780.41,2,0,55,month-to-month,bank_transfer,fiber,0
C006349,49,116.7,5737.82,3,1,11,month-to-month,electronic_check,dsl,0
C000169,2,53.18,115.73,1,0,9,two-year,credit_card,fiber,0
C000267,25,106.99,2762.18,1,0,67,one-year,mailed_check,fiber,0
C004638,45,81.04,3670.91,4,0,40,month-to-month,mailed_check,none,0
C007077,12,119.0,1412.07,4,1,19,month-to-month,electronic_check,none,0
C003355,32,99.61,3128.54,2,1,75,month-to-month,electronic_check,fiber,0
C008279,58,76.43,4513.65,4,0,67,month-to-month,mailed_check,dsl,0
C000315,48,59.61,2901.72,4,0,17,month-to-month,mailed_check,fiber,0
C006728,10,90.02,821.68,5,0,5,month-to-month,mailed_check,none,0
C009495,45,84.14,3853.71,2,0,21,two-year,electronic_check,fiber,0
C004067,31,79.62,2439.44,2,0,35,two-year,bank_transfer,dsl,0
C000245,7,85.31,505.41,4,1,74,one-year,bank_transfer,dsl,0
C000252,14,45.81,647.7,2,0,29,month-to-month,bank_transfer,fiber,0
C001111,17,58.27,1031.89,5,1,14,two-year,electronic_check,fiber,0
C004801,43,80.75,3461.75,1,0,26,one-year,bank_transfer,dsl,0
C001713,53,83.03,4456.42,5,0,68,two-year,electronic_check,fiber,0
C000050,55,42.55,2410.98,5,0,39,month-to-month,electronic_check,dsl,0
C001835,10,36.23,405.86,1,0,33,month-to-month,bank_transfer,fiber,0
C007896,63,47.02,3053.86,3,0,63,month-to-month,electronic_check,none,0
C003383,66,51.26,3424.14,1,2,82,month-to-month,bank_transfer,none,0
C006410,62,35.52,2243.62,1,0,30,month-to-month,credit_card,fiber,0
C004313,8,77.14,583.73,5,2,51,month-to-month,bank_transfer,dsl,0
C000872,9,31.94,313.03,4,0,1,month-to-month,mailed_check,fiber,0
C001254,47,111.27,5328.29,4,0,31,two-year,mailed_check,fiber,0
C008881,3,39.52,102.55,2,1,55,one-year,electronic_check,none,0
C005851,43,62.05,2664.14,2,0,79,one-year,mailed_check,dsl,0
C005702,20,34.22,621.03,2,0,30,month-to-month,electronic_check,dsl,0
C008103,49,91.79,4433.09,3,0,11,two-year,bank_transfer,fiber,0
C002098,55,43.49,2447.63,3,0,38,month-to-month,electronic_check,dsl,0
C005128,49,32.38,1620.14,4,0,26,month-to-month,bank_transfer,fiber,0
C000248,57,30.29,1738.34,5,0,65,month-to-month,credit_card,dsl,0
C006561,48,74.39,3595.08,4,0,34,one-year,electronic_check,none,0
C001339,30,91.38,2726.13,1,0,44,one-year,mailed_check,fiber,0
C007017,50,111.44,5515.24,1,0,7,one-year,credit_card,none,0
C002110,21,115.79,2479.79,4,0,16,month-to-month,mailed_check,dsl,1
C001569,71,109.83,7840.39,1,0,41,one-year,credit_card,dsl,0
C001726,69,23.46,1617.52,4,0,72,month-to-month,credit_card,none,0
C008384,72,85.9,6082.44,4,0,54,month-to-month,mailed_check,fiber,0
C006940,59,74.0,4410.79,4,0,47,one-year,bank_transfer,none,0
C004395,37,86.95,3157.92,2,0,36,month-to-month,credit_card,fiber,0
C002420,19,30.56,699.68,5,0,75,month-to-month,electronic_check,none,0
C003045,64,40.93,2614.82,4,0,87,month-to-month,electronic_check,fiber,0
C005503,53,81.66,4313.33,1,1,34,one-year,credit_card,none,0
C003703,66,54.37,3502.03,5,0,62,one-year,mailed_check,none,0
C008191,24,117.84,2809.94,3,0,34,two-year,credit_card,dsl,0
C005331,59,104.52,6180.84,3,0,12,month-to-month,credit_card,fiber,0
C009808,11,77.69,955.73,2,0,61,month-to-month,electronic_check,dsl,0
C000447,69,55.2,3839.16,1,0,78,two-year,bank_transfer,fiber,0
C007894,54,82.48,4379.43,1,1,86,one-year,credit_card,dsl,0
C008728,72,21.84,1580.21,1,1,61,month-to-month,bank_transfer,none,0
C007828,40,94.3,3702.78,3,0,63,two-year,mailed_check,fiber,0
C001768,5,101.97,466.56,2,0,5,one-year,mailed_check,none,0
C006808,4,39.78,133.45,2,0,23,month-to-month,credit_card,fiber,0
C004704,53,50.7,2689.02,4,0,38,two-year,bank_transfer,fiber,0
C003869,52,84.84,4437.75,3,0,52,month-to-month,bank_transfer,none,0
C001655,17,57.69,850.16,1,0,84,two-year,bank_transfer,none,0
C003187,30,61.32,1825.1,3,0,23,month-to-month,mailed_check,dsl,0
C000683,70,78.4,5469.88,2,0,18,month-to-month,bank_transfer,fiber,0
C004170,27,37.12,1045.58,1,0,7,month-to-month,mailed_check,none,0
C004477,27,95.47,2501.72,4,0,64,month-to-month,bank_transfer,fiber,0
C000461,11,31.07,369.5,2,3,30,two-year,electronic_check,none,0
C005764,23,83.57,1962.06,2,0,29,month-to-month,mailed_check,fiber,0
C007522,35,113.86,3968.05,4,0,80,month-to-month,electronic_check,fiber,1
C004502,72,83.11,6009.26,2,0,12,month-to-month,mailed_check,dsl,0
C009709,7,88.98,616.47,5,0,37,month-to-month,mailed_check,fiber,0
C000318,68,60.69,4069.3,5,0,13,month-to-month,bank_transfer,dsl,0
C001145,35,85.02,2924.76,4,1,65,two-year,bank_transfer,dsl,0
C005094,32,106.87,3370.52,5,0,7,month-to-month,mailed_check,dsl,0
C001393,54,33.33,1818.12,5,2,31,one-year,credit_card,dsl,0
C006623,68,87.39,5905.41,2,1,6,month-to-month,bank_transfer,none,0
C001501,19,52.7,987.97,1,1,26,month-to-month,credit_card,none,0
C006408,38,71.28,2734.2,4,0,69,month-to-month,credit_card,fiber,0
C000376,54,45.56,2464.58,1,0,43,two-year,mailed_check,fiber,0
C000410,13,46.76,601.31,1,0,81,one-year,bank_transfer,dsl,0
C001660,45,53.24,2436.63,5,0,84,month-to-month,mailed_check,dsl,0
C003151,17,72.06,1242.7,1,0,47,two-year,bank_transfer,fiber,0
C001623,2,62.79,85.64,1,0,18,one-year,credit_card,fiber,0
C005609,9,96.79,878.98,1,0,4,two-year,bank_transfer,fiber,0
C008532,24,40.29,959.9,5,0,68,month-to-month,mailed_check,dsl,0
C005802,32,79.45,2473.37,2,1,51,one-year,credit_card,dsl,0
C005306,29,70.79,2050.88,5,0,29,one-year,bank_transfer,fiber,0
C007086,33,82.85,2699.78,3,0,66,month-to-month,credit_card,fiber,0
C008897,40,54.46,2164.66,3,0,50,month-to-month,mailed_check,dsl,0
C007488,2,108.06,273.63,2,2,1,one-year,bank_transfer,dsl,0
C009615,43,24.51,1056.2,4,0,88,month-to-month,electronic_check,dsl,0
C009217,8,86.2,718.16,3,0,60,month-to-month,electronic_check,fiber,1
C001672,20,71.0,1369.01,3,2,62,month-to-month,electronic_check,dsl,0
C002358,46,47.61,2272.65,1,1,15,one-year,bank_transfer,fiber,0
C008467,56,93.75,5293.7,3,0,25,month-to-month,mailed_check,dsl,0
C000274,31,58.19,1854.5,4,0,5,month-to-month,mailed_check,none,0
C002473,15,66.09,965.85,5,0,59,month-to-month,bank_transfer,fiber,0
C005489,26,83.64,2225.74,2,0,30,two-year,credit_card,dsl,0
C004771,55,94.44,5243.63,3,0,16,month-to-month,mailed_check,fiber,0
C002107,10,76.82,771.35,5,0,47,month-to-month,electronic_check,dsl,0
C007500,62,93.61,5835.24,2,0,21,month-to-month,electronic_check,dsl,0
C004414,36,106.02,3773.63,4,0,38,two-year,bank_transfer,dsl,1
C008138,64,49.85,3196.61,5,0,14,month-to-month,electronic_check,dsl,0
C008660,68,81.0,5600.12,5,2,25,two-year,credit_card,fiber,0
C008239,35,31.46,1127.23,3,1,14,one-year,mailed_check,fiber,0
C002417,19,107.76,2006.02,5,0,32,two-year,electronic_check,dsl,0
C008771,66,59.52,4021.99,1,1,88,one-year,mailed_check,fiber,0
C002236,18,56.46,989.3,1,0,69,month-to-month,electronic_check,fiber,1
C003767,54,118.45,6470.53,4,1,69,one-year,mailed_check,fiber,1
C009791,35,97.96,3402.66,4,0,58,one-year,bank_transfer,none,1
C009989,43,104.8,4414.82,3,0,32,month-to-month,mailed_check,fiber,1
C009965,23,92.96,2161.43,5,0,88,month-to-month,credit_card,dsl,0
C007323,66,56.25,3634.24,1,2,42,month-to-month,bank_transfer,fiber,0
C001383,65,95.31,6120.7,3,0,65,month-to-month,mailed_check,fiber,0
C003101,10,37.97,415.1,4,0,85,month-to-month,electronic_check,fiber,0
C003921,45,94.72,4330.21,1,0,36,month-to-month,credit_card,fiber,0
C006685,12,104.17,1267.07,2,0,65,one-year,bank_transfer,dsl,0
C003194,54,110.39,5908.36,5,0,77,month-to-month,electronic_check,fiber,0
C001941,19,69.41,1280.62,2,0,78,one-year,credit_card,dsl,0
C007713,58,71.32,4112.81,2,0,88,one-year,credit_card,dsl,0
C004896,62,85.55,5366.39,5,0,48,month-to-month,bank_transfer,fiber,0
C004782,25,86.08,2170.34,3,1,18,month-to-month,credit_card,dsl,0
C001496,40,64.2,2535.95,2,0,38,month-to-month,bank_transfer,dsl,0
C001957,39,75.0,2938.58,5,0,10,month-to-month,mailed_check,none,0
C009171,56,46.51,2628.04,3,0,5,two-year,mailed_check,fiber,0
C009745,51,101.81,5165.16,1,0,19,one-year,electronic_check,fiber,0
C007332,25,89.05,2270.98,1,0,32,month-to-month,electronic_check,fiber,0
C007949,6,104.36,547.87,1,0,81,month-to-month,credit_card,dsl,1
C003017,16,90.99,1459.2,1,0,70,one-year,mailed_check,fiber,1
C006746,1,48.9,43.08,5,0,52,month-to-month,bank_transfer,none,0
C000513,59,52.71,3140.66,4,1,35,month-to-month,credit_card,fiber,0
C003934,14,100.95,1454.84,4,0,48,month-to-month,mailed_check,dsl,0
C003025,46,68.71,3103.0,2,0,12,month-to-month,bank_transfer,fiber,0
C001199,45,118.98,5379.5,4,0,40,two-year,bank_transfer,dsl,0
C005028,51,107.93,5481.83,2,0,6,one-year,credit_card,fiber,0
C009784,35,31.22,1029.14,2,0,2,two-year,mailed_check,dsl,0
C000921,42,20.93,827.66,5,0,80,month-to-month,bank_transfer,none,0
C004649,19,65.77,1304.79,4,0,79,month-to-month,credit_card,dsl,1
C005332,29,75.56,2127.11,2,2,29,two-year,bank_transfer,fiber,0
C001076,52,82.58,4317.05,3,0,46,two-year,electronic_check,fiber,0
C006768,38,21.19,793.93,5,0,83,one-year,mailed_check,none,0
C009410,61,54.85,3256.91,4,0,50,two-year,bank_transfer,fiber,0
C001671,41,52.07,2113.4,3,1,23,one-year,electronic_check,dsl,0
C000474,46,88.29,3984.14,4,0,19,two-year,bank_transfer,dsl,0
C009186,3,52.69,170.4,4,0,12,month-to-month,credit_card,none,0
C008839,37,70.85,2653.43,4,0,42,one-year,electronic_check,fiber,0
C005758,39,112.98,4405.8,2,0,41,two-year,electronic_check,fiber,0
C006297,62,107.61,6605.73,3,0,32,two-year,mailed_check,dsl,0
C002478,6,62.46,336.64,2,1,72,month-to-month,electronic_check,none,0
C005493,15,63.87,988.9,2,1,16,month-to-month,bank_transfer,fiber,0
C003914,57,63.13,3587.83,2,0,23,month-to-month,credit_card,dsl,0
C002138,39,91.14,3620.71,1,0,50,month-to-month,bank_transfer,dsl,0
C005454,23,57.21,1303.02,4,0,67,month-to-month,electronic_check,none,0
C005379,37,21.5,835.29,3,0,46,one-year,bank_transfer,dsl,0
C008985,72,57.73,4044.6,3,2,83,month-to-month,credit_card,fiber,0
C004023,21,68.55,1438.67,2,0,72,two-year,mailed_check,fiber,0
C003485,2,103.82,243.13,4,0,45,month-to-month,bank_transfer,fiber,0
C002455,35,73.85,2565.42,1,0,55,month-to-month,mailed_check,none,0
C002464,34,115.28,3898.24,2,1,80,one-year,mailed_check,fiber,1
C008696,53,36.02,1963.73,2,0,46,month-to-month,bank_transfer,fiber,0
C001369,46,90.21,4164.35,5,0,42,month-to-month,mailed_check,dsl,0
C006688,51,79.6,4060.14,3,1,83,two-year,electronic_check,dsl,0
C007456,41,42.78,1840.98,1,0,4,month-to-month,credit_card,fiber,0
C009974,40,28.88,1185.4,3,0,26,one-year,electronic_check,none,0
C001901,39,72.71,2787.06,5,0,17,two-year,electronic_check,fiber,0
C004871,69,102.08,7059.4,5,0,77,month-to-month,bank_transfer,dsl,0
C004710,21,101.32,2174.47,5,1,4,month-to-month,bank_transfer,fiber,0
C007886,24,52.24,1280.08,3,0,18,month-to-month,credit_card,dsl,0
C001793,21,78.18,1638.15,2,0,71,one-year,mailed_check,fiber,0
C002874,28,74.19,2024.35,2,0,50,two-year,credit_card,fiber,0
C006217,14,57.67,685.39,2,0,50,two-year,mailed_check,fiber,0
C005213,45,76.5,3463.36,2,2,46,two-year,credit_card,dsl,0
C002245,60,118.72,7135.61,2,0,86,month-to-month,mailed_check,none,0
C001741,54,56.21,3071.97,2,0,1,one-year,mailed_check,fiber,0
C001020,5,117.9,578.57,3,0,32,one-year,credit_card,dsl,0
C000705,41,61.45,2474.56,3,0,73,month-to-month,mailed_check,fiber,0
C004294,67,35.99,2469.89,5,1,57,month-to-month,mailed_check,fiber,0
C005576,42,97.37,4149.63,4,0,39,one-year,mailed_check,fiber,0
C007166,43,66.63,2818.41,3,0,0,month-to-month,credit_card,none,0
C008177,6,55.35,401.96,1,0,30,two-year,electronic_check,none,0
C000908,27,49.22,1389.72,1,0,87,two-year,credit_card,fiber,0
C005193,7,67.15,568.1,3,0,79,month-to-month,mailed_check,fiber,0
C003077,59,44.25,2620.23,5,0,14,one-year,credit_card,fiber,0
C009366,25,107.52,2690.22,1,1,7,month-to-month,bank_transfer,fiber,0
C000594,24,76.98,1829.91,5,0,61,month-to-month,mailed_check,fiber,0
C005304,17,106.91,1800.04,3,0,89,month-to-month,credit_card,fiber,0
C000440,71,32.92,2308.05,2,1,82,month-to-month,electronic_check,none,0
C007606,37,83.1,3050.95,1,0,47,month-to-month,bank_transfer,dsl,0
C004092,27,33.15,948.82,5,0,57,month-to-month,credit_card,fiber,0
C006134,47,98.1,4667.8,5,0,74,month-to-month,bank_transfer,fiber,0
C000010,38,43.49,1664.84,3,0,33,month-to-month,electronic_check,fiber,0
C003776,39,64.84,2449.11,2,1,67,two-year,electronic_check,fiber,0
C008999,56,66.64,3724.3,4,0,58,one-year,mailed_check,dsl,0
C003708,36,23.55,855.89,5,1,59,one-year,bank_transfer,fiber,0
C003780,5,79.6,435.79,3,0,54,one-year,mailed_check,dsl,0
C000093,28,56.44,1700.58,2,0,75,month-to-month,credit_card,dsl,0
C009239,37,20.97,738.01,2,0,83,month-to-month,mailed_check,none,0
C003949,13,35.79,510.09,3,0,39,two-year,electronic_check,none,0
C005785,45,106.9,4794.22,1,0,13,one-year,credit_card,fiber,0
C004870,14,24.4,369.62,3,1,69,month-to-month,bank_transfer,dsl,0
C004802,16,88.84,1393.71,5,0,14,one-year,electronic_check,fiber,0
C004867,24,98.62,2327.94,4,0,60,month-to-month,bank_transfer,none,0
C000292,69,106.27,7414.1,2,0,5,month-to-month,electronic_check,fiber,0
C007888,60,109.28,6588.52,3,1,85,one-year,mailed_check,dsl,0
C007405,42,92.63,3976.21,1,0,75,one-year,mailed_check,dsl,0
C005595,26,65.5,1640.87,1,1,34,month-to-month,electronic_check,dsl,0
C002886,68,49.8,3414.29,4,0,42,two-year,credit_card,fiber,0
C006454,34,94.96,3273.09,1,1,41,month-to-month,mailed_check,dsl,0
C002542,69,84.84,5838.1,2,0,49,two-year,credit_card,fiber,0
C001765,68,84.29,5764.88,3,0,39,month-to-month,mailed_check,fiber,0
C006800,62,96.38,5874.93,2,1,25,month-to-month,bank_transfer,fiber,0
C001877,65,52.82,3446.54,2,1,44,month-to-month,bank_transfer,fiber,0
C001981,45,116.56,5232.73,1,0,8,month-to-month,mailed_check,none,0
C009729,48,69.2,3374.65,5,2,28,month-to-month,credit_card,dsl,0
C009608,35,93.62,3274.33,3,0,43,month-to-month,credit_card,fiber,0
C002685,35,103.44,3622.38,3,0,45,month-to-month,bank_transfer,fiber,0
C008930,63,104.82,6605.97,1,0,18,month-to-month,credit_card,fiber,1
C003458,61,85.57,5259.1,3,0,37,one-year,mailed_check,fiber,0
C004541,46,115.39,5284.51,1,0,51,month-to-month,mailed_check,dsl,0
C002178,46,112.23,5211.43,2,0,10,two-year,credit_card,fiber,0
C004450,62,114.22,7074.24,1,1,1,two-year,mailed_check,fiber,0
C003859,32,40.69,1310.66,4,0,55,two-year,credit_card,dsl,0
C007623,10,78.4,711.6,1,0,29,month-to-month,electronic_check,fiber,0
C007654,10,46.77,394.98,2,1,76,month-to-month,credit_card,dsl,0
C004519,31,33.75,1064.88,4,0,11,month-to-month,credit_card,fiber,0
C002517,38,87.24,3185.82,5,2,53,one-year,electronic_check,fiber,0
C004836,10,37.04,413.18,1,0,19,month-to-month,credit_card,dsl,0
C002885,12,55.97,689.02,3,0,66,one-year,electronic_check,fiber,0
C007281,20,115.07,2396.7,5,0,40,two-year,mailed_check,fiber,0
C006255,10,25.05,231.31,4,0,78,two-year,mailed_check,none,0
C004539,63,28.86,1820.25,1,0,44,month-to-month,bank_transfer,fiber,0
C005639,67,50.94,3420.01,3,0,77,one-year,mailed_check,fiber,0
C009459,30,56.62,1739.0,5,1,14,one-year,electronic_check,none,0
C003481,18,37.43,665.55,1,0,20,two-year,electronic_check,none,0
C001277,56,85.64,4831.78,2,0,80,two-year,electronic_check,fiber,0
C003146,47,45.57,2155.04,4,1,27,month-to-month,credit_card,dsl,0
C008262,57,42.55,2343.53,2,0,48,month-to-month,mailed_check,dsl,0
C003205,49,57.06,2863.74,1,0,86,two-year,credit_card,none,0
C009892,4,37.15,215.7,5,1,8,two-year,mailed_check,fiber,0
C002742,37,101.62,3781.67,4,0,58,month-to-month,bank_transfer,none,0
C006076,22,28.29,661.33,3,0,87,month-to-month,mailed_check,dsl,1
C004047,18,60.87,1145.63,3,0,9,one-year,mailed_check,dsl,0
C005731,9,23.53,157.51,5,2,6,two-year,bank_transfer,dsl,0
C002945,8,45.09,389.24,3,0,27,month-to-month,electronic_check,fiber,0
C005790,53,113.77,6052.93,4,0,48,month-to-month,credit_card,dsl,0
C006794,53,86.92,4655.99,3,0,45,one-year,electronic_check,fiber,0
C006543,43,104.69,4536.95,2,0,77,month-to-month,mailed_check,dsl,0
C000700,38,102.37,3835.8,2,0,66,month-to-month,mailed_check,fiber,0
C003574,69,115.08,7989.96,3,0,18,month-to-month,credit_card,none,0
C007699,21,73.99,1541.5,1,1,20,month-to-month,electronic_check,fiber,0
C002515,60,71.25,4286.45,1,0,59,two-year,bank_transfer,dsl,0
C003000,57,75.93,4391.35,1,0,2,month-to-month,mailed_check,fiber,0
C005820,45,115.73,5220.37,5,0,52,month-to-month,credit_card,none,1
C008581,7,47.57,346.9,3,0,13,month-to-month,bank_transfer,fiber,0
C003684,71,44.62,3073.23,1,2,75,two-year,electronic_check,none,0
C002995,46,53.91,2589.45,1,0,6,one-year,mailed_check,fiber,0
C004252,71,90.49,6381.4,5,0,7,month-to-month,electronic_check,fiber,0
C003411,72,70.02,5052.95,4,0,10,month-to-month,mailed_check,dsl,0
C007962,43,99.19,4260.02,1,1,86,two-year,electronic_check,dsl,0
C006309,14,42.74,660.2,5,0,68,month-to-month,mailed_check,none,0
C008611,10,68.67,689.25,1,0,12,two-year,electronic_check,fiber,0
C005012,44,24.39,1140.6,5,1,86,month-to-month,bank_transfer,dsl,0
C007750,47,111.15,5219.86,1,0,37,two-year,credit_card,dsl,0
C005979,44,77.82,3425.33,4,0,26,month-to-month,electronic_check,fiber,0
C004048,25,119.23,3005.8,2,0,0,month-to-month,credit_card,fiber,0
C004899,43,112.1,4665.16,5,0,26,two-year,mailed_check,dsl,0
C001318,33,68.87,2287.13,2,0,30,two-year,electronic_check,fiber,0
C009772,60,65.6,3902.46,2,0,38,month-to-month,electronic_check,none,0
C009137,40,117.45,4691.79,2,0,11,two-year,mailed_check,fiber,0
C007142,72,105.74,7598.67,4,1,80,month-to-month,bank_transfer,none,0
C001897,63,21.38,1278.54,3,0,18,month-to-month,mailed_check,dsl,0
C007465,42,97.86,4197.07,1,0,1,month-to-month,credit_card,dsl,0
C000603,10,111.04,1098.08,1,1,42,two-year,mailed_check,dsl,0
C002846,63,70.72,4454.68,1,0,18,two-year,credit_card,fiber,0
C008207,23,109.2,2527.74,4,0,24,month-to-month,mailed_check,dsl,0
C000393,44,66.37,2820.45,5,0,51,two-year,credit_card,dsl,0
C004436,48,47.94,2360.19,3,1,36,two-year,electronic_check,fiber,0
C009447,45,88.52,3945.67,3,0,74,month-to-month,credit_card,none,0
C007234,26,111.73,2910.44,4,0,35,month-to-month,credit_card,none,0
C005398,68,110.03,7538.39,1,0,8,month-to-month,credit_card,dsl,0
C000095,21,75.56,1670.69,1,1,73,month-to-month,electronic_check,dsl,0
C001662,14,33.58,519.6,5,1,62,two-year,bank_transfer,fiber,0
C008970,45,101.99,4601.18,2,0,51,one-year,mailed_check,none,0
C005130,24,107.95,2650.82,4,0,66,month-to-month,bank_transfer,none,1
C001488,8,22.05,238.65,3,2,51,one-year,bank_transfer,none,0
C008316,49,52.21,2528.33,3,1,1,month-to-month,credit_card,fiber,0
C002707,22,66.3,1416.21,1,0,83,month-to-month,mailed_check,none,0
C001595,12,54.91,645.08,4,0,69,two-year,bank_transfer,dsl,0
C009277,13,37.41,567.53,2,0,10,month-to-month,electronic_check,fiber,0
C002377,10,115.72,1032.57,5,0,25,month-to-month,mailed_check,fiber,0
C005140,28,20.79,567.24,4,1,63,one-year,credit_card,dsl,0
C006147,53,24.83,1363.57,4,0,64,two-year,electronic_check,dsl,0
C008241,69,51.28,3434.72,4,0,85,month-to-month,electronic_check,dsl,0
C003948,70,64.86,4489.49,5,0,24,one-year,electronic_check,none,0
C003933,53,116.15,6122.54,3,0,37,month-to-month,mailed_check,dsl,1
C004797,9,48.67,304.14,2,1,30,month-to-month,credit_card,dsl,0
C004372,17,89.72,1680.66,4,1,65,month-to-month,bank_transfer,fiber,0
C009862,63,50.86,3252.05,3,1,86,two-year,credit_card,fiber,0
C008242,40,119.18,4786.55,4,0,53,one-year,bank_transfer,fiber,1
C003448,44,31.04,1458.28,1,1,35,month-to-month,mailed_check,fiber,0
C002943,14,71.37,1030.72,2,0,42,two-year,credit_card,fiber,0
C002465,15,20.35,378.58,2,0,24,two-year,mailed_check,fiber,0
C008582,19,85.93,1582.56,4,0,69,two-year,electronic_check,dsl,0
C005506,8,78.37,614.91,3,0,75,month-to-month,mailed_check,dsl,0
C002698,10,31.14,345.04,5,1,2,month-to-month,mailed_check,fiber,0
C002447,47,56.94,2719.55,1,0,8,two-year,bank_transfer,none,0
C000019,33,63.74,1997.14,2,0,68,month-to-month,mailed_check,dsl,0
C002748,30,48.78,1338.92,5,0,13,month-to-month,mailed_check,fiber,0
C005399,63,100.49,6269.26,5,0,59,two-year,bank_transfer,fiber,0
C008078,4,92.29,314.1,2,1,60,month-to-month,credit_card,dsl,1
C006871,41,80.89,3340.33,3,0,46,month-to-month,credit_card,dsl,0
C004708,56,98.98,5501.36,3,1,69,one-year,credit_card,fiber,0
C009476,26,65.04,1748.99,2,0,25,two-year,electronic_check,fiber,0
C000809,72,95.5,6826.47,5,1,89,two-year,bank_transfer,none,0
C007477,58,76.86,4333.86,3,0,3,month-to-month,credit_card,fiber,0
C002273,34,43.94,1496.2,1,0,0,two-year,electronic_check,dsl,0
C001923,32,70.87,2279.5,4,0,29,two-year,bank_transfer,none,0
C001470,65,60.15,3967.71,1,0,25,month-to-month,mailed_check,dsl,1
C007934,48,119.22,5722.72,2,0,36,one-year,bank_transfer,dsl,0
C007407,50,40.69,2087.75,1,0,83,month-to-month,bank_transfer,fiber,0
C002406,27,115.94,3103.16,5,2,70,month-to-month,bank_transfer,dsl,0
C001142,68,29.59,2037.94,1,0,14,month-to-month,mailed_check,dsl,0
C001747,28,72.59,2051.3,1,0,45,month-to-month,mailed_check,dsl,0
C005709,55,87.76,4841.06,5,0,54,month-to-month,mailed_check,fiber,0
C004975,58,31.07,1778.02,5,0,75,two-year,mailed_check,none,0
C007300,55,35.44,1945.14,2,0,83,month-to-month,electronic_check,dsl,0
C008148,7,71.05,559.58,2,0,81,month-to-month,credit_card,none,0
C002833,40,89.32,3592.4,5,1,12,month-to-month,credit_card,fiber,0
C003131,34,110.28,3837.98,2,1,52,month-to-month,mailed_check,fiber,0
C001310,38,35.68,1400.68,5,0,19,month-to-month,mailed_check,fiber,0
C008650,65,99.71,6499.95,1,0,66,two-year,bank_transfer,fiber,0
C006774,68,42.64,2887.66,2,0,18,two-year,credit_card,fiber,0
C006756,38,115.95,4412.91,2,0,56,one-year,electronic_check,fiber,0
C000620,32,64.29,2048.66,2,0,19,two-year,bank_transfer,fiber,0
C002701,58,72.82,4189.77,2,0,60,month-to-month,mailed_check,fiber,0
C002199,13,89.26,1255.47,2,1,47,two-year,electronic_check,none,0
C006196,45,21.67,1017.3,1,0,47,month-to-month,mailed_check,dsl,0
C008824,52,29.53,1658.44,3,0,55,two-year,bank_transfer,fiber,0
C001046,18,59.28,1017.36,2,0,26,month-to-month,credit_card,dsl,0
C005768,34,100.07,3317.31,5,0,0,one-year,mailed_check,none,0
C009947,63,68.68,4395.62,1,0,14,month-to-month,bank_transfer,dsl,0
C009019,24,102.06,2485.19,1,0,46,month-to-month,credit_card,dsl,0
C000743,20,109.69,2210.69,3,1,44,one-year,bank_transfer,fiber,1
C000222,51,29.88,1518.42,4,0,83,month-to-month,bank_transfer,dsl,0
C003149,8,29.27,224.43,3,0,41,one-year,mailed_check,dsl,1
C000625,17,80.77,1397.06,1,2,7,two-year,credit_card,fiber,0
C009334,68,26.4,1747.78,3,0,36,month-to-month,bank_transfer,dsl,0
C007566,31,62.06,1904.73,1,1,16,two-year,bank_transfer,dsl,0
C004582,12,42.45,508.45,1,0,72,one-year,bank_transfer,dsl,0
C005711,68,63.5,4344.01,4,0,5,one-year,electronic_check,fiber,0
C003284,30,30.57,909.35,3,0,25,month-to-month,electronic_check,dsl,0
C007585,2,52.93,151.0,5,0,46,two-year,credit_card,fiber,0
C009646,28,48.58,1417.65,4,1,83,two-year,bank_transfer,fiber,0
C001530,7,47.41,343.24,1,0,52,one-year,credit_card,none,1
C009685,20,112.05,2211.67,2,0,55,two-year,bank_transfer,dsl,0
C000353,32,85.09,2752.61,5,0,31,two-year,credit_card,fiber,0
C002474,8,58.73,453.89,3,0,51,one-year,bank_transfer,fiber,0
C008013,36,46.07,1588.29,5,1,32,month-to-month,bank_transfer,fiber,0
C006475,21,22.44,402.47,2,0,3,one-year,credit_card,fiber,0
C006449,11,74.32,723.84,1,0,19,two-year,bank_transfer,none,0
C000239,46,76.48,3554.56,5,1,67,one-year,mailed_check,dsl,0
C002625,42,25.52,1061.8,2,0,38,month-to-month,bank_transfer,fiber,0
C009786,38,106.37,4030.48,1,0,85,month-to-month,mailed_check,fiber,0
C007198,18,73.68,1354.98,5,0,14,one-year,bank_transfer,dsl,0
C007692,27,113.38,3104.97,4,1,84,two-year,credit_card,dsl,0
C002997,26,67.91,1733.41,5,0,75,two-year,mailed_check,fiber,0
C006440,61,52.12,3118.37,5,1,26,one-year,bank_transfer,dsl,0
C004562,2,25.73,19.61,4,0,16,two-year,credit_card,fiber,0
C008614,13,107.14,1394.48,1,1,86,two-year,bank_transfer,none,0
C001479,30,54.77,1633.33,4,0,64,month-to-month,bank_transfer,none,0
C001018,3,94.38,224.66,5,0,8,two-year,bank_transfer,dsl,0
C003094,66,24.46,1592.18,4,0,29,month-to-month,electronic_check,dsl,0
C006182,13,81.91,1078.28,5,0,59,month-to-month,bank_transfer,none,0
C004960,28,65.97,1874.05,5,0,77,one-year,mailed_check,fiber,0
C008492,33,102.34,3411.76,2,0,6,month-to-month,credit_card,dsl,1
C001103,11,103.52,1171.51,4,1,35,month-to-month,bank_transfer,none,0
C006081,28,88.65,2503.43,2,0,59,month-to-month,credit_card,dsl,1
C009525,67,82.78,5580.97,1,0,26,month-to-month,bank_transfer,dsl,0
C005190,53,114.86,6033.79,4,0,87,month-to-month,bank_transfer,dsl,0
C004181,27,29.98,902.74,3,1,47,month-to-month,credit_card,dsl,0
C004467,69,82.09,5535.12,3,0,39,month-to-month,electronic_check,dsl,0
C001626,42,84.18,3525.18,2,0,41,one-year,mailed_check,none,1
C006717,49,91.89,4537.42,1,0,60,two-year,credit_card,none,0
C003798,1,33.57,104.41,1,0,23,month-to-month,credit_card,dsl,0
C003053,26,90.31,2316.27,1,0,22,two-year,credit_card,dsl,0
C002867,12,38.43,435.43,1,0,66,one-year,credit_card,dsl,0
C001432,13,30.91,458.95,5,1,88,one-year,bank_transfer,none,0
C007983,31,80.81,2505.18,4,0,26,month-to-month,electronic_check,none,0
C009346,62,21.11,1323.73,5,0,13,month-to-month,credit_card,fiber,0
C009419,25,40.86,1024.01,3,1,88,month-to-month,electronic_check,none,0
C004076,71,101.85,7159.7,4,0,10,month-to-month,electronic_check,dsl,0
C000217,7,23.79,154.46,5,0,53,two-year,electronic_check,dsl,0
C003555,33,34.56,1122.88,2,0,39,month-to-month,electronic_check,none,0
C007936,14,52.34,752.28,4,0,65,month-to-month,bank_transfer,fiber,0
C008421,51,99.02,5014.41,5,1,61,month-to-month,credit_card,dsl,0
C001034,5,119.41,660.4,4,1,1,month-to-month,mailed_check,dsl,0
C003773,10,95.25,975.59,2,0,79,month-to-month,credit_card,dsl,0
C004132,53,61.98,3236.06,3,1,57,month-to-month,credit_card,fiber,1
C002335,39,110.17,4281.39,3,0,16,one-year,bank_transfer,fiber,0
C006492,22,22.82,544.19,2,2,6,month-to-month,mailed_check,none,0
C001482,21,106.85,2306.18,4,0,65,month-to-month,bank_transfer,fiber,0
C000906,30,83.54,2460.47,2,1,89,month-to-month,mailed_check,fiber,1
C006088,29,106.71,3102.16,5,1,37,month-to-month,bank_transfer,fiber,0
C006466,27,63.23,1719.15,2,0,43,one-year,mailed_check,dsl,0
C005676,38,68.54,2573.08,4,1,66,month-to-month,credit_card,dsl,0
C002770,48,25.22,1104.73,1,0,31,two-year,mailed_check,fiber,0
C001805,4,97.28,350.66,2,1,15,one-year,credit_card,dsl,0
C007374,27,38.19,1012.08,1,0,43,one-year,electronic_check,fiber,0
C002114,54,100.65,5458.23,2,1,37,month-to-month,mailed_check,dsl,0
C004534,3,111.73,150.19,4,0,79,month-to-month,electronic_check,fiber,1
C002531,59,28.71,1648.26,4,0,14,one-year,credit_card,fiber,0
C008525,21,30.08,613.01,3,1,44,one-year,credit_card,dsl,0
C003470,17,64.81,1160.32,3,0,51,two-year,bank_transfer,fiber,0
C001402,22,20.24,472.71,4,1,35,month-to-month,bank_transfer,fiber,0
C000852,70,22.37,1548.15,5,0,81,one-year,credit_card,none,0
C003082,20,27.69,513.81,5,0,61,month-to-month,mailed_check,fiber,0
C008024,14,30.8,345.06,4,1,34,one-year,electronic_check,dsl,0
C007565,68,39.55,2682.25,3,0,58,month-to-month,credit_card,none,0
C005529,6,70.93,361.36,4,0,51,month-to-month,electronic_check,none,0
C007854,54,113.24,6132.84,4,0,56,month-to-month,credit_card,fiber,0
C004932,65,69.94,4565.28,1,0,50,month-to-month,mailed_check,fiber,0
C005159,67,94.45,6304.01,1,0,53,month-to-month,credit_card,none,0
C009715,46,24.56,1184.65,1,0,53,two-year,bank_transfer,fiber,0
C003846,56,100.94,5660.7,1,0,62,month-to-month,mailed_check,dsl,0
C006483,41,89.9,3645.24,1,0,78,month-to-month,electronic_check,fiber,0
C000747,23,115.4,2680.79,1,0,22,month-to-month,electronic_check,fiber,1
C003034,8,20.11,122.42,4,0,37,two-year,electronic_check,fiber,0
C000347,68,94.87,6519.79,4,0,81,month-to-month,electronic_check,fiber,1
C003351,68,108.26,7412.31,3,1,67,month-to-month,mailed_check,fiber,0
C002864,7,94.63,687.61,1,0,39,month-to-month,bank_transfer,fiber,0
C002167,61,39.68,2501.44,5,0,4,month-to-month,electronic_check,dsl,0
C006954,31,104.5,3214.52,3,0,31,month-to-month,electronic_check,dsl,0
C006209,47,32.86,1495.76,3,1,31,month-to-month,bank_transfer,fiber,0
C002777,66,107.36,7102.03,4,0,47,month-to-month,mailed_check,fiber,0
C001441,37,111.09,4104.92,3,0,15,month-to-month,mailed_check,fiber,0
C005657,59,95.93,5646.49,5,1,73,two-year,credit_card,fiber,0
C009657,57,53.22,3031.6,4,0,6,one-year,bank_transfer,dsl,0
C003027,54,92.95,5080.22,3,0,89,one-year,electronic_check,fiber,0
C006117,16,56.31,881.84,4,0,29,two-year,mailed_check,none,0
C002483,24,96.88,2337.48,3,1,53,two-year,credit_card,dsl,0
C002882,41,52.94,2165.24,4,1,86,month-to-month,electronic_check,dsl,0
C005561,9,71.86,709.66,5,2,32,two-year,mailed_check,fiber,0
C000763,68,113.18,7704.73,1,0,41,one-year,mailed_check,fiber,0
C006481,65,82.41,5338.38,2,1,86,two-year,bank_transfer,dsl,0
C001616,58,61.19,3659.96,2,0,82,month-to-month,bank_transfer,none,0
C001222,70,76.5,5424.46,2,0,71,two-year,bank_transfer,none,0
C008664,24,98.21,2369.16,4,1,21,two-year,mailed_check,none,0
C006221,22,84.91,1892.74,4,0,72,one-year,credit_card,dsl,0
C001576,40,64.36,2552.84,4,0,74,one-year,credit_card,fiber,0
C009391,49,62.15,2963.06,1,0,25,month-to-month,electronic_check,none,0
C006350,25,25.36,601.97,3,0,62,month-to-month,mailed_check,dsl,0
C003782,8,115.83,896.25,4,1,79,one-year,electronic_check,dsl,1
C004374,22,77.37,1729.17,3,0,65,one-year,credit_card,dsl,0
C000708,35,25.76,915.14,3,0,49,one-year,mailed_check,none,0
C000509,18,79.15,1461.49,4,0,26,month-to-month,electronic_check,fiber,0
C002954,20,103.77,1967.51,3,0,44,two-year,electronic_check,fiber,0
C007537,48,74.2,3668.0,4,0,35,two-year,electronic_check,dsl,0
C006338,58,70.77,4136.47,2,0,81,one-year,mailed_check,none,0
C008922,48,62.98,3057.14,1,0,17,month-to-month,electronic_check,none,0
C007063,2,99.42,205.66,4,1,11,month-to-month,credit_card,dsl,0
C007162,46,37.18,1656.19,3,1,11,two-year,electronic_check,fiber,0
C007371,7,39.12,247.47,2,1,30,month-to-month,bank_transfer,none,0
C006828,35,44.66,1596.95,2,1,63,month-to-month,bank_transfer,none,0
C003615,33,83.38,2739.19,3,0,14,month-to-month,electronic_check,none,0
C004656,10,62.56,633.23,5,0,12,month-to-month,bank_transfer,dsl,0
C006975,54,44.03,2352.08,1,0,67,month-to-month,mailed_check,fiber,0
C004350,44,97.67,4292.62,2,1,3,month-to-month,bank_transfer,dsl,0
C000711,38,75.05,2877.08,2,0,82,two-year,credit_card,none,0
C006478,52,99.82,5203.76,2,0,8,month-to-month,bank_transfer,none,0
C009129,12,49.02,671.97,2,0,89,one-year,credit_card,none,0
C008204,32,61.28,1969.16,2,1,5,month-to-month,credit_card,fiber,0
C009203,67,92.75,6265.76,1,1,80,month-to-month,mailed_check,fiber,0
C000712,53,118.3,6262.62,2,0,28,month-to-month,electronic_check,none,1
C009112,63,69.58,4361.95,1,0,74,month-to-month,electronic_check,fiber,0
C001245,71,29.12,2067.34,4,0,75,one-year,electronic_check,dsl,0
C009785,32,61.56,1976.02,2,0,30,two-year,credit_card,fiber,0
C006848,25,37.6,993.82,5,0,7,one-year,bank_transfer,dsl,0
C005133,3,104.48,400.22,5,1,4,one-year,bank_transfer,dsl,0
C000715,58,39.83,2272.09,4,0,48,two-year,mailed_check,dsl,0
C003463,4,104.37,492.45,4,0,48,two-year,credit_card,none,0
C004394,37,94.14,3503.6,5,1,86,month-to-month,bank_transfer,fiber,0
C004568,23,27.57,647.57,3,0,49,one-year,credit_card,none,0
C008803,54,75.62,4103.48,5,0,48,month-to-month,bank_transfer,none,1
C008489,52,119.19,6182.28,5,0,50,month-to-month,bank_transfer,none,0
C007701,31,91.89,2795.78,1,0,71,one-year,mailed_check,fiber,0
C000212,57,116.27,6667.63,2,0,40,two-year,bank_transfer,dsl,0
C009767,25,69.33,1751.14,3,0,71,one-year,mailed_check,none,0
C006838,5,83.5,420.29,5,0,54,two-year,credit_card,none,0
C001010,20,96.01,1865.65,5,0,19,two-year,bank_transfer,dsl,0
C000323,66,24.12,1678.57,1,0,36,month-to-month,mailed_check,fiber,0
C005396,68,25.42,1725.2,3,0,63,one-year,mailed_check,none,0
C005990,4,80.92,369.26,2,0,18,month-to-month,mailed_check,dsl,0
C003172,32,79.23,2561.62,1,0,76,two-year,electronic_check,dsl,0
C000334,34,55.78,1921.61,2,0,70,month-to-month,mailed_check,dsl,0
C008305,32,40.58,1312.91,1,1,29,month-to-month,electronic_check,fiber,0
C002210,51,71.43,3717.69,3,1,6,two-year,electronic_check,dsl,0
C004271,39,95.69,3859.85,5,1,70,month-to-month,electronic_check,fiber,0
C006740,1,77.93,57.77,2,1,9,one-year,credit_card,fiber,0
C000233,55,60.5,3254.67,4,0,63,two-year,electronic_check,none,0
C005950,29,58.34,1744.3,2,0,33,month-to-month,credit_card,dsl,0
C005737,68,59.05,4022.84,4,0,87,two-year,bank_transfer,fiber,0
C007921,23,112.42,2598.79,1,0,71,two-year,credit_card,dsl,0
C002348,15,46.43,788.78,5,0,81,month-to-month,credit_card,none,0
C002036,43,30.27,1256.67,3,1,16,two-year,credit_card,dsl,0
C007484,2,78.44,156.27,3,1,37,two-year,electronic_check,fiber,0
C006006,21,100.74,2011.22,4,2,37,one-year,bank_transfer,fiber,1
C004553,41,30.31,1207.8,5,0,47,month-to-month,mailed_check,dsl,0
C008072,48,75.25,3718.74,1,0,66,month-to-month,electronic_check,none,0
C001458,19,71.04,1417.53,3,0,35,two-year,bank_transfer,dsl,0
C003288,13,54.94,668.37,4,0,42,month-to-month,mailed_check,dsl,1
C003064,51,113.94,5746.97,1,0,33,month-to-month,electronic_check,fiber,0
C009436,5,34.71,172.86,1,0,33,month-to-month,credit_card,dsl,0
C000774,61,42.34,2533.18,2,0,20,one-year,credit_card,dsl,0
C006832,32,78.02,2422.63,2,0,33,one-year,mailed_check,fiber,0
C000871,15,48.94,717.51,3,0,22,month-to-month,credit_card,fiber,0
C008749,43,77.67,3400.62,2,1,0,month-to-month,mailed_check,fiber,0
C001263,60,90.44,5391.29,5,0,14,two-year,mailed_check,fiber,0
C004833,18,91.08,1691.5,2,1,59,one-year,bank_transfer,none,0
C003894,44,59.36,2639.5,4,0,80,two-year,bank_transfer,dsl,0
C006323,70,105.98,7318.77,3,1,86,two-year,credit_card,dsl,0
C009212,68,28.66,2017.04,1,0,67,one-year,electronic_check,none,0
C007019,21,41.78,885.51,3,0,70,month-to-month,credit_card,dsl,0
C001220,47,64.47,3061.68,1,1,64,month-to-month,mailed_check,none,0
C001446,68,89.01,6028.83,3,1,60,one-year,mailed_check,none,0
C003184,46,59.91,2771.94,1,0,85,month-to-month,electronic_check,dsl,0
C000408,68,42.65,2909.87,5,0,57,two-year,bank_transfer,fiber,0
C004344,27,83.03,2201.54,5,1,8,month-to-month,mailed_check,dsl,0
C003021,10,46.36,520.26,1,0,54,one-year,electronic_check,dsl,0
C002303,64,67.71,4297.14,3,0,54,month-to-month,mailed_check,none,0
C006271,55,51.98,2913.13,2,0,39,one-year,credit_card,dsl,0
C008280,46,51.1,2347.81,4,0,53,two-year,mailed_check,none,0
C006641,1,27.65,0.0,4,0,10,two-year,electronic_check,fiber,0
C006955,66,86.0,5623.71,4,1,13,month-to-month,electronic_check,fiber,0
C002109,21,34.73,701.82,3,0,15,one-year,credit_card,fiber,0
C005351,37,69.22,2638.06,1,0,48,month-to-month,credit_card,fiber,0
C009683,31,92.06,2921.04,4,0,21,month-to-month,electronic_check,fiber,0
C008343,51,25.91,1317.45,3,0,74,two-year,electronic_check,dsl,0
C004549,63,34.77,2220.3,4,0,15,month-to-month,credit_card,none,0
C001880,28,26.29,799.46,5,1,72,month-to-month,bank_transfer,fiber,0
C005945,10,115.98,1152.86,2,0,66,month-to-month,mailed_check,fiber,0
C001737,8,79.68,674.04,4,0,27,one-year,electronic_check,fiber,0
C007793,23,20.26,445.03,2,1,67,month-to-month,electronic_check,dsl,0
C005212,34,20.28,687.25,1,0,57,month-to-month,credit_card,none,0
C003208,31,83.74,2587.41,5,0,77,two-year,mailed_check,none,0
C007082,53,52.36,2809.65,3,0,17,month-to-month,bank_transfer,dsl,0
C002055,27,58.28,1509.41,3,0,43,month-to-month,electronic_check,fiber,0
C001688,68,75.8,5206.01,5,1,42,month-to-month,credit_card,fiber,0
C004779,6,101.45,708.34,3,0,61,month-to-month,bank_transfer,fiber,1
C007475,53,88.9,4717.97,4,1,27,one-year,electronic_check,dsl,0
C007876,30,99.99,2963.95,3,0,7,two-year,credit_card,fiber,0
C006749,37,95.93,3529.97,2,0,13,month-to-month,credit_card,fiber,0
C008555,62,31.84,1904.92,3,1,85,month-to-month,mailed_check,fiber,0
C008122,54,58.53,3158.05,2,1,88,one-year,mailed_check,none,0
C006990,42,112.11,4725.09,4,0,24,one-year,electronic_check,dsl,0
C008266,11,83.29,869.51,1,0,12,one-year,electronic_check,dsl,0
C008539,55,110.15,6043.46,4,1,21,month-to-month,electronic_check,fiber,0
C003392,58,64.77,3686.28,4,0,64,one-year,credit_card,none,1
C006325,11,54.07,580.61,2,0,18,two-year,credit_card,dsl,0
C003528,14,94.88,1318.73,2,0,63,one-year,bank_transfer,fiber,0
C004604,16,38.28,631.27,1,0,77,month-to-month,credit_card,fiber,0
C007023,51,22.13,1071.05,1,2,22,month-to-month,electronic_check,fiber,0
C006321,71,53.49,3778.97,4,0,42,month-to-month,credit_card,none,0
C000745,27,26.76,782.7,5,0,47,two-year,electronic_check,fiber,0
C000710,49,97.23,4894.22,5,0,3,two-year,bank_transfer,none,0
C000379,19,102.9,2027.12,2,0,0,two-year,bank_transfer,fiber,0
C008782,9,92.14,836.15,3,0,20,month-to-month,bank_transfer,fiber,0
C003011,37,91.97,3389.23,5,0,82,month-to-month,bank_transfer,none,0
C008858,21,70.81,1537.17,2,0,45,two-year,credit_card,dsl,0
C007152,11,102.0,1202.64,1,0,7,month-to-month,credit_card,none,0
C008566,57,62.22,3584.29,3,0,38,one-year,bank_transfer,dsl,0
C003497,35,111.43,3856.17,2,2,32,month-to-month,credit_card,fiber,1
C003889,60,23.61,1411.91,1,1,14,two-year,mailed_check,fiber,0
C004484,34,94.86,3209.91,3,0,7,month-to-month,bank_transfer,none,0
C004011,64,88.42,5651.83,4,0,76,two-year,electronic_check,fiber,0
C002619,69,104.46,7266.52,4,0,84,two-year,mailed_check,fiber,0
C006670,14,64.15,917.96,5,0,26,month-to-month,mailed_check,none,0
C006512,7,78.44,503.13,4,0,85,month-to-month,bank_transfer,dsl,0
C003467,19,70.31,1404.85,3,0,54,month-to-month,mailed_check,fiber,0
C001313,62,35.27,2167.54,3,0,84,month-to-month,electronic_check,none,0
C008605,72,85.5,6169.62,5,1,47,month-to-month,electronic_check,fiber,0
C002069,31,90.78,2832.6,3,1,73,one-year,bank_transfer,dsl,1
C002982,58,112.69,6486.34,5,0,40,one-year,electronic_check,fiber,0
C005914,38,113.17,4278.02,3,1,32,one-year,electronic_check,fiber,0
C009170,40,103.76,4217.69,3,0,49,month-to-month,electronic_check,fiber,0
C001285,4,76.07,297.56,1,0,64,month-to-month,credit_card,fiber,1
C008990,2,92.56,170.39,1,0,67,month-to-month,bank_transfer,fiber,0
C008429,41,116.92,4802.1,5,0,34,month-to-month,electronic_check,none,1
C001349,43,88.88,3738.3,3,0,55,month-to-month,bank_transfer,dsl,0
C002611,67,94.22,6294.39,5,0,23,month-to-month,mailed_check,fiber,0
C009494,42,47.85,2016.2,3,0,61,one-year,electronic_check,fiber,0
C003668,31,79.7,2514.95,2,0,21,two-year,bank_transfer,none,0
C002221,12,39.81,447.72,1,1,74,month-to-month,mailed_check,fiber,0
C000427,58,101.74,5953.51,4,0,1,two-year,credit_card,fiber,0
C000653,58,56.04,3244.76,5,0,87,month-to-month,mailed_check,dsl,0
C009913,62,60.29,3726.32,4,0,36,month-to-month,credit_card,dsl,0
C003535,6,43.07,177.87,1,0,36,month-to-month,credit_card,fiber,0
C007736,12,51.39,545.98,5,0,23,two-year,electronic_check,dsl,0
C003245,59,36.77,2071.06,1,0,54,two-year,credit_card,fiber,0
C004740,20,71.04,1486.1,1,0,18,month-to-month,electronic_check,dsl,0
C009068,37,84.57,3065.07,3,0,47,month-to-month,electronic_check,dsl,0
C004099,25,117.01,2966.86,3,1,84,month-to-month,electronic_check,dsl,0
C004100,7,51.42,358.04,5,0,23,month-to-month,electronic_check,dsl,0
C006959,41,40.77,1699.32,1,0,9,one-year,electronic_check,fiber,0
C000611,34,91.09,3108.37,2,0,46,one-year,bank_transfer,fiber,0
C004288,56,60.45,3277.64,5,0,68,month-to-month,bank_transfer,none,0
C008570,68,53.11,3595.88,2,0,13,month-to-month,electronic_check,none,0
C009712,38,111.7,4289.17,4,1,75,month-to-month,credit_card,fiber,0
C001543,41,71.8,2930.07,2,2,70,month-to-month,mailed_check,none,0
C009535,42,81.34,3439.56,3,0,28,month-to-month,mailed_check,fiber,0
C003853,26,79.75,2066.53,3,0,24,two-year,bank_transfer,fiber,0
C000554,71,86.21,6199.19,2,0,15,one-year,bank_transfer,dsl,0
C006365,36,112.33,4063.53,3,0,86,month-to-month,bank_transfer,fiber,0
C000511,54,73.72,3987.97,2,1,67,two-year,bank_transfer,fiber,0
C003206,72,59.78,4398.55,3,1,23,month-to-month,electronic_check,fiber,0
C008084,51,68.61,3548.26,5,0,78,month-to-month,bank_transfer,fiber,0
C000967,23,48.65,1091.67,5,0,6,two-year,electronic_check,fiber,0
C006043,54,48.54,2592.57,5,0,84,month-to-month,credit_card,dsl,0
C006879,43,82.02,3603.0,1,1,77,month-to-month,credit_card,dsl,0
C006775,69,22.55,1571.37,1,0,57,month-to-month,credit_card,dsl,0
C003295,58,61.51,3556.15,5,0,65,one-year,mailed_check,fiber,0
C008701,14,50.56,667.39,2,1,4,one-year,credit_card,dsl,0
C003429,22,79.24,1740.24,1,0,81,month-to-month,bank_transfer,fiber,1
C008870,1,55.89,150.76,3,0,40,month-to-month,bank_transfer,fiber,0
C006962,25,95.38,2449.68,3,0,10,month-to-month,mailed_check,none,0
C002088,22,38.11,792.61,5,0,1,one-year,mailed_check,fiber,0
C008499,58,90.7,5343.62,4,0,35,month-to-month,electronic_check,fiber,0
C006162,17,45.0,797.47,3,1,10,two-year,electronic_check,dsl,0
C003210,70,62.86,4431.86,5,0,7,two-year,mailed_check,fiber,0
C009200,33,73.88,2480.99,1,1,70,one-year,bank_transfer,dsl,0
C006605,19,30.11,536.42,4,0,32,two-year,electronic_check,dsl,0
C001109,4,80.03,347.28,2,0,18,month-to-month,mailed_check,dsl,0
C005728,30,97.7,2977.79,2,0,69,month-to-month,mailed_check,dsl,0
C007829,29,33.47,927.84,5,0,59,one-year,electronic_check,none,0
C001038,32,42.01,1390.21,1,0,29,month-to-month,credit_card,dsl,0
C001194,38,24.41,890.86,5,0,7,one-year,bank_transfer,none,0
C004474,62,56.49,3537.71,5,2,63,one-year,electronic_check,dsl,0
C009874,64,61.81,3949.5,3,0,53,one-year,credit_card,fiber,0
C002122,42,115.55,4789.51,1,0,61,one-year,electronic_check,none,0
C004982,14,118.61,1706.08,2,0,22,two-year,credit_card,fiber,0
C008973,56,63.12,3636.47,2,0,57,one-year,electronic_check,dsl,0
C005700,45,96.43,4314.16,1,1,9,two-year,credit_card,dsl,0
C000934,32,46.75,1473.83,5,0,60,two-year,mailed_check,none,0
C006101,64,29.44,1873.96,4,0,88,one-year,bank_transfer,dsl,0
C004689,53,35.22,1917.56,2,1,53,month-to-month,bank_transfer,dsl,0
C000394,52,63.37,3264.39,3,0,75,month-to-month,bank_transfer,fiber,0
C004685,53,20.55,1035.78,3,0,87,one-year,bank_transfer,dsl,0
C008776,60,63.41,3736.86,1,0,35,one-year,bank_transfer,fiber,0
C009165,62,56.7,3542.63,5,0,40,one-year,bank_transfer,dsl,0
C005980,44,53.78,2360.02,2,0,12,month-to-month,electronic_check,fiber,0
C009942,59,84.93,4995.93,5,2,16,one-year,bank_transfer,none,0
C002191,30,47.09,1425.1,2,1,29,month-to-month,credit_card,dsl,0
C001297,49,84.44,4202.67,4,0,13,month-to-month,bank_transfer,fiber,0
C005044,59,53.21,3140.12,5,0,21,month-to-month,mailed_check,fiber,0
C001162,62,54.11,3261.98,2,1,64,month-to-month,mailed_check,fiber,0
C004254,25,102.54,2523.95,2,0,16,month-to-month,electronic_check,fiber,0
C006372,68,32.88,2263.62,4,0,53,one-year,credit_card,fiber,0
C001527,10,22.64,166.38,5,0,10,two-year,electronic_check,dsl,0
C004342,34,103.61,3569.13,4,0,65,month-to-month,bank_transfer,fiber,1
C002030,41,20.1,843.46,3,0,72,month-to-month,credit_card,none,0
C003060,18,84.63,1491.88,3,0,77,month-to-month,electronic_check,dsl,0
C000058,54,80.26,4336.97,2,0,22,month-to-month,credit_card,dsl,0
C002405,60,21.37,1282.32,5,0,65,one-year,electronic_check,none,0
C005006,36,59.58,2209.04,2,0,10,two-year,electronic_check,fiber,0
C006157,44,107.63,4694.2,1,0,47,month-to-month,credit_card,dsl,0
C007375,69,38.98,2753.38,5,1,77,month-to-month,credit_card,fiber,0
C004506,21,77.04,1689.98,4,0,10,month-to-month,electronic_check,dsl,0
C005214,58,90.4,5213.35,4,2,40,two-year,electronic_check,dsl,0
C006029,21,113.67,2377.05,2,0,10,month-to-month,mailed_check,dsl,0
C001780,4,58.07,209.91,4,1,69,one-year,electronic_check,none,0
C005447,30,28.38,886.74,1,1,85,two-year,bank_transfer,fiber,0
C004606,18,70.68,1296.03,2,0,36,month-to-month,electronic_check,dsl,0
C006914,15,118.54,1874.37,5,0,8,one-year,credit_card,dsl,0
C000676,42,36.49,1529.18,1,1,49,one-year,electronic_check,fiber,0
C003582,15,73.44,1102.04,5,0,88,month-to-month,mailed_check,none,0
C003653,38,31.97,1155.15,4,0,40,month-to-month,bank_transfer,fiber,0
C007920,25,75.66,1887.28,1,0,49,one-year,mailed_check,fiber,0
C009499,8,111.02,901.65,2,1,49,one-year,electronic_check,none,0
C002732,68,53.44,3564.38,4,0,72,two-year,electronic_check,fiber,0
C004787,1,57.56,0.0,2,0,79,two-year,bank_transfer,fiber,0
C002754,72,62.45,4512.88,5,0,71,one-year,credit_card,fiber,0
C002337,59,68.83,4072.91,2,0,58,one-year,mailed_check,dsl,0
C003643,36,51.94,1912.88,3,2,44,one-year,bank_transfer,none,0
C007737,45,114.49,5199.75,3,2,65,two-year,mailed_check,dsl,0
C005516,38,26.15,971.51,3,0,78,month-to-month,mailed_check,fiber,0
C005246,43,24.74,1090.58,5,0,85,one-year,mailed_check,dsl,0
C000866,60,102.63,6291.63,1,0,41,month-to-month,bank_transfer,dsl,1
C004447,14,72.66,1069.97,2,0,1,two-year,bank_transfer,fiber,0
C005071,43,110.72,4662.2,1,0,30,month-to-month,credit_card,dsl,1
C004881,72,32.26,2308.94,3,0,7,two-year,electronic_check,dsl,0
C009510,16,115.61,1871.67,4,1,66,month-to-month,electronic_check,none,1
C003002,67,47.81,3222.27,2,0,30,month-to-month,credit_card,dsl,0
C002225,45,30.51,1409.93,3,0,27,one-year,electronic_check,fiber,0
C009056,61,71.76,4277.48,2,0,45,month-to-month,mailed_check,dsl,0
C004826,15,110.95,1622.49,1,0,33,month-to-month,electronic_check,fiber,1
C007621,41,97.81,4058.62,3,1,31,one-year,bank_transfer,fiber,0
C009689,29,107.23,3127.46,4,0,32,month-to-month,electronic_check,fiber,0
C005500,69,56.59,3884.38,4,1,41,month-to-month,electronic_check,dsl,0
C009700,3,117.14,356.96,4,0,30,one-year,credit_card,fiber,0
C008478,46,95.6,4427.17,3,0,28,month-to-month,credit_card,dsl,0
C005502,3,37.1,72.52,1,0,34,month-to-month,electronic_check,fiber,0
C001210,45,23.23,1078.17,5,0,86,month-to-month,electronic_check,dsl,0
C009083,3,57.62,216.58,2,1,36,month-to-month,electronic_check,dsl,0
C002288,68,77.43,5266.33,1,0,56,month-to-month,electronic_check,dsl,0
C002183,47,55.68,2671.52,1,0,2,one-year,credit_card,dsl,0
C002862,61,32.73,2078.53,5,1,7,two-year,bank_transfer,fiber,0
C006861,41,119.54,4917.85,5,0,34,one-year,bank_transfer,fiber,0
C002362,70,109.71,7716.71,4,0,85,month-to-month,credit_card,dsl,0
C008463,3,46.57,47.93,1,0,21,one-year,credit_card,fiber,0
C006332,17,61.31,1006.93,1,0,86,month-to-month,electronic_check,dsl,0
C004064,55,39.51,2134.29,3,0,87,month-to-month,bank_transfer,dsl,0
C009546,2,70.25,69.41,4,0,6,month-to-month,bank_transfer,dsl,0
C000617,20,103.56,2108.23,4,0,46,two-year,credit_card,none,0
C003281,55,79.32,4416.02,5,0,82,month-to-month,bank_transfer,dsl,0
C005226,23,93.8,2257.59,5,0,81,two-year,credit_card,fiber,0
C003397,70,95.68,6691.98,5,0,66,month-to-month,bank_transfer,fiber,0
C003065,40,35.66,1437.14,1,0,83,month-to-month,mailed_check,fiber,0
C000766,45,55.84,2473.53,5,1,10,month-to-month,bank_transfer,none,0
C007078,17,32.62,560.26,2,0,55,month-to-month,bank_transfer,dsl,0
C005279,15,118.38,1725.92,3,0,36,one-year,bank_transfer,dsl,0
C004149,29,31.28,924.84,3,0,42,month-to-month,electronic_check,fiber,0
C001144,24,81.21,2004.5,5,0,84,month-to-month,credit_card,fiber,0
C004248,66,82.41,5494.02,4,0,54,two-year,mailed_check,dsl,0
C004110,1,118.43,57.38,1,0,29,month-to-month,mailed_check,fiber,1
C000462,54,30.62,1751.74,3,0,79,one-year,electronic_check,dsl,0
C002932,12,27.0,284.35,3,0,2,month-to-month,bank_transfer,none,0
C004623,6,94.32,558.44,5,0,46,month-to-month,electronic_check,fiber,0
C003813,32,116.26,3674.58,4,0,16,month-to-month,electronic_check,dsl,0
C006308,29,21.08,642.87,3,0,84,month-to-month,electronic_check,dsl,0
C004341,31,20.42,631.37,5,0,35,month-to-month,credit_card,dsl,0
C005300,5,44.5,337.93,2,1,58,two-year,bank_transfer,fiber,0
C006804,32,87.42,2852.12,5,0,44,month-to-month,electronic_check,dsl,0
C003282,70,59.33,4198.17,3,0,68,one-year,credit_card,fiber,0
C002574,56,20.87,1201.27,4,1,28,month-to-month,electronic_check,fiber,0
C007961,7,81.38,566.02,4,0,55,month-to-month,credit_card,fiber,0
C007879,7,51.35,419.58,1,0,30,month-to-month,bank_transfer,none,0
C000828,63,72.54,4561.44,1,1,61,month-to-month,bank_transfer,fiber,0
C006486,57,115.47,6569.31,1,0,84,one-year,credit_card,fiber,1
C007599,20,59.27,1205.54,4,1,79,month-to-month,credit_card,fiber,0
C002540,21,114.65,2382.71,4,0,89,month-to-month,mailed_check,none,0
C005746,32,69.68,2334.75,5,0,57,one-year,electronic_check,none,0
C008526,37,93.59,3486.75,3,0,44,month-to-month,bank_transfer,fiber,0
C009566,16,86.56,1361.46,2,0,56,month-to-month,bank_transfer,fiber,0
C003742,68,37.02,2467.81,2,0,9,one-year,mailed_check,dsl,0
C007498,42,43.14,1785.76,2,0,22,one-year,bank_transfer,none,0
C003524,21,33.62,722.06,5,0,49,two-year,mailed_check,dsl,0
C000020,37,111.95,4211.9,1,0,26,two-year,electronic_check,fiber,1
C001915,38,108.57,4151.67,2,0,38,one-year,electronic_check,none,0
C006571,46,119.33,5517.23,1,0,43,month-to-month,electronic_check,dsl,0
C009018,9,56.71,516.54,2,0,79,month-to-month,mailed_check,dsl,0
C002012,12,20.55,300.0,1,0,42,one-year,electronic_check,none,0
C005405,28,40.1,1120.84,4,1,37,two-year,electronic_check,none,0
C001295,38,99.6,3776.14,1,0,36,month-to-month,credit_card,dsl,0
C003745,71,60.15,4299.37,4,0,18,one-year,electronic_check,dsl,0
C000591,65,99.11,6369.47,4,0,12,two-year,mailed_check,none,0
C001406,25,116.22,2878.73,2,0,55,two-year,mailed_check,dsl,0
C000221,33,76.09,2501.57,1,0,41,month-to-month,credit_card,dsl,0
C005617,14,87.74,1219.26,3,0,15,month-to-month,electronic_check,fiber,0
C006248,5,45.02,225.01,5,0,43,month-to-month,bank_transfer,fiber,0
C004418,52,72.77,3843.14,1,1,81,one-year,electronic_check,fiber,0
C000858,49,75.44,3715.6,3,0,72,month-to-month,electronic_check,fiber,0
C001783,69,26.08,1813.82,2,1,64,month-to-month,bank_transfer,fiber,0
C007259,14,96.33,1402.53,1,1,80,month-to-month,credit_card,fiber,0
C006856,50,42.3,2190.39,1,0,59,two-year,mailed_check,fiber,0
C001954,70,91.69,6450.48,3,0,25,month-to-month,mailed_check,dsl,0
C001746,72,81.09,5758.78,4,0,6,month-to-month,bank_transfer,fiber,0
C003132,55,100.03,5451.42,2,0,73,month-to-month,electronic_check,fiber,0
C008036,70,113.13,7905.39,3,0,15,month-to-month,mailed_check,none,0
C008850,19,69.2,1312.25,3,0,23,one-year,electronic_check,fiber,0
C000994,39,77.2,3104.92,3,0,83,month-to-month,bank_transfer,none,1
C006108,44,62.86,2830.28,5,0,89,one-year,bank_transfer,dsl,0
C000730,53,47.55,2508.07,2,0,87,month-to-month,credit_card,fiber,0
C006974,23,30.39,686.46,2,0,23,one-year,electronic_check,dsl,0
C006273,61,40.38,2477.8,2,0,68,month-to-month,mailed_check,dsl,0
C006751,31,31.44,964.53,3,2,11,month-to-month,electronic_check,none,0
C003509,26,106.02,2751.97,1,0,68,month-to-month,bank_transfer,dsl,0
C003533,72,113.23,8084.26,4,1,13,month-to-month,credit_card,none,0
C002513,55,89.83,4971.98,4,0,79,month-to-month,mailed_check,dsl,1
C005436,30,43.08,1256.47,4,0,47,one-year,mailed_check,fiber,0
C003625,54,24.93,1373.71,5,0,77,two-year,electronic_check,fiber,0
C000465,70,100.98,7027.67,4,1,39,two-year,electronic_check,dsl,0
C006755,66,87.11,5823.65,3,0,87,month-to-month,mailed_check,dsl,0
C006759,69,78.12,5302.94,4,0,0,month-to-month,credit_card,fiber,0
C007991,2,62.4,107.1,4,1,53,one-year,credit_card,fiber,0
C000157,41,78.95,3118.95,5,0,59,two-year,electronic_check,fiber,0
C003960,69,44.38,3100.26,2,0,68,month-to-month,electronic_check,fiber,0
C008832,69,62.73,4326.66,4,0,13,month-to-month,mailed_check,fiber,0
C005470,43,43.58,1895.48,4,0,56,one-year,electronic_check,none,0
C000185,33,106.62,3482.04,4,1,3,one-year,bank_transfer,none,0
C001002,41,76.92,3119.45,5,0,13,month-to-month,electronic_check,none,0
C009508,59,82.78,4909.75,1,0,31,month-to-month,bank_transfer,fiber,0
C005623,63,77.81,4814.33,2,0,38,one-year,bank_transfer,fiber,0
C000400,72,88.18,6355.64,2,0,12,month-to-month,mailed_check,fiber,0
C006240,47,99.26,4679.24,5,0,1,month-to-month,electronic_check,none,0
C008940,7,96.91,678.74,4,0,31,two-year,bank_transfer,dsl,0
C009932,1,103.04,58.44,3,0,54,month-to-month,electronic_check,dsl,1
C007342,61,30.17,1822.44,1,0,31,month-to-month,mailed_check,dsl,0
C009832,27,107.31,2881.18,2,0,83,one-year,mailed_check,fiber,0
C008466,29,40.87,1279.4,3,0,5,one-year,electronic_check,none,0
C008756,53,113.94,6020.72,3,1,14,month-to-month,credit_card,none,0
C007958,70,116.78,8159.41,1,1,4,month-to-month,mailed_check,fiber,0
C001250,18,103.32,1782.14,4,0,64,one-year,credit_card,fiber,1
C003143,41,53.8,2138.89,3,0,16,month-to-month,electronic_check,none,1
C007430,65,46.01,2988.87,4,2,45,two-year,mailed_check,dsl,0
C000059,50,25.55,1329.72,1,0,88,month-to-month,bank_transfer,dsl,0
C007855,60,83.06,5020.84,5,0,83,two-year,credit_card,dsl,0
C001113,22,115.21,2461.1,2,0,23,month-to-month,mailed_check,none,0
C003057,11,50.46,607.51,5,0,54,two-year,electronic_check,fiber,0
C009569,70,118.46,8267.42,4,0,23,month-to-month,bank_transfer,dsl,0
C001328,49,60.3,3042.92,4,0,63,month-to-month,credit_card,none,0
C004995,16,64.67,1080.01,5,2,17,two-year,credit_card,dsl,0
C006682,54,106.78,5843.26,3,0,83,month-to-month,bank_transfer,fiber,0
C002072,29,50.36,1493.51,5,1,89,month-to-month,electronic_check,none,1
C004793,19,24.5,556.84,1,0,79,month-to-month,bank_transfer,none,0
C006829,22,28.99,619.2,5,0,5,two-year,electronic_check,fiber,0
C009629,31,66.76,2076.7,4,0,36,month-to-month,bank_transfer,fiber,0
C008218,36,81.18,2881.92,4,0,34,month-to-month,credit_card,fiber,0
C007567,17,55.18,919.93,1,0,23,month-to-month,electronic_check,none,0
C005922,48,91.72,4430.15,2,1,45,month-to-month,bank_transfer,fiber,0
C001550,21,106.35,2357.13,2,1,47,month-to-month,credit_card,fiber,0
C001009,38,105.72,4005.25,3,0,89,month-to-month,electronic_check,dsl,0
C003755,24,43.8,1125.53,4,0,37,one-year,bank_transfer,dsl,0
C008681,10,34.89,439.35,4,0,63,month-to-month,bank_transfer,dsl,0
C009342,33,63.25,2077.31,4,0,26,one-year,credit_card,none,0
C008009,39,59.97,2286.81,1,0,50,one-year,bank_transfer,dsl,0
C003860,40,41.39,1610.76,5,0,18,month-to-month,credit_card,fiber,0
C003148,72,102.64,7404.36,2,0,40,month-to-month,credit_card,fiber,0
C002519,72,21.97,1557.4,2,0,72,month-to-month,bank_transfer,none,0
C003127,66,89.85,5842.75,3,1,12,two-year,electronic_check,none,0
C009084,30,90.69,2705.49,5,0,18,two-year,mailed_check,dsl,0
C005316,39,54.64,2155.7,3,0,74,month-to-month,credit_card,none,0
C001195,46,61.56,2867.14,1,0,89,month-to-month,credit_card,dsl,0
C009050,3,50.35,238.56,4,0,56,month-to-month,bank_transfer,none,0
C000879,46,48.1,2149.69,2,1,53,month-to-month,credit_card,fiber,0
C006989,10,86.68,878.77,3,0,22,one-year,credit_card,dsl,0
C002487,4,21.95,80.02,5,1,50,one-year,electronic_check,none,0
C002840,32,107.62,3492.12,5,0,49,month-to-month,credit_card,none,0
C004329,64,80.12,5140.04,3,1,28,month-to-month,bank_transfer,fiber,0
C002930,13,49.61,617.31,5,1,60,two-year,bank_transfer,fiber,0
C006424,70,27.72,2017.19,5,0,22,month-to-month,credit_card,fiber,0
C002485,26,99.04,2577.44,2,0,0,month-to-month,mailed_check,fiber,0
C005747,18,103.55,1804.2,2,0,18,month-to-month,electronic_check,fiber,0
C000883,12,115.98,1360.74,4,0,44,two-year,bank_transfer,dsl,1
C004914,56,52.68,2989.98,4,0,48,one-year,bank_transfer,fiber,0
C006210,5,81.62,355.06,4,0,36,one-year,electronic_check,fiber,0
C009578,10,30.37,307.97,1,0,67,month-to-month,electronic_check,fiber,0
C000211,52,44.51,2313.79,5,1,29,one-year,electronic_check,none,0
C002275,31,95.68,2937.2,1,0,22,month-to-month,bank_transfer,fiber,0
C002328,2,47.68,24.84,1,0,50,month-to-month,electronic_check,fiber,0
C004950,24,20.44,449.08,5,0,85,month-to-month,mailed_check,dsl,0
C003319,3,62.86,200.0,3,0,53,month-to-month,mailed_check,dsl,0
C009834,9,109.46,875.8,2,0,84,two-year,mailed_check,dsl,0
C004607,35,72.8,2607.25,2,0,85,month-to-month,credit_card,fiber,0
C001438,23,105.43,2334.52,1,0,59,one-year,credit_card,none,0
C000467,43,34.14,1467.3,5,0,30,month-to-month,electronic_check,none,0
C005466,3,58.39,293.42,1,0,50,month-to-month,mailed_check,dsl,0
C003329,67,67.57,4520.05,2,0,31,one-year,bank_transfer,none,0
C005828,9,81.12,751.14,5,0,27,month-to-month,credit_card,none,0
C008607,26,116.91,3026.61,3,1,24,month-to-month,bank_transfer,dsl,0
C000696,52,32.39,1644.71,4,0,53,month-to-month,credit_card,none,0
C007267,30,37.0,1201.05,3,1,59,one-year,electronic_check,fiber,0
C009144,60,76.88,4602.63,2,0,89,two-year,credit_card,dsl,0
C008180,35,66.34,2349.67,2,0,56,month-to-month,credit_card,fiber,0
C009938,45,97.96,4394.26,2,1,89,one-year,mailed_check,fiber,0
C001314,65,89.19,5761.54,5,1,62,two-year,mailed_check,dsl,0
C002301,11,85.97,948.16,3,1,23,one-year,bank_transfer,none,0
C002039,33,112.66,3806.18,3,1,23,one-year,credit_card,fiber,0
C007108,21,50.49,999.57,5,2,40,month-to-month,bank_transfer,dsl,0
C003666,43,65.69,2775.08,5,0,49,month-to-month,electronic_check,dsl,0
C000914,43,46.41,2027.77,2,0,20,two-year,bank_transfer,none,0
C000012,53,40.44,2102.54,1,0,57,month-to-month,mailed_check,fiber,0
C008583,5,83.93,420.91,1,0,41,month-to-month,mailed_check,fiber,0
C006427,43,35.88,1619.57,4,1,88,month-to-month,mailed_check,dsl,0
C001536,12,32.29,405.21,3,0,41,month-to-month,mailed_check,fiber,0
C000736,53,81.27,4336.78,1,0,48,month-to-month,bank_transfer,none,0
C008201,22,20.02,402.85,2,1,24,month-to-month,credit_card,dsl,0
C008652,24,36.92,913.83,2,0,32,month-to-month,electronic_check,fiber,0
C000453,2,37.46,39.82,4,1,10,month-to-month,credit_card,none,0
C004345,37,77.7,2911.16,1,0,5,month-to-month,credit_card,dsl,0
C000927,22,101.73,2194.3,5,0,7,two-year,credit_card,fiber,0
C006291,47,56.13,2634.38,4,0,27,two-year,credit_card,none,0
C008281,29,20.37,548.1,5,1,29,month-to-month,electronic_check,dsl,0
C008722,55,88.17,4909.14,2,1,48,one-year,bank_transfer,fiber,0
C006473,69,28.17,1907.32,4,0,43,two-year,mailed_check,fiber,0
C000037,60,39.01,2359.81,3,1,39,month-to-month,mailed_check,dsl,0
C005770,24,23.34,557.0,1,0,56,month-to-month,bank_transfer,dsl,0
C002554,71,88.31,6325.16,4,0,18,month-to-month,electronic_check,dsl,0
C007632,72,115.27,8266.08,4,0,12,month-to-month,mailed_check,dsl,0
C009998,41,50.37,2021.99,5,0,4,month-to-month,bank_transfer,fiber,1
C006620,9,98.69,887.85,5,0,24,month-to-month,mailed_check,none,0
C000940,50,89.27,4501.79,4,1,11,month-to-month,bank_transfer,dsl,0
C007398,3,29.38,43.02,3,1,72,month-to-month,credit_card,dsl,0
C006128,24,28.47,735.92,3,1,6,month-to-month,bank_transfer,dsl,0
C009829,24,109.37,2664.93,5,0,54,two-year,bank_transfer,dsl,0
C002680,9,119.69,1141.6,3,0,15,one-year,mailed_check,dsl,0
C004354,35,88.61,3167.66,1,0,3,one-year,electronic_check,dsl,0
C003058,29,90.96,2602.34,4,0,26,two-year,credit_card,fiber,0
C007880,26,30.43,796.18,3,0,39,month-to-month,credit_card,fiber,0
C000738,54,111.41,5983.49,1,1,41,month-to-month,mailed_check,fiber,0
C000538,39,56.94,2209.37,1,0,28,month-to-month,credit_card,dsl,0
C003325,57,41.42,2292.06,4,0,13,month-to-month,credit_card,fiber,0
C004239,18,116.1,2011.7,3,0,80,month-to-month,credit_card,dsl,0
C001400,62,36.11,2289.96,5,1,45,month-to-month,credit_card,fiber,0
C004046,33,46.48,1485.07,4,1,2,one-year,credit_card,none,0
C005137,48,88.13,4272.0,4,1,43,one-year,credit_card,dsl,0
C004229,2,59.03,106.81,4,2,35,one-year,credit_card,fiber,0
C004191,25,49.25,1220.6,2,0,32,month-to-month,bank_transfer,dsl,1
C009142,7,84.35,603.26,2,0,50,month-to-month,electronic_check,dsl,0
C005538,59,71.85,4307.66,4,0,54,one-year,electronic_check,dsl,0
C002692,66,60.84,4001.18,2,1,36,month-to-month,mailed_check,dsl,0
C005340,22,97.2,2156.74,3,0,25,month-to-month,bank_transfer,fiber,1
C009917,26,44.85,1099.24,5,0,42,one-year,electronic_check,dsl,0
C007670,6,47.4,256.95,4,0,53,month-to-month,mailed_check,dsl,1
C009173,37,75.71,2843.89,3,0,66,month-to-month,bank_transfer,fiber,0
C001807,35,115.01,4048.36,4,1,12,month-to-month,electronic_check,dsl,1
C005111,50,49.77,2537.58,1,1,61,month-to-month,mailed_check,dsl,0
C003989,35,58.66,2124.58,3,0,44,month-to-month,electronic_check,fiber,0
C003455,63,27.89,1793.11,1,1,56,one-year,electronic_check,fiber,0
C002907,69,102.89,7151.95,1,0,19,month-to-month,electronic_check,dsl,0
C006651,61,72.74,4526.92,2,1,49,one-year,electronic_check,none,0
C008287,28,116.72,3316.71,5,1,66,month-to-month,electronic_check,dsl,0
C006244,58,102.17,5918.91,5,0,38,month-to-month,mailed_check,fiber,0
C002697,31,103.03,3269.35,2,0,24,two-year,credit_card,dsl,0
C004016,20,85.06,1682.97,3,0,74,month-to-month,credit_card,dsl,0
C004339,37,51.2,1858.57,4,0,48,month-to-month,bank_transfer,fiber,0
C004645,30,69.78,2148.05,2,0,32,month-to-month,bank_transfer,dsl,0
C007739,34,91.51,3081.03,1,0,33,month-to-month,electronic_check,none,0
C007091,34,43.8,1540.21,4,0,1,month-to-month,bank_transfer,fiber,0
C004692,72,93.58,6795.15,5,1,46,month-to-month,mailed_check,dsl,0
C001739,15,53.19,756.84,3,0,44,two-year,mailed_check,fiber,1
C005406,53,98.2,5266.08,4,0,5,two-year,mailed_check,fiber,0
C004588,44,97.33,4356.15,3,0,9,month-to-month,mailed_check,fiber,0
C003125,65,55.62,3605.78,2,0,25,month-to-month,credit_card,fiber,0
C002157,46,115.45,5343.35,2,0,78,month-to-month,bank_transfer,fiber,1
C005333,65,20.76,1280.55,2,0,40,month-to-month,credit_card,fiber,0
C008636,2,20.67,138.6,3,1,76,month-to-month,mailed_check,fiber,0
C001825,65,75.83,4891.37,1,1,15,one-year,credit_card,dsl,0
C004230,6,26.59,124.92,3,0,66,month-to-month,bank_transfer,dsl,0
C003487,70,26.34,1829.33,4,0,35,month-to-month,mailed_check,fiber,0
C009053,53,103.17,5500.87,3,1,50,month-to-month,mailed_check,fiber,1
C009768,51,39.16,1956.81,1,0,49,two-year,electronic_check,fiber,0
C003647,44,44.77,1930.18,4,0,37,month-to-month,mailed_check,fiber,0
C005902,7,60.3,406.51,1,0,30,month-to-month,mailed_check,fiber,0
C006385,40,45.17,1805.93,2,0,12,month-to-month,electronic_check,dsl,0
C005638,8,74.78,568.3,3,1,87,two-year,mailed_check,dsl,0
C006423,51,32.04,1687.99,3,0,19,two-year,mailed_check,fiber,0
C007826,21,107.16,2224.15,1,1,86,one-year,electronic_check,fiber,0
C007743,15,78.1,1215.69,1,0,22,month-to-month,credit_card,none,0
C003012,4,87.69,327.36,4,0,58,month-to-month,bank_transfer,fiber,0
C007671,32,112.36,3577.84,5,0,69,two-year,credit_card,dsl,0
C009548,69,28.7,1884.68,1,0,54,month-to-month,mailed_check,none,0
C009977,67,76.6,5147.74,3,1,60,two-year,mailed_check,dsl,0
C003080,32,41.05,1396.02,2,0,21,two-year,mailed_check,fiber,0
C003520,60,81.75,4950.54,1,0,17,month-to-month,bank_transfer,dsl,1
C004978,67,30.53,2029.42,3,0,62,month-to-month,credit_card,dsl,0
C007619,58,118.38,6921.0,4,0,48,month-to-month,bank_transfer,dsl,0
C004347,11,103.35,1091.68,5,0,75,month-to-month,mailed_check,dsl,0
C008440,34,97.86,3406.53,2,1,64,one-year,bank_transfer,none,0
C001346,62,115.47,7142.87,1,1,40,month-to-month,mailed_check,none,1
C007087,17,35.26,603.69,5,0,62,month-to-month,mailed_check,dsl,0
C008947,3,22.29,38.81,1,0,69,two-year,bank_transfer,dsl,0
C005651,54,64.44,3488.78,5,2,45,month-to-month,credit_card,fiber,1
C008081,32,62.76,2070.36,5,0,47,month-to-month,credit_card,fiber,0
C001791,64,52.7,3310.15,4,2,13,month-to-month,credit_card,fiber,0
C007428,64,119.78,7656.16,3,0,73,month-to-month,electronic_check,fiber,1
C009579,50,47.69,2436.54,5,0,74,month-to-month,mailed_check,none,0
C009959,66,48.34,3200.99,5,0,79,month-to-month,credit_card,fiber,0
C002270,24,106.0,2578.13,4,0,13,month-to-month,electronic_check,none,0
C009766,26,27.62,713.76,4,0,8,month-to-month,mailed_check,fiber,0
C002955,72,87.79,6310.87,2,0,8,two-year,credit_card,none,0
C003443,16,61.28,1003.92,1,0,49,one-year,credit_card,none,0
C007735,19,119.43,2260.67,4,0,80,one-year,mailed_check,dsl,0
C000833,11,85.34,949.68,4,0,29,one-year,mailed_check,fiber,0
C006498,22,73.34,1597.83,5,0,25,month-to-month,mailed_check,dsl,0
C002991,46,114.41,5201.7,5,1,44,month-to-month,bank_transfer,none,0
C007792,54,69.54,3733.96,1,1,61,one-year,electronic_check,dsl,1
C002150,24,75.85,1814.9,1,0,34,month-to-month,bank_transfer,fiber,0
C004022,40,110.86,4421.67,2,0,59,two-year,electronic_check,fiber,0
C007614,57,35.85,2048.1,1,0,44,two-year,mailed_check,dsl,0
C006123,32,27.72,912.14,4,0,15,one-year,mailed_check,dsl,0
C003338,62,60.03,3738.76,2,1,87,two-year,electronic_check,none,0
C004343,19,40.02,693.36,5,0,89,month-to-month,electronic_check,dsl,0
C004463,48,35.73,1689.72,1,0,60,month-to-month,mailed_check,fiber,0
C002375,72,34.59,2526.42,4,1,85,month-to-month,credit_card,dsl,0
C009043,30,106.29,3137.51,1,0,12,month-to-month,mailed_check,fiber,0
C005570,55,76.89,4250.96,3,0,80,month-to-month,electronic_check,dsl,0
C008598,22,54.34,1169.51,3,1,55,one-year,electronic_check,dsl,0
C008503,11,43.21,590.44,3,0,5,two-year,bank_transfer,none,0
C008879,22,52.46,1162.48,5,2,5,month-to-month,bank_transfer,fiber,0
C001886,47,62.56,2960.6,1,0,29,month-to-month,electronic_check,fiber,0
C001197,71,34.87,2480.45,1,1,81,two-year,credit_card,none,0
C006426,71,103.48,7306.29,3,1,70,one-year,mailed_check,none,0
C008910,17,87.46,1538.72,3,0,46,one-year,mailed_check,dsl,0
C002935,17,50.57,877.47,5,0,45,month-to-month,bank_transfer,dsl,0
C006341,72,38.12,2721.42,4,0,75,month-to-month,credit_card,dsl,0
C001429,57,33.65,1940.28,1,0,1,two-year,electronic_check,dsl,0
C006306,59,45.98,2686.72,5,0,44,month-to-month,bank_transfer,none,0
C003649,54,84.49,4530.33,2,0,44,month-to-month,credit_card,fiber,0
C001937,40,76.35,3074.96,1,0,67,month-to-month,mailed_check,fiber,1
C005171,33,51.79,1657.99,3,0,45,month-to-month,mailed_check,fiber,0
C007763,66,91.94,6046.58,4,2,67,month-to-month,electronic_check,none,0
C006392,19,90.26,1662.17,2,0,28,two-year,mailed_check,fiber,0
C001153,66,48.3,3154.46,4,0,19,month-to-month,credit_card,none,0
C006249,14,72.87,931.75,4,0,35,month-to-month,bank_transfer,dsl,0
C007036,6,70.55,423.61,4,0,17,month-to-month,bank_transfer,dsl,0
C004228,26,98.17,2509.63,4,0,82,month-to-month,electronic_check,none,0
C004974,58,84.24,4882.26,3,0,78,month-to-month,credit_card,none,0
C006400,39,98.66,3867.79,2,3,61,month-to-month,bank_transfer,none,1
C003639,45,21.45,963.78,3,1,88,month-to-month,mailed_check,fiber,0
C003971,67,59.02,3919.27,5,0,77,one-year,bank_transfer,none,0
C009593,14,111.55,1548.42,5,0,51,month-to-month,bank_transfer,dsl,0
C003375,37,77.64,2858.71,3,2,75,month-to-month,credit_card,none,0
C002486,18,46.43,953.43,3,0,82,month-to-month,mailed_check,fiber,0
C006953,60,119.22,7199.72,4,0,44,month-to-month,credit_card,fiber,0
C000605,39,75.66,2940.19,2,1,88,two-year,electronic_check,none,0
C007443,38,42.6,1631.28,5,0,41,two-year,electronic_check,dsl,0
C005927,43,111.93,4810.65,4,1,66,month-to-month,mailed_check,dsl,0
C002453,34,80.32,2819.83,1,0,86,month-to-month,credit_card,none,0
C003608,45,46.03,2102.34,3,0,50,one-year,electronic_check,dsl,0
C001483,9,93.49,864.52,2,0,80,month-to-month,mailed_check,dsl,0
C004518,52,50.52,2556.15,2,0,81,one-year,bank_transfer,dsl,0
C003037,12,69.21,943.71,4,0,24,one-year,bank_transfer,fiber,0
C009351,11,95.09,949.51,4,0,74,month-to-month,bank_transfer,fiber,0
C007691,37,77.52,2872.49,1,0,3,month-to-month,bank_transfer,dsl,0
C004115,35,104.56,3622.28,2,0,25,month-to-month,mailed_check,dsl,0
C001426,49,31.45,1545.02,3,1,75,one-year,bank_transfer,fiber,0
C000496,9,116.43,1121.17,5,0,80,month-to-month,mailed_check,none,1
C003352,8,100.76,753.58,2,0,83,month-to-month,bank_transfer,none,0
C008793,13,83.75,1066.52,1,0,35,two-year,bank_transfer,fiber,0
C000758,10,43.97,428.97,4,1,27,month-to-month,credit_card,fiber,0
C000837,15,71.26,984.93,5,0,78,month-to-month,credit_card,fiber,0
C004326,62,72.05,4508.79,3,0,27,month-to-month,electronic_check,none,0
C002127,46,65.88,2983.92,4,0,55,month-to-month,mailed_check,dsl,0
C001022,63,33.29,2061.5,4,1,40,month-to-month,bank_transfer,dsl,0
C008761,38,71.96,2724.25,5,1,86,two-year,electronic_check,dsl,0
C005613,24,34.19,826.18,4,0,71,month-to-month,mailed_check,fiber,0
C005580,39,97.67,3798.28,2,1,84,month-to-month,bank_transfer,fiber,0
C001057,56,77.05,4299.75,1,0,11,month-to-month,mailed_check,fiber,0
C009541,47,117.73,5458.1,4,0,60,two-year,bank_transfer,fiber,0
C006855,64,51.96,3318.37,4,0,73,month-to-month,credit_card,none,0
C007348,67,112.18,7512.68,1,0,81,two-year,bank_transfer,fiber,0
C009044,70,101.49,7086.87,2,0,23,two-year,bank_transfer,dsl,0
C002128,5,105.13,557.22,4,1,61,month-to-month,credit_card,none,0
C002766,27,92.76,2534.45,1,1,84,month-to-month,credit_card,fiber,1
C002108,21,53.75,1190.19,4,1,26,month-to-month,bank_transfer,none,0
C003616,4,77.11,400.77,4,0,68,month-to-month,bank_transfer,none,0
C001544,17,45.88,852.35,3,0,62,one-year,electronic_check,fiber,0
C006913,68,46.9,3202.04,3,0,87,one-year,credit_card,dsl,0
C001718,30,82.52,2492.5,3,2,78,month-to-month,bank_transfer,fiber,0
C007434,30,91.48,2705.38,3,0,4,month-to-month,electronic_check,none,0
C007364,72,118.95,8534.67,2,0,12,two-year,mailed_check,dsl,0
C006234,55,94.03,5196.62,2,0,71,two-year,bank_transfer,dsl,1
C000724,57,100.04,5760.77,1,0,81,month-to-month,credit_card,none,0
C006672,25,67.48,1771.32,4,0,81,month-to-month,mailed_check,dsl,1
C008028,31,44.46,1341.88,5,0,53,month-to-month,electronic_check,fiber,0
C005491,57,65.0,3646.0,1,1,22,one-year,bank_transfer,dsl,0
C001127,46,20.54,937.21,5,0,55,two-year,electronic_check,fiber,0
C002956,8,56.0,497.98,5,0,67,month-to-month,electronic_check,dsl,0
C005155,62,54.01,3324.24,5,0,46,one-year,mailed_check,none,0
C004816,63,22.67,1415.17,3,0,14,month-to-month,mailed_check,fiber,0
C006201,69,32.01,2293.77,4,0,52,one-year,electronic_check,dsl,0
C006223,19,68.09,1262.39,4,0,80,one-year,bank_transfer,fiber,0
C008685,41,36.85,1482.3,2,0,70,month-to-month,bank_transfer,fiber,0
C007113,36,36.71,1373.72,3,0,87,month-to-month,credit_card,none,0
C005274,45,38.79,1697.03,5,0,37,month-to-month,credit_card,fiber,0
C008535,59,65.77,3857.61,2,0,63,two-year,bank_transfer,fiber,0
C003043,39,65.78,2585.03,4,1,46,two-year,mailed_check,fiber,0
C006911,57,105.13,5970.95,2,0,74,month-to-month,bank_transfer,dsl,0
C000149,5,47.68,318.27,5,0,72,month-to-month,mailed_check,dsl,0
C007573,70,44.94,3055.22,5,0,81,one-year,bank_transfer,dsl,0
C004205,59,104.33,6212.54,2,0,54,one-year,bank_transfer,fiber,0
C005492,13,115.01,1434.26,3,1,34,month-to-month,credit_card,none,1
C002689,71,56.86,3977.41,4,1,71,two-year,credit_card,fiber,0
C004220,9,117.77,1123.97,5,0,33,month-to-month,bank_transfer,fiber,0
C009101,6,44.17,352.05,1,0,18,month-to-month,bank_transfer,dsl,0
C000841,48,53.28,2564.84,5,0,56,one-year,bank_transfer,fiber,0
C008136,59,30.95,1745.46,2,0,3,month-to-month,credit_card,dsl,0
C006437,21,43.85,905.09,3,0,27,month-to-month,bank_transfer,dsl,0
C009699,56,74.39,4149.76,4,0,72,one-year,credit_card,dsl,0
C006199,13,29.8,424.29,2,1,39,month-to-month,mailed_check,none,0
C002794,5,83.48,503.65,5,0,14,month-to-month,electronic_check,dsl,0
C007625,41,78.38,3283.46,3,0,74,month-to-month,mailed_check,fiber,0
C008474,59,64.61,3795.38,1,1,82,two-year,electronic_check,fiber,0
C007889,13,65.29,891.94,5,1,53,month-to-month,credit_card,fiber,0
C006607,72,59.31,4284.12,5,1,36,month-to-month,electronic_check,dsl,0
C009194,16,110.04,1761.15,3,0,86,one-year,credit_card,dsl,0
C008247,28,42.88,1203.25,1,0,74,month-to-month,electronic_check,none,0
C001392,71,51.89,3685.52,1,0,40,one-year,electronic_check,fiber,0
C001921,39,99.1,4009.06,4,1,62,two-year,mailed_check,dsl,0
C007018,34,78.48,2617.75,5,0,14,month-to-month,bank_transfer,fiber,0
C003621,17,80.11,1372.22,5,0,79,month-to-month,bank_transfer,dsl,0
C004848,12,57.85,761.53,4,0,67,month-to-month,electronic_check,dsl,0
C002291,24,46.71,1091.62,4,0,18,month-to-month,bank_transfer,dsl,0
C002133,29,62.24,1872.66,1,1,85,two-year,credit_card,fiber,0
C000550,58,48.79,2818.01,1,0,7,two-year,electronic_check,fiber,0
C001740,32,79.86,2622.8,5,0,74,month-to-month,electronic_check,fiber,0
C005289,21,32.58,714.45,3,0,29,two-year,electronic_check,none,0
C001817,19,39.01,712.82,2,0,16,one-year,electronic_check,none,0
C004698,22,35.32,921.5,3,1,82,month-to-month,mailed_check,fiber,0
C005181,56,80.96,4558.52,3,0,6,month-to-month,credit_card,fiber,0
C003018,44,53.1,2384.55,3,0,62,month-to-month,mailed_check,dsl,0
C000017,10,68.67,778.92,3,1,81,one-year,electronic_check,fiber,1
C001770,25,54.85,1336.86,4,0,20,two-year,credit_card,fiber,0
C001888,5,80.86,470.24,2,1,80,one-year,bank_transfer,dsl,0
C002152,62,119.93,7450.88,4,0,0,month-to-month,mailed_check,fiber,0
C001642,33,40.61,1338.93,4,0,15,two-year,electronic_check,dsl,0
C007846,20,62.73,1219.99,3,0,10,two-year,bank_transfer,fiber,0
C004193,3,45.85,124.24,1,2,14,month-to-month,credit_card,none,0
C009432,62,100.52,6188.56,5,0,73,month-to-month,mailed_check,fiber,0
C008898,53,59.08,3132.72,3,1,14,two-year,bank_transfer,dsl,0
C000533,21,54.68,1185.86,3,0,28,month-to-month,mailed_check,fiber,0
C000132,7,41.95,267.5,2,0,56,month-to-month,credit_card,dsl,0
C007722,59,22.51,1322.86,3,1,23,month-to-month,electronic_check,none,0
C008458,30,78.38,2398.51,2,0,11,month-to-month,bank_transfer,none,0
C000964,69,89.44,6233.16,2,0,5,month-to-month,mailed_check,dsl,0
C008719,54,28.87,1501.38,1,0,67,two-year,mailed_check,none,0
C006412,7,101.96,680.12,1,0,51,two-year,credit_card,fiber,1
C008285,3,85.3,324.42,2,0,48,month-to-month,electronic_check,dsl,0
C007853,39,44.62,1740.99,3,0,65,month-to-month,credit_card,none,0
C001095,6,57.45,388.55,4,0,56,month-to-month,bank_transfer,dsl,0
C006929,55,103.34,5595.02,1,0,57,two-year,mailed_check,fiber,0
C009254,63,110.8,6914.78,4,0,62,one-year,bank_transfer,none,0
C001561,19,55.27,1079.54,5,0,13,month-to-month,bank_transfer,fiber,0
C001670,55,56.75,3171.99,5,1,20,month-to-month,credit_card,dsl,0
C006087,33,79.04,2501.53,5,0,86,one-year,electronic_check,fiber,0
C006669,27,86.95,2388.25,3,1,29,month-to-month,bank_transfer,dsl,0
C005933,24,70.53,1602.78,5,0,13,month-to-month,credit_card,fiber,0
C008829,19,20.9,445.84,1,0,67,month-to-month,bank_transfer,fiber,0
C007945,38,67.52,2569.78,2,0,28,one-year,mailed_check,fiber,0
C003508,5,114.63,556.89,2,0,81,month-to-month,electronic_check,dsl,0
C002002,29,79.87,2300.71,1,0,39,one-year,electronic_check,dsl,0
C005866,52,23.32,1226.29,1,1,81,month-to-month,credit_card,fiber,0
C000168,25,32.42,848.02,1,0,50,month-to-month,credit_card,dsl,0
C002588,70,81.8,5782.91,5,1,3,one-year,credit_card,dsl,0
C005905,11,26.62,297.82,1,1,45,month-to-month,bank_transfer,fiber,0
C009529,32,35.35,1112.81,4,0,20,month-to-month,credit_card,fiber,0
C006384,18,53.36,1001.44,4,0,59,month-to-month,electronic_check,fiber,0
C007824,59,85.69,4969.41,4,0,42,month-to-month,bank_transfer,dsl,0
C009779,72,20.56,1476.02,4,0,70,month-to-month,bank_transfer,fiber,0
C004629,26,86.12,2344.49,5,1,22,month-to-month,electronic_check,dsl,1
C008560,70,22.25,1534.07,5,0,10,month-to-month,credit_card,fiber,0
C009291,72,61.56,4508.26,4,1,36,month-to-month,electronic_check,fiber,0
C006874,32,71.08,2224.16,4,0,29,two-year,bank_transfer,fiber,0
C006521,6,25.5,206.15,1,0,39,two-year,mailed_check,dsl,0
C008979,39,110.88,4317.57,2,0,72,one-year,mailed_check,dsl,0
C006647,58,54.97,3149.56,1,1,24,one-year,electronic_check,none,0
C009825,28,96.54,2746.53,1,0,48,month-to-month,mailed_check,dsl,0
C000210,19,65.12,1237.13,3,0,26,two-year,credit_card,fiber,0
C005278,28,24.63,732.05,3,0,72,month-to-month,mailed_check,fiber,0
C001919,39,79.46,3051.1,5,0,50,month-to-month,bank_transfer,fiber,0
C000718,17,29.83,479.48,1,0,28,one-year,mailed_check,dsl,0
C004868,67,36.62,2443.67,2,0,6,one-year,credit_card,fiber,0
C007834,67,47.11,3076.47,3,0,77,one-year,electronic_check,dsl,0
C001298,39,47.89,1863.74,2,0,86,month-to-month,electronic_check,fiber,0
C009193,32,109.47,3507.78,4,0,87,one-year,bank_transfer,fiber,1
C004617,44,27.1,1263.69,3,0,52,two-year,electronic_check,dsl,0
C003128,37,80.88,2995.62,1,1,71,one-year,bank_transfer,dsl,0
C009795,37,84.98,3170.96,3,0,77,month-to-month,credit_card,dsl,0
C003979,11,82.51,869.76,2,0,2,two-year,electronic_check,fiber,0
C009924,5,30.5,146.43,1,1,70,month-to-month,credit_card,dsl,0
C008317,33,53.24,1774.9,3,1,54,month-to-month,mailed_check,none,0
C004393,5,41.12,208.32,5,0,50,two-year,bank_transfer,fiber,0
C001287,17,116.86,1941.45,3,0,34,month-to-month,mailed_check,fiber,0
C004355,60,51.06,2968.08,4,1,11,month-to-month,credit_card,dsl,0
C007013,36,26.04,879.02,3,0,37,month-to-month,mailed_check,fiber,0
C003885,30,35.3,1095.97,5,1,78,month-to-month,electronic_check,none,0
C005749,9,35.95,352.01,3,0,0,month-to-month,mailed_check,fiber,0
C009169,49,97.75,4789.47,3,2,4,month-to-month,credit_card,dsl,0
C002407,52,77.56,4026.28,3,1,11,one-year,bank_transfer,dsl,0
C002013,67,91.81,6237.73,5,1,43,one-year,credit_card,dsl,0
C005153,51,54.01,2754.82,3,0,75,month-to-month,bank_transfer,fiber,0
C008551,4,98.74,446.09,3,1,71,month-to-month,electronic_check,dsl,0
C004376,23,119.88,2680.74,4,1,23,one-year,bank_transfer,fiber,0
C008822,47,50.41,2361.76,3,0,83,month-to-month,electronic_check,dsl,0
C004273,23,82.13,1902.9,5,1,38,one-year,credit_card,fiber,0
C005825,39,84.9,3368.1,5,0,75,two-year,credit_card,none,0
C006699,29,101.29,2918.52,4,0,25,month-to-month,credit_card,fiber,0
C007243,20,102.26,2104.08,5,0,63,month-to-month,electronic_check,fiber,0
C000449,21,64.56,1317.55,2,1,62,two-year,electronic_check,fiber,0
C002227,68,51.93,3579.93,1,0,56,month-to-month,mailed_check,fiber,0
C005756,24,103.97,2539.34,5,0,39,two-year,bank_transfer,fiber,0
C000810,4,71.38,221.19,3,1,48,month-to-month,bank_transfer,fiber,0
C004180,48,62.7,2935.09,1,0,14,month-to-month,mailed_check,dsl,0
C009000,33,77.73,2608.3,3,0,66,month-to-month,electronic_check,dsl,0
C005438,31,111.8,3441.17,1,0,67,month-to-month,bank_transfer,fiber,1
C007533,37,67.13,2494.67,2,0,56,month-to-month,bank_transfer,dsl,0
C006369,5,101.29,580.57,5,0,29,month-to-month,credit_card,none,0
C008416,39,108.09,4170.02,1,0,2,one-year,credit_card,fiber,0
C001477,29,62.36,1800.4,5,0,40,two-year,bank_transfer,fiber,0
C001790,43,57.48,2526.55,2,2,58,two-year,mailed_check,fiber,0
C002008,57,20.13,1210.99,2,1,84,one-year,mailed_check,dsl,0
C000682,70,37.33,2641.12,4,1,25,one-year,electronic_check,dsl,0
C002816,49,75.41,3740.29,5,0,36,two-year,credit_card,dsl,0
C009431,14,88.96,1286.58,3,0,38,two-year,credit_card,dsl,0
C003774,31,87.58,2736.35,4,0,9,two-year,electronic_check,dsl,0
C006495,58,56.33,3219.71,3,0,66,month-to-month,electronic_check,dsl,0
C008878,25,98.06,2338.37,4,0,63,two-year,bank_transfer,dsl,0
C007361,54,73.14,3947.92,2,0,8,one-year,bank_transfer,dsl,0
C008366,25,60.34,1473.29,2,0,13,month-to-month,bank_transfer,dsl,0
C007474,35,79.69,2715.05,2,0,86,month-to-month,bank_transfer,fiber,0
C000046,33,42.97,1434.39,4,0,27,one-year,credit_card,dsl,0
C000030,33,20.75,692.57,4,0,9,one-year,bank_transfer,fiber,0
C008250,45,96.15,4313.75,1,0,88,two-year,bank_transfer,dsl,0
C006935,22,84.32,1880.2,5,0,69,two-year,electronic_check,none,0
C001468,56,115.4,6456.58,5,0,55,one-year,credit_card,fiber,0
C001665,29,91.56,2558.29,3,0,44,month-to-month,credit_card,none,0
C001416,46,64.98,3002.76,5,0,73,one-year,electronic_check,dsl,0
C006480,48,82.38,3901.36,2,0,10,one-year,bank_transfer,none,0
C004852,8,56.04,445.53,5,0,19,month-to-month,credit_card,dsl,0
C002470,65,37.73,2459.28,3,1,76,month-to-month,bank_transfer,dsl,0
C004373,59,116.87,6962.87,5,1,48,month-to-month,mailed_check,fiber,0
C008524,32,46.17,1503.41,1,1,29,two-year,mailed_check,fiber,0
C000429,52,80.1,4143.92,2,0,42,two-year,bank_transfer,dsl,0
C005244,26,51.36,1374.7,3,0,23,month-to-month,credit_card,fiber,0
C002119,51,85.19,4461.99,2,1,83,month-to-month,mailed_check,dsl,0
C000385,9,97.91,914.08,2,0,35,two-year,mailed_check,dsl,0
C001945,9,97.39,842.19,1,0,70,month-to-month,electronic_check,dsl,1
C004224,57,24.9,1359.7,4,3,21,month-to-month,mailed_check,dsl,0
C000473,34,40.77,1402.95,3,2,41,month-to-month,credit_card,dsl,0
C002129,24,50.46,1228.73,2,0,58,month-to-month,credit_card,fiber,0
C006556,11,40.41,488.13,3,0,82,month-to-month,mailed_check,fiber,1
C006998,30,101.93,3056.66,1,0,67,one-year,mailed_check,dsl,0
C001055,72,23.82,1721.27,1,0,26,month-to-month,mailed_check,fiber,0
C003274,18,46.69,828.42,4,0,65,month-to-month,bank_transfer,none,0
C004961,37,65.05,2485.97,5,0,35,one-year,bank_transfer,fiber,0
C005363,62,87.96,5450.62,4,1,23,month-to-month,credit_card,dsl,0
C005816,30,94.43,2817.24,2,0,48,month-to-month,electronic_check,fiber,0
C000811,64,27.47,1770.5,4,0,77,two-year,bank_transfer,none,0
C004573,64,91.81,5845.48,3,0,72,one-year,bank_transfer,fiber,0
C006137,53,110.63,5864.87,1,0,34,month-to-month,credit_card,fiber,0
C002388,69,23.45,1649.73,4,0,36,month-to-month,bank_transfer,fiber,0
C009648,71,109.34,7816.78,5,1,83,one-year,credit_card,dsl,0
C006225,52,44.83,2349.91,2,1,56,month-to-month,bank_transfer,dsl,0
C000111,57,81.21,4639.37,4,0,84,two-year,credit_card,fiber,0
C008909,39,56.5,2218.2,4,0,51,month-to-month,credit_card,none,0
C001745,71,29.84,2151.66,2,0,72,month-to-month,mailed_check,fiber,0
C007851,41,117.19,4721.09,2,0,86,one-year,electronic_check,fiber,0
C001452,4,69.08,182.68,2,0,51,month-to-month,electronic_check,fiber,0
C000319,56,52.81,2954.89,1,0,48,month-to-month,electronic_check,fiber,0
C008593,33,32.49,1081.22,2,0,61,two-year,mailed_check,dsl,0
C003333,62,78.46,4922.54,1,0,85,month-to-month,mailed_check,none,0
C001922,60,62.01,3595.39,1,0,81,one-year,mailed_check,none,0
C005865,41,46.76,1966.1,4,0,74,month-to-month,mailed_check,fiber,0
C009528,12,41.79,532.05,4,0,5,month-to-month,mailed_check,fiber,0
C003685,12,32.74,344.19,1,0,18,one-year,bank_transfer,dsl,0
C004275,56,24.5,1401.47,4,1,48,one-year,mailed_check,fiber,0
C004889,35,111.51,3913.47,1,0,39,month-to-month,mailed_check,none,1
C005225,36,92.44,3304.81,1,0,54,one-year,electronic_check,fiber,0
C007472,16,41.61,607.32,1,1,18,two-year,electronic_check,fiber,0
C003605,10,61.89,595.99,2,0,16,one-year,mailed_check,fiber,0
C001052,37,104.91,3894.9,4,1,82,two-year,bank_transfer,none,0
C004156,51,66.16,3366.77,5,0,21,one-year,bank_transfer,dsl,0
C009676,59,77.67,4540.6,5,0,6,two-year,credit_card,fiber,0
C000099,11,106.18,1156.61,4,0,62,two-year,bank_transfer,fiber,0
C007508,46,105.45,4916.76,2,0,79,one-year,bank_transfer,dsl,0
C001456,71,67.2,4669.33,4,1,50,month-to-month,bank_transfer,fiber,0
C007688,4,34.58,231.8,4,0,84,one-year,bank_transfer,none,0
C004004,58,20.89,1267.21,5,1,3,one-year,mailed_check,fiber,0
C006866,33,55.15,1865.09,1,0,48,month-to-month,electronic_check,dsl,0
C004509,70,27.32,1942.16,1,0,34,month-to-month,mailed_check,dsl,0
C003299,58,54.45,3081.43,4,1,54,two-year,electronic_check,dsl,0
C003799,4,60.88,263.28,2,0,23,one-year,bank_transfer,dsl,0
C004281,65,119.19,7738.74,3,0,28,month-to-month,bank_transfer,dsl,0
C009051,41,103.62,4246.39,2,0,11,month-to-month,electronic_check,fiber,1
C006462,18,85.27,1525.99,1,0,30,two-year,electronic_check,fiber,0
C007912,15,48.98,740.58,1,0,61,month-to-month,bank_transfer,none,0
C001414,43,73.43,3157.03,1,0,78,month-to-month,credit_card,fiber,0
C000540,52,116.18,5984.19,4,0,53,month-to-month,mailed_check,none,0
C005815,5,27.16,152.61,5,1,39,two-year,credit_card,dsl,0
C008199,66,60.93,4046.79,2,0,67,one-year,bank_transfer,fiber,0
C003680,52,33.58,1739.52,3,0,46,month-to-month,bank_transfer,fiber,0
C000754,40,28.59,1175.16,2,1,62,month-to-month,credit_card,fiber,0
C004196,40,76.54,2995.92,4,0,44,month-to-month,mailed_check,fiber,0
C002650,64,101.98,6461.9,1,0,59,one-year,bank_transfer,dsl,0
C004522,39,23.18,942.31,1,0,27,one-year,mailed_check,dsl,0
C009519,68,81.94,5647.02,1,0,79,month-to-month,electronic_check,none,0
C003118,2,59.71,111.53,5,0,11,one-year,bank_transfer,fiber,0
C003728,25,32.59,910.21,1,0,15,month-to-month,credit_card,fiber,0
C003886,6,24.78,270.33,5,0,67,month-to-month,mailed_check,fiber,0
C007107,38,30.34,1170.11,1,1,7,two-year,electronic_check,fiber,0
C008068,59,25.87,1594.37,2,0,4,month-to-month,electronic_check,dsl,0
C007325,65,38.06,2492.27,3,1,26,month-to-month,credit_card,fiber,0
C008483,60,34.82,2057.59,3,0,16,two-year,bank_transfer,fiber,0
C008767,34,57.73,2025.52,5,0,55,month-to-month,mailed_check,fiber,0
C006500,9,71.88,665.84,2,0,18,two-year,credit_card,dsl,0
C008426,19,117.33,2293.96,5,0,47,month-to-month,electronic_check,fiber,0
C007963,32,96.8,3090.64,5,0,75,two-year,mailed_check,dsl,0
C000601,57,26.73,1586.76,2,1,76,two-year,credit_card,fiber,0
C009249,8,64.96,553.56,3,1,62,month-to-month,credit_card,dsl,0
C008919,60,115.3,6869.17,5,0,81,two-year,electronic_check,dsl,0
C006814,27,68.62,1844.27,1,0,39,month-to-month,electronic_check,dsl,0
C005411,34,22.31,760.72,3,0,13,one-year,bank_transfer,fiber,0
C008747,12,64.23,813.34,3,0,2,one-year,electronic_check,dsl,0
C005522,55,21.92,1199.07,4,0,19,month-to-month,electronic_check,fiber,0
C001044,52,72.87,3886.17,1,1,78,one-year,electronic_check,dsl,0
C007334,25,28.74,713.58,4,0,49,month-to-month,mailed_check,dsl,0
C001557,56,34.46,1934.05,4,0,22,month-to-month,electronic_check,fiber,0
C003739,60,83.95,4960.33,2,0,0,one-year,mailed_check,fiber,0
C003522,60,116.76,7001.16,1,1,80,month-to-month,mailed_check,fiber,1
C000180,68,85.79,5805.49,5,0,20,two-year,electronic_check,fiber,0
C002115,15,109.64,1698.2,3,1,60,month-to-month,electronic_check,dsl,1
C001699,70,75.67,5232.19,3,0,26,month-to-month,mailed_check,dsl,0
C001379,39,66.28,2560.93,4,0,71,two-year,electronic_check,dsl,0
C007229,44,80.96,3493.97,5,0,6,month-to-month,bank_transfer,fiber,0
C009143,64,99.24,6346.54,4,1,10,month-to-month,credit_card,dsl,0
C000618,5,80.56,463.81,3,0,86,two-year,electronic_check,dsl,0
C003181,15,95.53,1411.03,4,0,13,month-to-month,bank_transfer,dsl,0
C009851,25,94.39,2494.2,3,1,83,month-to-month,mailed_check,dsl,1
C001600,22,21.74,530.48,3,1,55,two-year,credit_card,fiber,0
C005963,21,88.92,1914.76,5,1,27,two-year,bank_transfer,dsl,0
C001615,13,32.54,473.03,4,0,22,month-to-month,electronic_check,fiber,0
C005920,11,72.7,737.26,5,0,45,month-to-month,mailed_check,none,0
C009591,14,118.21,1630.34,2,0,70,two-year,bank_transfer,dsl,1
C003891,67,90.64,6046.91,5,0,37,month-to-month,electronic_check,none,0
C002083,49,40.82,1963.43,4,1,60,month-to-month,mailed_check,dsl,0
C004574,52,25.22,1381.51,3,0,68,one-year,bank_transfer,fiber,0
C005594,62,100.22,6264.41,4,0,53,one-year,credit_card,fiber,0
C005121,45,42.45,1907.04,1,1,49,two-year,mailed_check,fiber,0
C004587,23,72.8,1727.52,4,0,67,month-to-month,bank_transfer,none,0
C004902,45,91.25,4166.28,5,0,66,two-year,credit_card,none,0
C008252,3,60.66,217.67,1,3,21,one-year,electronic_check,none,0
C005916,24,62.67,1447.74,2,0,23,one-year,bank_transfer,dsl,0
C005129,44,58.31,2634.06,1,0,55,month-to-month,mailed_check,dsl,0
C008334,72,68.63,4977.58,4,0,46,month-to-month,mailed_check,fiber,0
C001918,33,48.03,1626.94,4,0,33,two-year,credit_card,none,0
C008330,3,46.03,226.21,4,0,19,month-to-month,credit_card,dsl,0
C005707,24,75.03,1783.47,2,1,68,month-to-month,credit_card,fiber,0
C005384,5,96.34,458.08,2,1,72,one-year,bank_transfer,dsl,1
C006336,39,44.45,1773.09,1,0,19,month-to-month,credit_card,dsl,0
C002054,52,32.51,1717.21,3,0,45,two-year,credit_card,fiber,0
C007612,33,32.65,1031.75,4,0,57,one-year,bank_transfer,fiber,0
C009209,51,42.3,2153.45,3,0,81,month-to-month,bank_transfer,dsl,0
C003963,28,75.74,2121.37,2,0,89,month-to-month,bank_transfer,fiber,0
C001126,62,44.5,2762.48,4,0,1,month-to-month,bank_transfer,fiber,0
C003428,57,116.41,6673.45,5,1,77,two-year,electronic_check,fiber,0
C004601,69,39.52,2804.62,4,0,29,month-to-month,electronic_check,fiber,0
C003721,42,69.3,2872.15,4,0,88,two-year,bank_transfer,none,0
C002389,63,42.42,2727.89,3,1,2,month-to-month,credit_card,dsl,0
C001322,40,106.52,4151.88,2,0,5,two-year,electronic_check,none,0
C001603,23,35.99,883.21,3,0,10,month-to-month,electronic_check,none,0
C007224,38,26.64,1024.35,5,0,37,one-year,electronic_check,fiber,0
C007425,72,22.91,1657.8,2,0,34,two-year,credit_card,fiber,0
C004336,55,62.07,3374.66,2,1,65,month-to-month,mailed_check,fiber,0
C005593,46,62.84,2824.74,3,0,69,two-year,mailed_check,dsl,0
C004411,43,55.63,2411.09,1,0,3,two-year,electronic_check,dsl,0
C005858,25,87.48,2204.23,4,0,25,month-to-month,bank_transfer,fiber,0
C009343,23,58.63,1365.75,2,0,64,one-year,mailed_check,dsl,0
C003991,55,38.05,2063.39,4,0,59,two-year,mailed_check,dsl,0
C006079,46,95.3,4381.3,1,0,74,month-to-month,electronic_check,none,0
C001559,62,42.97,2635.79,3,2,12,month-to-month,bank_transfer,dsl,0
C004682,51,115.79,5916.04,1,0,58,one-year,electronic_check,none,0
C007557,55,50.19,2662.52,2,0,11,month-to-month,electronic_check,none,0
C003772,38,87.92,3384.69,3,0,58,two-year,mailed_check,fiber,0
C008779,42,79.43,3334.45,1,0,83,month-to-month,bank_transfer,fiber,0
C003457,3,109.26,372.7,2,0,73,two-year,mailed_check,fiber,0
C008383,53,22.43,1166.16,5,1,77,month-to-month,bank_transfer,none,0
C001354,16,47.36,817.08,3,0,21,month-to-month,bank_transfer,fiber,0
C000045,70,119.89,8404.54,4,0,13,month-to-month,mailed_check,fiber,0
C009872,57,106.9,6087.84,1,0,23,one-year,bank_transfer,dsl,0
C000748,23,116.87,2756.75,4,0,4,month-to-month,mailed_check,dsl,0
C007917,8,103.83,780.09,1,0,7,month-to-month,bank_transfer,dsl,0
C004241,20,69.36,1371.04,5,0,66,one-year,credit_card,fiber,0
C005628,32,105.51,3353.96,4,0,12,two-year,credit_card,fiber,0
C004657,42,24.81,1007.62,2,0,22,month-to-month,electronic_check,none,0
C004238,55,98.77,5411.23,2,1,69,month-to-month,electronic_check,dsl,0
C003460,30,111.92,3399.21,1,0,73,month-to-month,credit_card,none,1
C007381,3,62.22,273.09,3,1,72,month-to-month,mailed_check,fiber,0
C005549,55,73.28,4010.04,4,0,51,one-year,credit_card,none,0
C007075,43,119.49,5089.52,2,0,59,month-to-month,mailed_check,dsl,0
C005838,21,32.2,731.13,3,1,6,one-year,mailed_check,dsl,0
C008091,19,89.04,1598.24,5,1,73,month-to-month,credit_card,dsl,0
C005474,5,59.77,242.45,4,0,28,one-year,bank_transfer,dsl,0
C003614,55,31.5,1740.81,3,0,20,two-year,credit_card,none,0
C007501,7,28.04,180.16,5,1,14,month-to-month,bank_transfer,fiber,0
C007053,8,63.89,435.22,1,0,13,month-to-month,credit_card,none,0
C007367,36,41.33,1471.72,3,1,19,month-to-month,bank_transfer,dsl,0
C008019,45,40.41,1795.69,1,0,89,two-year,mailed_check,fiber,0
C009638,66,51.72,3498.7,2,0,88,one-year,electronic_check,none,0
C009055,50,25.65,1246.78,4,0,7,month-to-month,bank_transfer,fiber,0
C000664,44,40.99,1831.05,4,0,87,month-to-month,electronic_check,none,0
C002319,56,52.7,2982.02,4,0,83,month-to-month,mailed_check,fiber,0
C003542,7,51.41,371.24,2,0,1,month-to-month,electronic_check,fiber,0
C003677,56,87.23,4836.35,4,1,74,month-to-month,bank_transfer,dsl,0
C009599,55,94.2,5145.41,5,0,87,month-to-month,mailed_check,dsl,0
C003091,29,26.51,684.7,4,1,54,month-to-month,mailed_check,fiber,0
C000675,53,110.38,5856.79,1,0,88,one-year,mailed_check,fiber,0
C008676,58,69.02,3955.34,5,0,43,month-to-month,electronic_check,fiber,0
C004884,1,42.54,53.61,2,0,17,month-to-month,electronic_check,dsl,0
C008079,60,119.37,7148.0,4,0,60,one-year,mailed_check,fiber,0
C001962,11,77.64,797.41,1,0,28,month-to-month,credit_card,fiber,0
C001840,31,90.21,2801.33,4,0,21,month-to-month,bank_transfer,fiber,0
C007168,29,47.65,1425.47,3,1,36,month-to-month,credit_card,none,0
C009898,48,24.03,1187.06,2,0,33,month-to-month,electronic_check,dsl,0
C003538,39,31.22,1145.27,3,0,28,month-to-month,credit_card,dsl,0
C008026,40,56.73,2305.35,4,0,10,one-year,electronic_check,dsl,0
C004866,34,20.06,693.64,1,0,6,two-year,credit_card,dsl,0
C004174,29,110.26,3240.37,2,0,10,month-to-month,bank_transfer,fiber,1
C008088,55,106.24,5792.35,1,0,52,month-to-month,credit_card,dsl,0
C004377,19,37.47,639.68,1,0,53,month-to-month,electronic_check,dsl,0
C006211,49,97.38,4751.75,2,0,82,two-year,mailed_check,none,0
C004766,42,45.01,1874.89,1,0,41,month-to-month,credit_card,fiber,0
C000411,17,97.47,1653.37,3,0,32,one-year,mailed_check,fiber,0
C000613,28,85.17,2389.03,1,0,12,one-year,bank_transfer,fiber,0
C006126,12,55.43,660.42,5,0,16,month-to-month,mailed_check,fiber,0
C005210,8,20.93,237.02,4,0,70,month-to-month,credit_card,dsl,0
C001430,34,61.12,2038.28,1,0,10,one-year,credit_card,dsl,0
C002425,41,38.67,1530.03,3,2,66,one-year,electronic_check,fiber,0
C008841,22,79.81,1808.45,4,0,37,month-to-month,mailed_check,fiber,0
C003833,48,76.8,3742.92,2,1,82,month-to-month,bank_transfer,dsl,1
C004718,29,104.62,3002.95,4,0,45,two-year,electronic_check,fiber,0
C007185,59,59.0,3457.26,5,0,59,one-year,electronic_check,none,0
C001417,32,40.29,1185.61,3,0,14,one-year,electronic_check,fiber,0
C007199,32,95.81,3113.17,1,0,82,two-year,bank_transfer,none,0
C000604,60,74.81,4519.73,3,0,23,month-to-month,mailed_check,fiber,0
C001272,68,79.37,5431.72,2,0,1,one-year,credit_card,fiber,0
C003964,15,56.87,889.44,4,1,40,one-year,credit_card,fiber,0
C006367,13,100.07,1292.38,1,0,1,month-to-month,bank_transfer,dsl,0
C008746,7,105.97,709.48,3,0,34,two-year,credit_card,none,0
C000247,30,40.15,1173.96,1,0,27,two-year,credit_card,fiber,0
C009226,52,21.44,1154.95,1,0,41,two-year,electronic_check,none,0
C001982,4,47.44,259.08,5,0,19,month-to-month,credit_card,fiber,0
C002835,40,53.75,2137.02,1,0,69,one-year,credit_card,fiber,0
C005375,49,97.58,4804.4,4,0,55,one-year,credit_card,fiber,0
C000199,70,74.29,5154.24,2,0,60,month-to-month,credit_card,none,0
C000485,17,111.26,1829.35,4,0,55,two-year,electronic_check,fiber,0
C006083,67,90.86,6086.21,5,0,73,two-year,bank_transfer,dsl,0
C008956,47,42.73,1905.83,2,0,4,month-to-month,credit_card,dsl,0
C000455,40,73.04,2931.81,1,1,14,month-to-month,bank_transfer,fiber,0
C009798,52,102.17,5267.69,3,0,52,month-to-month,bank_transfer,none,0
C008826,17,54.21,961.51,5,1,61,month-to-month,electronic_check,fiber,0
C006515,23,55.32,1313.44,2,1,43,month-to-month,mailed_check,dsl,0
C001721,54,57.9,3123.92,3,1,32,month-to-month,bank_transfer,fiber,0
C007050,72,70.45,5044.85,4,1,89,month-to-month,mailed_check,none,0
C006382,44,65.89,2912.69,2,0,51,month-to-month,bank_transfer,fiber,0
C008165,53,82.91,4437.02,1,1,40,month-to-month,bank_transfer,fiber,0
C005767,24,62.96,1457.21,3,1,71,month-to-month,credit_card,dsl,0
C005809,28,113.57,3232.41,4,1,47,one-year,electronic_check,dsl,0
C004626,1,42.47,71.05,2,1,41,two-year,credit_card,fiber,0
C000862,9,84.6,811.22,1,0,5,month-to-month,mailed_check,dsl,0
C002094,12,87.62,1071.21,2,0,88,month-to-month,credit_card,dsl,0
C000947,10,86.74,820.07,5,0,57,one-year,bank_transfer,fiber,0
C005641,21,103.34,2115.1,5,1,67,month-to-month,credit_card,fiber,0
C001444,11,42.56,433.84,1,0,42,month-to-month,electronic_check,fiber,0
C001280,54,96.98,5231.07,4,1,43,month-to-month,bank_transfer,none,0
C003110,39,49.59,1911.3,2,0,88,two-year,electronic_check,fiber,0
C008952,27,110.07,2871.47,3,0,69,month-to-month,bank_transfer,none,0
C007609,2,104.8,306.69,5,0,55,month-to-month,bank_transfer,fiber,1
C005135,8,41.03,375.26,1,0,2,two-year,mailed_check,fiber,0
C003016,39,96.39,3736.68,1,0,25,two-year,mailed_check,dsl,0
C002302,42,107.9,4579.75,2,0,0,one-year,bank_transfer,dsl,0
C002004,58,109.02,6344.1,4,1,22,two-year,mailed_check,dsl,0
C004580,14,91.31,1251.54,1,0,1,month-to-month,mailed_check,dsl,0
C008704,51,32.33,1572.6,1,0,28,month-to-month,electronic_check,fiber,0
C001005,67,69.87,4676.69,2,0,42,month-to-month,mailed_check,dsl,0
C005138,6,56.22,287.47,3,0,25,month-to-month,mailed_check,fiber,0
C004317,30,53.69,1633.5,1,0,82,one-year,electronic_check,none,1
C006558,69,91.96,6367.78,5,0,71,month-to-month,bank_transfer,fiber,0
C004387,5,101.78,523.9,2,0,48,month-to-month,electronic_check,dsl,0
C002132,38,33.05,1177.48,5,0,45,two-year,bank_transfer,dsl,0
C004265,72,91.45,6581.56,5,0,9,one-year,bank_transfer,fiber,0
C002057,54,34.04,1766.05,5,1,84,month-to-month,bank_transfer,fiber,0
C005386,17,83.54,1380.47,1,1,69,month-to-month,mailed_check,dsl,0
C000229,13,43.59,536.49,4,0,15,month-to-month,credit_card,dsl,0
C002889,15,85.91,1286.52,5,0,27,one-year,mailed_check,fiber,0
C004472,36,21.94,732.65,3,0,33,month-to-month,electronic_check,dsl,0
C006064,27,42.18,1186.04,5,0,49,month-to-month,bank_transfer,fiber,0
C007924,10,114.9,1140.47,1,0,12,month-to-month,bank_transfer,fiber,0
C007649,53,62.71,3305.47,1,0,27,month-to-month,electronic_check,dsl,0
C008381,6,65.08,396.47,5,1,87,two-year,credit_card,fiber,0
C000209,57,27.32,1539.35,2,0,10,month-to-month,credit_card,dsl,0
C002758,26,54.79,1407.38,4,2,20,one-year,credit_card,dsl,0
C008471,13,92.88,1233.05,3,0,34,month-to-month,credit_card,fiber,1
C002948,39,48.7,2023.6,4,1,16,month-to-month,electronic_check,fiber,0
C007116,37,58.19,2220.42,5,0,69,month-to-month,mailed_check,fiber,0
C006330,5,80.76,409.6,3,1,28,month-to-month,mailed_check,dsl,0
C001728,32,95.19,3073.65,1,0,30,month-to-month,electronic_check,dsl,1
C004176,22,68.76,1484.07,4,0,31,two-year,mailed_check,none,0
C000337,23,86.59,2006.21,3,1,60,one-year,electronic_check,fiber,0
C004984,14,80.76,1172.61,4,1,44,month-to-month,mailed_check,none,0
C006878,43,24.86,1152.16,4,0,77,two-year,bank_transfer,dsl,0
C007248,29,72.82,2126.73,2,0,78,one-year,electronic_check,dsl,0
C008452,52,57.0,2880.63,3,1,84,one-year,bank_transfer,fiber,0
C001226,8,68.55,631.33,3,0,47,month-to-month,electronic_check,fiber,0
C007608,20,51.38,1039.59,4,1,8,month-to-month,electronic_check,dsl,0
C006827,4,38.17,113.08,3,0,50,one-year,electronic_check,fiber,0
C003540,53,38.26,2029.07,5,0,88,month-to-month,electronic_check,dsl,0
C005868,67,89.5,5938.75,1,0,34,month-to-month,credit_card,none,0
C002111,49,78.44,3721.31,5,0,16,two-year,mailed_check,dsl,0
C002691,44,62.38,2713.58,5,1,8,one-year,credit_card,dsl,0
C007153,60,72.44,4398.13,1,0,19,month-to-month,mailed_check,dsl,0
C003707,55,23.89,1342.9,4,1,67,two-year,bank_transfer,dsl,0
C001017,36,102.33,3669.24,5,0,81,two-year,bank_transfer,dsl,0
C008511,6,56.88,315.03,5,1,73,two-year,credit_card,fiber,0
C002807,23,53.94,1271.1,4,0,1,month-to-month,bank_transfer,fiber,0
C005015,68,30.32,2193.63,4,0,71,one-year,electronic_check,fiber,0
C001928,14,50.9,700.0,2,0,40,one-year,credit_card,dsl,0
C000350,39,111.32,4335.79,1,1,9,one-year,electronic_check,dsl,0
C005173,25,38.94,971.94,4,0,21,month-to-month,electronic_check,fiber,0
C004192,54,72.02,3896.55,5,0,21,two-year,bank_transfer,fiber,0
C001934,11,84.4,894.95,1,0,2,month-to-month,bank_transfer,none,0
C006901,50,62.33,3218.12,1,0,25,month-to-month,mailed_check,fiber,0
C004823,71,64.87,4556.14,1,2,88,one-year,electronic_check,fiber,0
C000564,65,113.27,7444.44,5,0,75,month-to-month,bank_transfer,dsl,1
C001582,38,94.93,3584.46,1,0,59,month-to-month,electronic_check,fiber,1
C004694,51,74.97,3846.44,5,0,33,one-year,electronic_check,fiber,0
C002175,55,20.57,1168.35,3,0,70,month-to-month,credit_card,dsl,0
C007028,33,54.47,1811.6,3,1,50,month-to-month,electronic_check,none,0
C004880,28,43.75,1203.46,2,0,83,month-to-month,bank_transfer,none,0
C002228,21,39.19,821.67,5,1,63,month-to-month,electronic_check,dsl,0
C001115,36,96.27,3403.26,4,0,82,month-to-month,bank_transfer,fiber,0
C003126,60,61.94,3700.12,4,1,14,month-to-month,credit_card,dsl,0
C003544,3,54.19,204.61,1,0,69,month-to-month,credit_card,none,1
C005048,22,116.21,2580.45,1,1,64,one-year,bank_transfer,fiber,0
C007476,70,85.35,5968.13,4,1,71,one-year,mailed_check,dsl,0
C000821,48,104.55,4987.22,2,0,30,one-year,mailed_check,dsl,0
C006532,36,25.95,972.84,2,0,68,month-to-month,mailed_check,dsl,0
C002272,22,22.1,528.37,1,0,15,one-year,bank_transfer,fiber,0
C005545,64,104.28,6684.54,5,0,7,two-year,mailed_check,fiber,0
C000081,32,78.14,2511.01,3,1,12,month-to-month,electronic_check,dsl,0
C001323,64,30.99,2002.17,3,0,67,one-year,electronic_check,none,0
C009405,25,108.18,2699.91,2,3,51,two-year,credit_card,fiber,0
C001614,5,118.53,603.66,5,1,40,one-year,credit_card,none,0
C000831,18,49.84,985.48,1,0,41,one-year,electronic_check,fiber,0
C003883,33,22.47,712.1,3,0,60,month-to-month,mailed_check,fiber,0
C008641,60,93.9,5620.6,1,1,70,one-year,electronic_check,fiber,0
C004464,33,117.57,3996.76,1,0,61,month-to-month,electronic_check,fiber,1
C005339,34,91.66,3149.12,1,0,23,month-to-month,electronic_check,dsl,0
C008066,16,98.13,1517.47,3,1,72,month-to-month,mailed_check,dsl,0
C001649,61,51.14,3116.08,2,0,52,month-to-month,electronic_check,none,0
C004065,25,80.31,2037.47,4,0,49,month-to-month,credit_card,fiber,0
C009665,50,68.27,3370.95,5,0,31,month-to-month,bank_transfer,dsl,0
C003038,21,28.35,593.13,1,0,57,one-year,electronic_check,dsl,0
C003320,7,23.65,180.29,1,0,86,month-to-month,electronic_check,fiber,0
C007143,11,35.18,361.22,2,0,81,month-to-month,mailed_check,fiber,0
C006889,64,21.16,1405.35,3,0,7,month-to-month,electronic_check,none,0
C005092,4,35.0,137.85,3,1,55,one-year,mailed_check,none,0
C003720,46,100.26,4502.9,5,1,79,one-year,mailed_check,none,0
C002423,60,69.64,4161.01,3,1,82,month-to-month,credit_card,fiber,0
C000749,12,116.74,1401.3,5,0,34,month-to-month,credit_card,none,0
C005271,31,105.18,3286.37,5,2,80,month-to-month,bank_transfer,dsl,1
C002373,29,102.28,3016.56,3,0,49,one-year,credit_card,none,0
C004693,63,25.8,1614.01,2,1,68,one-year,electronic_check,fiber,0
C009879,14,96.61,1271.32,1,0,38,one-year,mailed_check,none,0
C008370,70,22.73,1615.23,2,1,32,one-year,credit_card,dsl,0
C007319,5,105.87,520.22,5,1,81,month-to-month,mailed_check,none,0
C004368,67,96.5,6507.22,4,0,29,one-year,credit_card,none,0
C006785,71,20.81,1494.84,4,0,35,month-to-month,credit_card,fiber,0
C007401,64,99.18,6347.03,1,0,12,one-year,bank_transfer,fiber,0
C001139,39,64.5,2483.79,1,0,79,month-to-month,electronic_check,fiber,0
C007631,29,92.87,2674.69,2,0,80,month-to-month,mailed_check,fiber,0
C002231,6,42.21,198.98,4,0,76,two-year,bank_transfer,fiber,0
C002164,69,113.17,7875.71,4,0,43,month-to-month,mailed_check,none,0
C005217,48,20.0,913.98,5,1,70,month-to-month,mailed_check,dsl,0
C009444,54,81.45,4439.89,1,0,18,two-year,mailed_check,fiber,0
C009237,33,78.55,2659.7,5,0,40,month-to-month,credit_card,dsl,0
C004561,31,34.02,1067.35,3,1,23,one-year,mailed_check,fiber,0
C001570,6,89.93,517.4,4,1,68,month-to-month,mailed_check,none,1
C000172,56,103.72,5776.2,5,1,76,month-to-month,credit_card,dsl,1
C007163,58,91.93,5295.72,3,0,29,two-year,bank_transfer,fiber,0
C002087,48,47.16,2286.19,4,0,3,two-year,electronic_check,dsl,0
C004667,10,119.58,1240.06,3,0,71,one-year,credit_card,fiber,1
C004565,25,75.67,1955.9,2,0,25,month-to-month,bank_transfer,none,0
C007089,24,81.46,1868.52,1,0,14,two-year,mailed_check,fiber,0
C006569,14,79.32,1101.3,4,0,11,two-year,electronic_check,dsl,0
C004783,55,42.37,2362.5,4,0,3,two-year,mailed_check,none,0
C002684,37,22.38,830.97,2,0,69,one-year,electronic_check,none,0
C001832,43,45.75,1898.26,5,0,54,one-year,credit_card,fiber,0
C008546,51,118.42,5942.63,2,0,41,month-to-month,credit_card,fiber,0
C005065,50,112.43,5690.73,2,0,20,month-to-month,mailed_check,fiber,0
C009130,41,106.5,4377.86,1,0,10,month-to-month,credit_card,dsl,0
C009355,10,97.62,973.55,4,0,18,two-year,mailed_check,dsl,0
C004412,25,44.67,1094.77,5,0,34,month-to-month,electronic_check,fiber,0
C007207,16,52.74,825.89,2,0,72,month-to-month,electronic_check,fiber,0
C009890,40,119.63,4812.83,2,0,72,month-to-month,mailed_check,dsl,0
C000834,62,74.95,4596.02,4,0,3,month-to-month,credit_card,dsl,0
C006821,48,52.51,2508.96,1,0,51,two-year,bank_transfer,none,0
C003781,17,35.71,550.05,5,0,16,month-to-month,electronic_check,fiber,0
C009012,58,98.73,5603.07,4,0,37,one-year,electronic_check,dsl,0
C007499,15,41.81,571.92,4,0,34,month-to-month,credit_card,fiber,0
C003424,44,54.27,2374.86,5,0,22,month-to-month,electronic_check,none,0
C000065,24,71.3,1698.88,5,1,84,one-year,electronic_check,none,0
C002963,5,91.02,476.13,4,0,20,month-to-month,credit_card,fiber,0
C005669,50,30.26,1596.96,1,1,85,month-to-month,credit_card,none,0
C008962,64,107.6,6903.98,5,1,16,month-to-month,credit_card,none,0
C000354,70,110.44,7769.82,3,2,3,month-to-month,credit_card,dsl,0
C008171,67,36.34,2441.11,5,0,88,two-year,bank_transfer,dsl,0
C004030,40,53.65,2093.29,2,0,57,month-to-month,electronic_check,dsl,0
C008534,36,77.22,2728.28,4,1,13,month-to-month,electronic_check,dsl,0
C003651,6,114.88,756.26,2,0,64,one-year,electronic_check,none,0
C006739,32,91.33,3004.13,1,1,70,one-year,electronic_check,dsl,0
C003297,66,47.77,3108.8,5,1,46,month-to-month,bank_transfer,fiber,0
C004127,7,81.02,561.22,1,2,38,month-to-month,mailed_check,dsl,0
C008043,14,92.07,1338.58,1,0,89,month-to-month,mailed_check,dsl,0
C004767,1,85.2,102.06,3,1,55,month-to-month,electronic_check,dsl,0
C000472,32,114.45,3725.05,2,0,24,month-to-month,credit_card,dsl,0
C003761,37,30.16,1054.86,2,1,58,one-year,bank_transfer,none,0
C008617,68,119.37,8171.94,4,0,35,one-year,credit_card,fiber,0
C003566,31,109.81,3374.49,2,1,76,month-to-month,mailed_check,dsl,0
C002760,10,55.14,501.94,5,0,28,month-to-month,credit_card,fiber,0
C000868,33,32.83,1078.95,5,0,66,month-to-month,bank_transfer,dsl,0
C009382,53,90.76,4805.25,1,0,75,two-year,mailed_check,none,0
C008688,39,59.3,2233.22,2,0,50,two-year,electronic_check,fiber,0
C004052,56,111.96,6261.49,3,1,15,two-year,bank_transfer,dsl,0
C006130,6,44.05,253.28,1,0,51,month-to-month,bank_transfer,fiber,0
C003244,53,114.39,6139.92,4,0,79,month-to-month,bank_transfer,dsl,1
C004842,8,38.46,245.49,5,0,7,month-to-month,bank_transfer,dsl,0
C009330,8,43.27,292.24,1,0,75,two-year,electronic_check,dsl,0
C005640,55,89.81,4955.37,4,0,6,two-year,bank_transfer,dsl,0
C005780,14,66.5,871.57,1,0,31,month-to-month,credit_card,dsl,0
C008540,37,30.87,1117.52,5,0,37,month-to-month,credit_card,fiber,0
C001075,12,72.35,870.72,1,0,43,month-to-month,electronic_check,fiber,0
C002957,36,45.64,1604.78,2,0,9,two-year,mailed_check,fiber,0
C006752,45,82.17,3712.62,5,0,52,two-year,bank_transfer,none,0
C008657,61,68.31,4162.6,2,1,52,one-year,bank_transfer,none,0
C007272,41,47.84,1955.94,5,0,42,month-to-month,credit_card,fiber,0
C004759,50,44.47,2153.82,2,0,15,month-to-month,mailed_check,dsl,0
C004862,65,25.99,1654.86,1,1,1,one-year,bank_transfer,dsl,0
C007025,72,81.34,5876.39,3,0,47,month-to-month,credit_card,fiber,0
C007647,3,52.48,210.29,5,0,5,month-to-month,bank_transfer,fiber,0
C007161,56,82.85,4638.94,5,1,8,month-to-month,electronic_check,fiber,0
C000073,10,70.57,705.83,5,0,29,month-to-month,electronic_check,dsl,0
C004901,48,40.21,1956.02,2,0,59,one-year,credit_card,none,0
C004375,43,41.73,1744.53,3,0,40,one-year,credit_card,fiber,0
C006698,24,101.97,2532.91,1,0,39,month-to-month,electronic_check,dsl,1
C009805,13,93.22,1173.92,1,0,89,two-year,electronic_check,none,0
C001101,34,39.78,1324.4,2,0,61,month-to-month,electronic_check,dsl,0
C009537,16,118.46,1874.82,2,0,15,month-to-month,mailed_check,dsl,1
C007655,24,67.22,1617.63,5,1,35,one-year,mailed_check,fiber,0
C005235,62,44.93,2738.62,5,1,46,month-to-month,bank_transfer,none,0
C005165,6,115.35,725.97,5,0,16,month-to-month,electronic_check,dsl,1
C000118,18,25.38,462.64,1,0,45,month-to-month,credit_card,none,0
C002022,48,53.73,2532.16,1,0,54,one-year,mailed_check,dsl,0
C009885,43,88.95,3901.35,3,0,14,one-year,electronic_check,none,0
C002638,11,77.26,841.52,4,0,2,month-to-month,credit_card,none,0
C002034,72,36.61,2473.05,5,0,59,one-year,bank_transfer,dsl,0
C002564,32,49.58,1540.64,3,0,52,two-year,electronic_check,dsl,0
C008665,5,50.42,192.01,4,0,62,two-year,mailed_check,dsl,0
C003543,56,117.42,6528.64,5,0,8,one-year,bank_transfer,none,0
C001219,32,63.64,2095.55,4,0,14,two-year,mailed_check,dsl,0
C009714,50,85.91,4273.81,4,0,69,one-year,credit_card,fiber,0
C006711,26,25.44,625.91,1,0,58,month-to-month,bank_transfer,none,0
C002903,45,86.27,3906.32,2,1,26,one-year,bank_transfer,fiber,0
C003026,9,58.7,560.67,2,0,17,month-to-month,credit_card,fiber,0
C002510,15,80.32,1314.63,3,0,88,one-year,mailed_check,dsl,0
C004201,54,116.24,6343.74,5,0,65,month-to-month,credit_card,fiber,0
C003207,59,53.5,3135.78,2,0,61,month-to-month,bank_transfer,fiber,0
C004489,28,110.47,3142.86,5,0,79,two-year,bank_transfer,fiber,0
C002755,63,110.9,6982.39,3,0,84,two-year,mailed_check,fiber,0
C008889,8,35.37,277.74,3,0,9,one-year,electronic_check,dsl,0
C000177,12,20.43,265.62,3,1,28,two-year,mailed_check,fiber,0
C001643,43,53.9,2300.29,2,0,16,month-to-month,electronic_check,none,0
C009292,50,79.85,3897.8,1,0,66,two-year,mailed_check,dsl,0
C003518,49,75.05,3660.35,2,0,50,month-to-month,mailed_check,dsl,0
C001374,64,48.43,3119.22,4,0,47,month-to-month,electronic_check,fiber,0
C001720,7,59.36,426.41,5,0,51,one-year,electronic_check,dsl,0
C003995,25,113.34,2907.26,2,1,73,month-to-month,credit_card,dsl,1
C003688,70,23.19,1570.37,4,0,54,month-to-month,mailed_check,dsl,0
C002264,8,76.24,600.05,3,0,55,month-to-month,mailed_check,fiber,0
C000087,23,61.63,1438.54,1,0,38,month-to-month,mailed_check,fiber,0
C002848,21,41.5,837.5,3,0,22,month-to-month,bank_transfer,dsl,0
C008687,17,52.34,938.01,5,0,5,month-to-month,credit_card,none,0
C000403,70,34.65,2346.83,5,0,82,month-to-month,electronic_check,fiber,0
C009900,42,103.19,4259.96,3,0,78,month-to-month,electronic_check,none,0
C004077,44,88.81,3993.61,5,0,48,month-to-month,bank_transfer,fiber,0
C006835,57,106.11,6010.9,2,0,33,month-to-month,electronic_check,dsl,0
C006537,69,36.42,2549.11,4,0,85,month-to-month,bank_transfer,fiber,0
C002456,61,93.12,5682.58,4,0,81,one-year,bank_transfer,dsl,0
C002751,6,46.72,262.15,1,0,77,two-year,bank_transfer,dsl,0
C002214,9,101.53,909.96,5,0,72,month-to-month,electronic_check,fiber,1
C001027,21,31.68,693.87,2,0,45,month-to-month,credit_card,fiber,0
C009703,53,21.68,1201.19,4,0,34,month-to-month,bank_transfer,fiber,0
C001421,72,72.78,5160.12,5,0,72,month-to-month,electronic_check,fiber,0
C002436,47,28.95,1339.28,3,0,11,two-year,bank_transfer,fiber,0
C004277,56,24.64,1442.19,1,0,66,month-to-month,mailed_check,fiber,0
C009609,59,117.61,7032.36,1,1,22,one-year,mailed_check,none,0
C001278,1,94.99,107.21,5,0,23,one-year,mailed_check,fiber,0
C006220,21,57.15,1224.46,4,0,37,month-to-month,mailed_check,fiber,0
C004907,57,98.77,5610.2,4,1,21,month-to-month,credit_card,fiber,0
C005064,38,77.23,2871.95,5,0,6,two-year,electronic_check,fiber,0
C001978,5,98.6,470.45,3,1,70,month-to-month,mailed_check,none,0
C001061,50,60.31,3015.43,3,1,80,month-to-month,credit_card,dsl,0
C005014,48,113.52,5356.15,1,0,28,month-to-month,mailed_check,dsl,0
C004535,37,55.49,2016.85,5,1,80,month-to-month,mailed_check,fiber,1
C006993,52,56.23,2958.41,4,0,37,one-year,electronic_check,fiber,0
C009253,62,21.52,1344.93,1,1,4,month-to-month,credit_card,none,0
C001502,17,77.93,1354.96,1,0,40,one-year,bank_transfer,dsl,0
C008568,3,58.67,281.45,1,1,51,month-to-month,credit_card,fiber,0
C009314,8,115.49,915.83,3,0,80,one-year,credit_card,none,1
C008836,21,100.72,2140.34,3,0,80,month-to-month,credit_card,none,0
C008920,53,95.55,5039.48,5,0,1,two-year,electronic_check,fiber,0
C004918,61,30.8,1763.18,4,0,26,one-year,credit_card,dsl,0
C000678,38,95.44,3630.15,5,1,38,month-to-month,mailed_check,fiber,0
C005076,24,75.7,1790.3,3,0,20,month-to-month,credit_card,dsl,0
C008064,56,55.0,3144.89,5,0,73,month-to-month,credit_card,none,0
C007568,26,119.0,3102.73,2,0,67,month-to-month,bank_transfer,dsl,1
C000102,58,22.28,1238.07,3,2,21,month-to-month,bank_transfer,fiber,0
C000957,46,27.53,1288.4,2,0,77,two-year,mailed_check,dsl,0
C008556,65,72.95,4763.5,4,1,30,two-year,bank_transfer,fiber,0
C003785,40,43.11,1663.39,3,0,14,month-to-month,credit_card,dsl,0
C009630,3,41.24,175.01,5,0,9,two-year,bank_transfer,dsl,0
C007173,29,75.49,2112.25,5,0,54,month-to-month,electronic_check,fiber,0
C004043,8,80.73,687.49,2,0,31,one-year,credit_card,dsl,0
C002648,68,51.71,3536.61,5,0,64,month-to-month,mailed_check,dsl,0
C006000,45,100.28,4618.28,1,0,71,one-year,electronic_check,fiber,1
C007927,20,26.06,563.61,1,0,66,month-to-month,mailed_check,dsl,0
C002826,27,99.03,2676.67,5,0,53,two-year,electronic_check,fiber,1
C004094,70,42.25,3032.25,4,0,53,month-to-month,credit_card,none,0
C007774,7,66.9,542.89,3,0,4,month-to-month,electronic_check,fiber,0
C009258,13,61.38,745.21,4,0,49,month-to-month,electronic_check,none,0
C008113,22,26.45,664.72,5,0,78,one-year,electronic_check,none,0
C004772,13,92.16,1221.85,4,0,84,one-year,bank_transfer,fiber,1
C001947,67,91.43,6090.19,4,0,5,two-year,mailed_check,none,0
C006109,45,56.18,2563.85,1,0,46,month-to-month,credit_card,fiber,0
C002299,65,84.31,5501.28,2,2,20,one-year,credit_card,fiber,0
C007844,13,37.95,502.57,4,0,46,one-year,credit_card,none,0
C004382,26,69.12,1790.33,3,0,54,two-year,mailed_check,dsl,0
C005425,18,68.57,1210.24,1,0,75,one-year,electronic_check,fiber,0
C006771,50,70.68,3527.5,3,0,33,month-to-month,mailed_check,fiber,0
C008578,65,105.76,6927.64,1,0,22,two-year,electronic_check,dsl,0
C004291,67,106.62,7094.3,2,0,68,month-to-month,electronic_check,dsl,1
C000528,66,115.46,7533.31,5,0,66,month-to-month,credit_card,dsl,0
C001233,54,42.57,2273.95,4,0,29,month-to-month,mailed_check,fiber,0
C000779,62,28.76,1767.22,4,2,31,two-year,mailed_check,none,0
C005859,51,69.3,3532.13,4,1,85,month-to-month,bank_transfer,fiber,0
C003059,20,108.2,2185.76,1,0,75,one-year,mailed_check,fiber,0
C008587,43,98.37,4293.12,3,0,3,two-year,electronic_check,none,0
C001860,54,41.74,2181.8,1,0,12,month-to-month,bank_transfer,fiber,0
C008438,19,52.66,1006.43,5,0,84,two-year,electronic_check,fiber,0
C007403,18,59.64,1036.55,1,1,65,one-year,mailed_check,dsl,0
C004639,67,49.54,3424.36,4,0,3,month-to-month,mailed_check,fiber,0
C004250,31,44.17,1274.27,5,1,27,one-year,credit_card,fiber,0
C001992,21,110.7,2225.51,4,2,39,month-to-month,bank_transfer,dsl,0
C007379,28,45.45,1241.2,3,0,85,one-year,credit_card,fiber,0
C007305,23,57.65,1275.5,4,0,74,month-to-month,electronic_check,dsl,0
C005303,31,74.91,2322.47,2,0,54,month-to-month,electronic_check,dsl,0
C008192,16,38.31,539.73,4,0,31,month-to-month,electronic_check,dsl,0
C007447,32,80.57,2568.29,1,2,28,two-year,mailed_check,fiber,0
C002471,8,101.4,804.69,3,0,20,month-to-month,electronic_check,none,0
C007197,69,45.62,3107.64,1,1,52,month-to-month,mailed_check,fiber,0
C005312,16,77.24,1217.82,1,0,64,month-to-month,credit_card,none,0
C009035,22,88.65,1873.0,4,2,53,month-to-month,credit_card,fiber,0
C001396,45,99.32,4470.36,1,0,1,month-to-month,bank_transfer,fiber,0
C004002,3,68.9,180.13,3,0,73,one-year,credit_card,dsl,0
C005371,54,21.96,1223.49,4,0,70,two-year,electronic_check,dsl,0
C003235,42,31.02,1282.8,4,1,21,month-to-month,credit_card,fiber,0
C001042,30,97.93,2923.28,2,0,66,one-year,electronic_check,fiber,0
C003298,39,20.24,874.14,2,0,19,two-year,mailed_check,dsl,0
C007256,66,90.4,5869.69,5,0,25,one-year,electronic_check,dsl,0
C000257,8,62.29,513.96,2,0,1,month-to-month,bank_transfer,fiber,0
C007286,48,74.75,3655.34,1,0,21,one-year,bank_transfer,dsl,0
C008616,56,28.17,1592.33,3,0,2,month-to-month,bank_transfer,dsl,0
C007816,38,115.31,4378.21,5,0,55,month-to-month,electronic_check,fiber,0
C005843,1,100.53,98.44,5,1,56,month-to-month,credit_card,none,0
C002089,2,52.81,119.19,1,1,30,month-to-month,mailed_check,fiber,0
C007702,37,89.76,3386.0,2,0,4,one-year,mailed_check,fiber,0
C000503,63,82.6,5246.19,1,1,25,month-to-month,credit_card,fiber,0
C005265,64,62.44,4005.42,5,0,4,month-to-month,electronic_check,none,0
C008814,35,71.61,2525.71,1,0,5,two-year,bank_transfer,dsl,0
C001345,72,83.79,6056.33,2,1,24,one-year,bank_transfer,fiber,0
C008455,13,76.9,960.94,2,0,26,one-year,credit_card,fiber,0
C005046,56,83.63,4699.06,4,0,65,one-year,mailed_check,dsl,0
C002248,12,98.68,1188.83,1,0,52,month-to-month,credit_card,fiber,0
C004981,70,21.19,1545.64,2,2,72,one-year,credit_card,dsl,0
C000372,30,23.02,745.96,1,0,55,month-to-month,credit_card,fiber,0
C008454,64,40.4,2663.52,4,0,56,month-to-month,bank_transfer,none,0
C003370,72,62.19,4497.52,5,0,13,month-to-month,mailed_check,none,0
C002006,32,101.16,3205.44,3,0,80,two-year,bank_transfer,none,0
C003656,38,38.68,1439.12,4,0,3,two-year,mailed_check,fiber,0
C008327,29,45.5,1327.02,3,0,45,month-to-month,credit_card,fiber,0
C007521,72,75.15,5376.2,1,0,82,one-year,bank_transfer,fiber,0
C004001,61,44.61,2618.12,4,0,75,month-to-month,bank_transfer,fiber,0
C006072,52,107.19,5562.14,5,0,28,one-year,credit_card,fiber,0
C008736,32,71.06,2295.87,3,1,17,month-to-month,credit_card,dsl,0
C000997,26,101.59,2572.17,1,0,72,one-year,credit_card,fiber,0
C008179,13,115.89,1598.94,4,0,45,month-to-month,mailed_check,fiber,1
C003290,30,94.29,2817.28,3,0,62,two-year,credit_card,dsl,0
C001176,23,90.68,2040.84,1,0,28,two-year,mailed_check,fiber,0
C000551,29,26.43,701.14,2,0,79,two-year,bank_transfer,fiber,0
C000744,58,88.01,5101.75,3,0,66,month-to-month,bank_transfer,fiber,0
C007223,24,92.26,2229.2,5,1,60,month-to-month,bank_transfer,fiber,0
C004554,52,34.61,1836.54,4,0,76,month-to-month,credit_card,dsl,0
C002859,33,94.12,3100.23,1,0,56,one-year,mailed_check,none,0
C008820,36,119.65,4264.9,2,0,9,month-to-month,electronic_check,fiber,0
C003459,29,75.14,2127.84,2,0,72,month-to-month,credit_card,fiber,0
C002724,57,105.66,6053.48,3,1,27,one-year,bank_transfer,none,0
C006847,29,71.31,2111.76,5,1,51,two-year,electronic_check,dsl,0
C007615,46,99.43,4655.0,4,0,64,month-to-month,electronic_check,dsl,0
C007547,59,39.96,2352.94,4,0,11,month-to-month,mailed_check,none,0
C009174,31,42.73,1326.01,3,1,51,two-year,bank_transfer,fiber,0
C006393,40,62.79,2474.74,4,1,15,month-to-month,bank_transfer,fiber,0
C005358,5,87.41,469.12,3,0,42,one-year,bank_transfer,fiber,0
C009488,40,51.15,2034.25,2,1,57,one-year,bank_transfer,none,0
C002968,52,28.73,1403.74,2,0,45,month-to-month,electronic_check,fiber,0
C000693,69,105.56,7311.36,1,1,41,two-year,mailed_check,fiber,0
C002533,13,24.55,229.16,5,0,54,two-year,credit_card,none,0
C006399,68,117.79,7981.47,1,0,30,month-to-month,bank_transfer,dsl,0
C000982,40,102.74,4043.82,3,0,78,one-year,mailed_check,dsl,0
C005364,20,27.71,524.2,5,0,4,one-year,electronic_check,fiber,0
C000079,49,91.73,4546.23,5,0,22,two-year,electronic_check,fiber,0
C004053,59,98.67,5910.68,2,0,86,one-year,bank_transfer,fiber,1
C006258,53,68.76,3632.52,2,1,35,two-year,credit_card,fiber,0
C009576,26,84.85,2235.34,4,0,7,month-to-month,credit_card,fiber,0
C009025,64,57.04,3599.37,3,0,66,month-to-month,credit_card,dsl,0
C003107,27,103.99,2813.39,4,1,1,month-to-month,bank_transfer,dsl,0
C003601,44,25.06,1126.6,4,0,35,month-to-month,electronic_check,dsl,0
C006073,45,52.72,2329.2,1,0,18,month-to-month,bank_transfer,fiber,0
C008126,33,82.01,2743.99,4,0,82,month-to-month,electronic_check,none,0
C002142,70,96.55,6771.65,5,0,37,month-to-month,electronic_check,fiber,0
C006310,35,60.37,2208.62,1,1,51,two-year,bank_transfer,dsl,0
C002268,9,111.29,980.92,4,0,69,one-year,electronic_check,none,1
C000445,48,47.05,2303.67,5,0,71,month-to-month,electronic_check,none,0
C004883,12,54.59,640.54,4,0,65,month-to-month,electronic_check,dsl,0
C004466,58,40.13,2295.27,5,0,23,month-to-month,mailed_check,fiber,0
C009026,71,72.16,5090.42,1,0,76,month-to-month,electronic_check,none,0
C006632,14,42.84,576.25,3,0,8,one-year,bank_transfer,dsl,0
C003316,46,111.87,5241.29,5,2,42,one-year,bank_transfer,fiber,0
C001701,13,82.3,1125.22,2,0,82,two-year,electronic_check,fiber,0
C002526,34,98.05,3316.52,5,0,21,month-to-month,credit_card,none,0
C000068,6,47.62,296.16,4,1,33,one-year,bank_transfer,dsl,0
C001168,72,54.57,3840.77,3,0,35,two-year,credit_card,dsl,0
C000048,49,35.91,1749.3,2,0,57,month-to-month,credit_card,dsl,0
C001053,70,42.52,2942.6,1,0,87,month-to-month,mailed_check,fiber,0
C004029,30,27.91,852.74,2,0,4,month-to-month,credit_card,fiber,0
C000880,7,51.16,326.27,3,0,82,two-year,mailed_check,dsl,1
C002651,64,42.24,2579.26,3,0,9,two-year,credit_card,dsl,0
C007759,31,60.54,1855.01,1,0,72,month-to-month,mailed_check,dsl,1
C002439,5,111.63,609.17,2,0,18,month-to-month,bank_transfer,dsl,0
C004924,24,29.57,705.96,4,0,30,two-year,mailed_check,none,0
C001467,28,93.6,2645.68,2,0,88,month-to-month,mailed_check,fiber,1
C007292,21,42.11,895.92,4,1,19,one-year,credit_card,dsl,0
C005035,17,114.19,2007.05,5,0,58,month-to-month,electronic_check,fiber,0
C002441,1,101.89,30.01,5,0,63,one-year,mailed_check,dsl,0
C006554,30,90.35,2691.62,1,0,74,one-year,bank_transfer,dsl,0
C000230,34,100.02,3434.0,5,0,51,one-year,mailed_check,fiber,1
C001320,9,43.09,367.09,2,0,58,month-to-month,bank_transfer,fiber,0
C000041,55,35.07,1875.66,3,1,24,month-to-month,credit_card,dsl,0
C000777,9,74.9,747.24,1,0,50,two-year,electronic_check,none,0
C008950,9,110.53,883.18,5,0,41,two-year,credit_card,fiber,0
C008404,62,27.51,1760.37,1,0,33,two-year,mailed_check,dsl,0
C001729,8,77.79,639.61,2,0,64,month-to-month,credit_card,none,0
C003910,17,56.85,936.59,1,0,77,month-to-month,mailed_check,fiber,1
C000579,8,95.21,734.6,3,0,34,month-to-month,mailed_check,none,0
C009941,46,111.64,5168.18,5,0,20,month-to-month,credit_card,fiber,0
C005839,52,92.46,4826.93,4,0,1,one-year,mailed_check,fiber,0
C008271,2,82.28,148.91,2,1,15,month-to-month,electronic_check,fiber,0
C007275,16,64.54,1007.13,1,0,21,one-year,credit_card,fiber,0
C001491,36,86.48,3106.11,1,0,72,month-to-month,credit_card,fiber,0
C009109,19,89.72,1662.71,4,0,53,one-year,electronic_check,fiber,0
C005610,20,40.44,785.07,2,0,55,month-to-month,bank_transfer,fiber,0
C000061,54,36.12,1887.28,2,0,33,month-to-month,credit_card,fiber,0
C005471,34,77.33,2628.78,3,0,26,month-to-month,mailed_check,fiber,0
C003905,55,43.89,2387.57,1,0,63,one-year,mailed_check,fiber,0
C006531,17,24.97,450.86,4,0,80,month-to-month,credit_card,dsl,0
C000402,24,58.42,1333.6,2,0,20,month-to-month,mailed_check,dsl,0
C000332,23,44.68,945.22,1,0,62,month-to-month,mailed_check,fiber,0
C002084,10,83.26,813.2,2,1,88,one-year,bank_transfer,none,0
C009557,20,103.95,2136.39,5,0,13,month-to-month,credit_card,none,0
C000164,31,84.88,2655.46,5,1,79,two-year,electronic_check,dsl,1
C004379,67,37.21,2561.94,4,0,6,month-to-month,electronic_check,none,0
C002715,34,24.53,785.66,2,0,43,one-year,electronic_check,fiber,0
C008923,30,119.59,3578.37,4,0,8,month-to-month,mailed_check,fiber,0
C007346,3,35.29,103.1,2,0,57,two-year,mailed_check,fiber,0
C005453,57,39.76,2323.21,2,0,53,month-to-month,electronic_check,fiber,0
C007046,43,80.45,3419.29,4,0,77,two-year,electronic_check,none,0
C001334,39,94.63,3680.0,5,0,34,month-to-month,bank_transfer,fiber,0
C008698,32,44.33,1450.96,4,0,87,month-to-month,mailed_check,fiber,0
C001659,19,62.42,1165.32,5,1,1,one-year,mailed_check,dsl,0
C003578,64,82.17,5271.04,2,0,53,two-year,bank_transfer,fiber,0
C000753,68,95.29,6525.52,1,1,9,month-to-month,bank_transfer,dsl,0
C006584,53,106.56,5613.91,3,0,60,one-year,credit_card,fiber,0
C000706,1,110.39,153.62,1,1,24,month-to-month,mailed_check,fiber,1
C003014,36,20.23,732.56,2,0,75,month-to-month,electronic_check,dsl,0
C008558,43,105.26,4578.91,3,1,0,two-year,bank_transfer,dsl,0
C009875,53,89.84,4782.02,2,0,47,one-year,mailed_check,dsl,0
C009582,59,67.08,3954.67,2,0,35,one-year,mailed_check,dsl,0
C008928,48,90.54,4442.57,5,0,43,month-to-month,electronic_check,none,0
C009556,55,23.15,1161.3,1,0,69,month-to-month,mailed_check,dsl,0
C008983,62,90.16,5695.39,4,0,4,month-to-month,mailed_check,none,0
C001834,30,60.07,1825.47,5,0,27,month-to-month,bank_transfer,none,0
C002996,22,33.53,769.41,1,0,13,one-year,credit_card,dsl,0
C005427,11,98.47,1104.66,1,0,47,two-year,mailed_check,none,0
C003879,4,69.08,254.6,3,0,60,two-year,mailed_check,none,0
C007156,53,104.52,5478.11,5,0,44,two-year,credit_card,dsl,0
C005081,37,42.55,1638.1,1,0,46,month-to-month,electronic_check,none,0
C009114,38,60.32,2315.72,1,0,70,month-to-month,electronic_check,none,0
C007244,53,106.03,5497.33,2,0,62,two-year,credit_card,dsl,0
C005400,62,112.74,6947.9,4,1,29,one-year,mailed_check,dsl,0
C005395,3,64.06,288.25,3,0,21,one-year,electronic_check,dsl,0
C009427,65,32.49,2167.88,1,0,35,month-to-month,bank_transfer,fiber,0
C002246,42,107.91,4523.55,3,0,88,month-to-month,credit_card,dsl,0
C000835,56,29.64,1577.89,1,0,8,month-to-month,mailed_check,dsl,0
C008394,8,26.5,167.05,1,0,60,one-year,electronic_check,none,0
C009042,40,92.31,3762.08,2,0,17,month-to-month,credit_card,dsl,0
C000432,60,85.8,5080.27,5,1,20,one-year,credit_card,none,0
C003378,62,60.91,3828.83,5,0,71,month-to-month,mailed_check,fiber,0
C006817,37,43.73,1597.32,2,1,71,one-year,electronic_check,fiber,0
C008131,57,99.91,5694.26,3,0,4,one-year,bank_transfer,dsl,0
C009621,38,72.26,2718.17,5,0,86,month-to-month,mailed_check,fiber,0
C006066,28,109.85,3081.93,4,0,49,month-to-month,electronic_check,none,0
C001193,51,68.6,3432.77,3,1,29,two-year,mailed_check,dsl,0
C006934,29,108.71,3228.79,5,0,30,month-to-month,bank_transfer,fiber,0
C005461,1,86.18,57.68,2,0,75,two-year,bank_transfer,none,1
C003071,35,73.36,2648.04,1,0,85,two-year,electronic_check,dsl,0
C003044,14,113.12,1541.4,2,0,49,two-year,electronic_check,fiber,0
C003263,63,113.97,7138.52,3,0,2,month-to-month,credit_card,fiber,0
C002729,34,35.2,1225.27,4,1,86,two-year,bank_transfer,none,0
C003433,25,84.53,2152.99,5,0,36,month-to-month,bank_transfer,dsl,0
C000433,10,62.69,677.27,2,0,7,month-to-month,credit_card,none,0
C003272,47,117.48,5558.18,4,1,73,one-year,electronic_check,dsl,0
C007001,30,55.36,1685.27,3,0,41,one-year,electronic_check,none,0
C009726,68,73.21,5032.35,5,0,76,month-to-month,bank_transfer,dsl,0
C000104,58,102.55,5889.82,5,0,58,month-to-month,electronic_check,dsl,0
C003315,61,74.73,4708.29,1,0,33,one-year,electronic_check,none,0
C001656,62,79.98,4925.02,3,0,7,one-year,electronic_check,none,0
C001533,14,25.07,361.99,5,0,3,month-to-month,electronic_check,dsl,0
C004680,24,77.33,1838.78,1,0,86,month-to-month,electronic_check,dsl,0
C008813,67,86.95,5782.26,2,0,81,month-to-month,mailed_check,none,0
C009002,49,87.71,4309.83,2,1,29,one-year,credit_card,none,0
C006622,59,69.56,4066.15,2,0,6,one-year,electronic_check,dsl,0
C001443,32,101.28,3306.7,5,0,10,two-year,bank_transfer,dsl,0
C000214,54,60.47,3300.59,5,0,88,month-to-month,credit_card,none,0
C005356,51,68.53,3583.27,5,1,64,month-to-month,mailed_check,none,0
C009218,8,93.49,733.33,5,0,77,one-year,bank_transfer,fiber,0
C006322,9,71.18,599.9,5,0,8,month-to-month,bank_transfer,fiber,0
C004989,64,53.49,3413.35,3,0,8,one-year,mailed_check,dsl,0
C001419,35,89.09,3099.38,4,0,65,month-to-month,credit_card,fiber,0
C009516,30,81.21,2499.36,1,0,0,one-year,bank_transfer,fiber,0
C008606,23,21.14,539.62,5,1,42,two-year,electronic_check,fiber,0
C000181,11,58.49,568.95,1,0,75,month-to-month,electronic_check,fiber,0
C004352,40,54.7,2136.57,2,0,63,month-to-month,electronic_check,dsl,0
C008700,41,107.06,4350.26,3,0,38,month-to-month,credit_card,fiber,0
C002446,56,84.23,4643.68,1,1,57,month-to-month,bank_transfer,dsl,0
C005321,61,72.6,4442.32,3,1,7,two-year,mailed_check,fiber,1
C008045,23,97.87,2219.73,1,0,33,month-to-month,mailed_check,fiber,0
C005684,40,89.79,3479.99,2,0,27,month-to-month,credit_card,dsl,0
C003532,5,39.69,182.41,3,0,80,month-to-month,bank_transfer,none,0
C008244,43,49.85,2175.11,5,0,74,month-to-month,credit_card,fiber,0
C007976,5,86.99,420.77,2,0,1,two-year,bank_transfer,dsl,0
C003698,21,36.53,772.9,5,0,55,month-to-month,credit_card,fiber,0
C000070,58,49.43,2850.65,1,0,54,two-year,mailed_check,none,0
C000544,60,75.06,4525.64,2,0,3,month-to-month,mailed_check,dsl,0
C001204,47,34.72,1721.76,3,0,50,two-year,bank_transfer,fiber,0
C003078,15,117.85,1738.5,4,1,57,month-to-month,electronic_check,dsl,0
C009106,35,96.88,3403.69,3,0,47,month-to-month,credit_card,none,1
C009120,47,67.61,3133.11,5,1,35,month-to-month,mailed_check,none,0
C009680,2,106.42,236.15,4,1,80,month-to-month,credit_card,dsl,0
C006180,29,42.73,1245.66,1,0,47,month-to-month,credit_card,none,0
C008329,46,71.0,3374.89,3,1,69,two-year,credit_card,fiber,0
C004284,9,68.79,650.85,2,1,28,month-to-month,bank_transfer,fiber,0
C004007,47,74.78,3450.05,4,0,33,month-to-month,mailed_check,dsl,0
C008713,69,58.58,4093.78,3,1,72,month-to-month,bank_transfer,none,0
C000877,54,37.64,2025.8,4,0,76,month-to-month,electronic_check,fiber,0
C008060,29,50.45,1371.71,4,1,71,one-year,electronic_check,fiber,0
C000196,25,64.31,1677.32,3,0,52,two-year,bank_transfer,none,0
C009746,18,55.82,1008.85,3,1,78,month-to-month,mailed_check,dsl,0
C004010,26,64.87,1791.38,3,0,64,month-to-month,mailed_check,dsl,0
C009962,56,25.52,1471.23,1,0,79,month-to-month,credit_card,dsl,0
C002571,68,114.99,7817.28,4,0,49,month-to-month,mailed_check,none,0
C003753,20,102.91,2144.66,3,2,66,month-to-month,mailed_check,dsl,0
C009247,65,61.05,3894.86,4,1,89,one-year,mailed_check,fiber,0
C008628,21,109.29,2266.65,5,0,75,two-year,bank_transfer,none,0
C009368,56,113.3,6322.51,1,0,24,one-year,electronic_check,fiber,0
C006159,20,46.53,909.25,4,0,57,one-year,mailed_check,dsl,0
C004791,72,32.08,2399.79,1,0,5,two-year,mailed_check,fiber,0
C005337,42,112.95,4792.86,2,0,62,month-to-month,credit_card,fiber,0
C003024,27,44.5,1279.65,4,0,44,month-to-month,mailed_check,none,0
C002718,42,96.91,4039.69,4,0,3,one-year,credit_card,none,0
C008655,54,38.55,2107.39,4,0,20,month-to-month,electronic_check,fiber,0
C006916,3,99.48,366.68,5,0,45,month-to-month,bank_transfer,dsl,0
C003984,62,79.69,4965.03,3,0,79,month-to-month,bank_transfer,fiber,0
C007308,55,85.55,4694.02,3,0,80,month-to-month,bank_transfer,none,0
C005953,48,95.67,4533.15,4,0,8,month-to-month,mailed_check,none,0
C003844,67,97.88,6619.76,3,0,72,month-to-month,bank_transfer,fiber,0
C002682,29,65.17,1798.47,4,0,61,month-to-month,electronic_check,fiber,0
C004024,33,92.28,2988.92,1,0,24,month-to-month,mailed_check,fiber,0
C008715,23,35.23,882.38,3,0,86,month-to-month,mailed_check,dsl,0
C003139,36,52.35,1778.63,3,0,73,two-year,bank_transfer,fiber,0
C004237,8,88.33,729.47,3,0,11,one-year,bank_transfer,dsl,0
C000218,33,49.28,1676.4,4,1,46,month-to-month,electronic_check,dsl,0
C006618,24,48.67,1139.28,3,0,35,month-to-month,bank_transfer,dsl,0
C009606,23,42.95,1001.23,1,0,3,one-year,mailed_check,none,0
C005268,51,99.05,5067.39,4,0,22,two-year,bank_transfer,dsl,0
C002543,28,117.61,3251.97,2,0,7,month-to-month,bank_transfer,dsl,0
C002870,21,23.34,527.95,1,0,42,two-year,credit_card,fiber,0
C001244,64,36.7,2326.99,4,0,89,month-to-month,bank_transfer,none,0
C000420,67,58.48,3923.14,3,0,30,month-to-month,electronic_check,dsl,0
C006227,48,91.76,4449.83,5,0,56,month-to-month,mailed_check,fiber,0
C002058,29,78.4,2277.05,4,1,58,one-year,mailed_check,none,0
C008493,62,60.13,3613.01,1,0,75,two-year,mailed_check,fiber,0
C006434,44,71.45,3091.84,1,0,27,one-year,bank_transfer,dsl,0
C003422,44,85.58,3795.62,3,0,21,one-year,electronic_check,none,0
C004510,22,79.12,1812.77,4,0,51,month-to-month,electronic_check,none,0
C001166,2,80.25,211.59,3,0,72,month-to-month,credit_card,none,1
C000254,48,95.17,4556.55,1,0,31,month-to-month,electronic_check,none,0
C000415,49,66.85,3253.65,2,0,62,two-year,bank_transfer,none,0
C009175,66,68.99,4573.42,3,0,54,two-year,credit_card,fiber,0
C003469,63,56.08,3528.08,4,0,79,one-year,bank_transfer,dsl,0
C003050,61,59.32,3636.31,3,0,20,month-to-month,mailed_check,fiber,0
C000759,53,25.32,1323.56,3,1,8,one-year,bank_transfer,fiber,0
C001385,17,107.74,1794.38,3,0,15,two-year,mailed_check,dsl,0
C000654,40,48.87,1965.26,5,0,70,month-to-month,electronic_check,dsl,0
C001201,35,69.83,2383.06,4,0,76,one-year,credit_card,fiber,0
C002413,44,79.5,3496.85,1,0,8,month-to-month,mailed_check,fiber,0
C005579,28,28.69,821.54,4,0,65,month-to-month,credit_card,dsl,0
C005993,48,38.08,1880.57,4,0,74,month-to-month,mailed_check,none,0
C005294,67,26.12,1737.85,3,1,61,one-year,bank_transfer,fiber,0
C003055,35,78.87,2696.7,3,0,89,one-year,credit_card,fiber,0
C002830,67,116.72,7822.46,3,0,36,month-to-month,electronic_check,dsl,0
C002970,45,83.7,3811.31,4,0,62,month-to-month,bank_transfer,dsl,0
C000328,11,63.78,662.22,1,2,25,two-year,credit_card,dsl,0
C004270,58,26.44,1504.26,3,0,56,month-to-month,bank_transfer,fiber,0
C005994,10,104.71,1015.7,1,1,51,month-to-month,credit_card,fiber,1
C004392,1,75.29,117.93,2,0,30,two-year,bank_transfer,dsl,0
C002063,52,26.18,1340.09,3,1,39,month-to-month,mailed_check,dsl,0
C008301,18,109.38,1999.77,5,0,30,month-to-month,electronic_check,dsl,0
C009013,30,115.53,3433.28,4,2,65,month-to-month,bank_transfer,dsl,1
C009329,42,39.47,1683.42,4,0,18,month-to-month,mailed_check,fiber,0
C005169,1,34.67,37.18,1,0,67,month-to-month,electronic_check,dsl,0
C004429,67,103.39,6864.05,2,1,47,month-to-month,bank_transfer,dsl,0
C001281,54,46.84,2562.6,5,0,11,one-year,mailed_check,fiber,0
C003381,57,76.64,4434.9,1,1,86,one-year,mailed_check,fiber,0
C002636,25,69.69,1703.33,4,1,52,two-year,bank_transfer,fiber,0
C003328,29,100.14,2874.6,3,1,37,month-to-month,bank_transfer,fiber,0
C006436,59,53.69,3133.93,1,0,79,two-year,credit_card,fiber,0
C005018,57,46.54,2710.07,3,0,23,one-year,electronic_check,fiber,0
C007324,35,59.7,2063.03,1,0,79,month-to-month,credit_card,dsl,1
C003795,20,79.26,1455.74,5,0,30,month-to-month,bank_transfer,dsl,0
C002663,36,113.52,4076.83,2,0,54,one-year,electronic_check,fiber,0
C008282,1,119.73,86.52,5,1,52,one-year,bank_transfer,fiber,0
C001282,29,58.95,1640.67,4,0,43,month-to-month,bank_transfer,none,0
C004148,63,56.78,3627.55,2,1,57,two-year,bank_transfer,fiber,0
C001362,26,72.01,1941.72,1,0,29,two-year,electronic_check,fiber,0
C001437,48,51.42,2445.72,1,0,0,month-to-month,credit_card,none,1
C009628,48,91.25,4389.85,1,0,65,month-to-month,bank_transfer,none,0
C003441,2,50.78,78.5,1,0,88,two-year,mailed_check,dsl,0
C000056,40,74.93,2957.41,2,0,30,one-year,mailed_check,dsl,0
C004597,1,54.59,0.0,4,1,32,one-year,bank_transfer,fiber,0
C008479,48,114.95,5496.85,4,0,82,month-to-month,electronic_check,dsl,0
C005365,12,41.9,490.26,4,0,64,two-year,mailed_check,dsl,0
C001844,54,80.12,4329.86,1,0,78,one-year,mailed_check,fiber,0
C005515,51,37.16,1903.52,1,0,18,month-to-month,credit_card,fiber,0
C008573,66,88.07,5830.78,3,0,68,one-year,bank_transfer,dsl,0
C006263,65,48.68,3166.05,1,0,54,month-to-month,electronic_check,none,0
C002880,3,47.34,116.85,3,1,15,one-year,mailed_check,none,0
C001743,2,20.85,18.29,5,0,73,month-to-month,mailed_check,fiber,0
C008398,65,80.99,5289.27,3,0,88,one-year,bank_transfer,dsl,1
C004169,49,50.31,2434.56,1,0,23,month-to-month,credit_card,none,0
C005197,68,88.25,5919.84,2,0,82,month-to-month,mailed_check,dsl,0
C008993,35,56.28,1959.43,5,0,1,month-to-month,credit_card,none,0
C000740,59,91.96,5431.41,3,2,19,month-to-month,credit_card,dsl,0
C009066,62,116.01,7237.52,1,0,68,month-to-month,bank_transfer,none,0
C001624,40,21.25,907.41,3,0,83,month-to-month,credit_card,dsl,0
C000524,23,48.17,1109.07,4,0,70,two-year,electronic_check,dsl,0
C007999,13,74.45,942.26,2,0,72,one-year,mailed_check,fiber,0
C004419,8,117.59,917.95,2,0,88,two-year,electronic_check,dsl,0
C005426,60,31.15,1970.67,4,0,26,one-year,credit_card,none,0
C006689,37,85.61,3193.53,3,0,68,month-to-month,credit_card,fiber,1
C007382,18,97.55,1767.35,1,2,12,month-to-month,mailed_check,dsl,1
C000435,9,29.18,337.92,2,1,16,month-to-month,credit_card,none,0
C002960,67,34.19,2281.16,1,0,39,two-year,electronic_check,fiber,0
C000308,23,38.39,827.19,3,0,50,one-year,mailed_check,fiber,0
C001565,33,89.03,2935.77,1,0,4,one-year,credit_card,fiber,0
C002631,49,90.2,4385.56,4,1,82,month-to-month,credit_card,fiber,0
C005597,49,67.25,3306.72,4,1,60,month-to-month,credit_card,dsl,0
C009477,10,103.9,1090.36,1,2,68,month-to-month,bank_transfer,fiber,1
C000401,56,40.12,2289.64,4,0,23,one-year,electronic_check,fiber,0
C003826,25,92.13,2360.27,2,1,20,month-to-month,bank_transfer,fiber,1
C000881,62,42.35,2587.63,2,0,42,two-year,electronic_check,fiber,0
C003997,61,66.41,4079.35,3,1,18,two-year,electronic_check,none,0
C007118,31,27.15,821.49,1,0,29,month-to-month,mailed_check,dsl,0
C003265,47,116.45,5476.38,2,0,69,one-year,bank_transfer,dsl,0
C008406,7,37.43,210.63,1,0,84,one-year,bank_transfer,none,0
C005009,20,51.89,960.44,4,0,76,two-year,mailed_check,none,0
C005736,22,56.13,1159.76,5,0,61,two-year,mailed_check,dsl,0
C005554,40,96.92,3813.42,1,0,40,month-to-month,credit_card,fiber,0
C000288,40,50.71,2012.62,1,0,74,one-year,mailed_check,fiber,0
C005564,7,82.9,623.98,2,1,22,two-year,electronic_check,dsl,0
C008324,38,85.95,3221.81,4,0,78,month-to-month,credit_card,dsl,0
C002623,67,33.81,2332.9,1,0,14,month-to-month,mailed_check,fiber,0
C008859,3,106.19,358.4,2,0,68,two-year,bank_transfer,dsl,0
C000476,61,40.96,2507.03,5,1,19,month-to-month,mailed_check,fiber,0
C008591,30,85.75,2669.07,4,0,23,one-year,mailed_check,fiber,0
C009713,34,38.5,1306.26,2,0,56,two-year,credit_card,dsl,0
C006522,12,106.09,1135.72,4,0,61,month-to-month,mailed_check,dsl,0
C003111,55,46.02,2492.51,2,0,64,two-year,credit_card,none,0
C009470,28,52.63,1452.28,4,0,30,month-to-month,bank_transfer,fiber,0
C000737,25,86.8,2150.44,1,0,30,month-to-month,mailed_check,none,0
C003133,6,102.43,581.52,1,0,40,month-to-month,electronic_check,fiber,0
C008047,65,81.08,5284.97,1,0,44,month-to-month,electronic_check,fiber,0
C006551,60,106.01,6201.19,4,0,76,one-year,bank_transfer,fiber,0
C005407,59,87.19,5141.58,5,0,30,month-to-month,credit_card,dsl,0
C005563,8,39.2,301.92,5,0,74,month-to-month,credit_card,fiber,0
C005328,14,57.09,808.55,3,0,54,month-to-month,mailed_check,dsl,0
C006718,13,77.74,999.83,3,0,24,two-year,credit_card,dsl,0
C005118,63,65.04,4162.08,4,0,41,month-to-month,bank_transfer,dsl,0
C004619,65,92.45,6026.69,1,0,62,month-to-month,electronic_check,fiber,0
C003689,13,102.52,1360.75,1,0,52,two-year,mailed_check,fiber,0
C007716,49,72.17,3591.61,5,1,44,month-to-month,electronic_check,fiber,0
C001839,40,109.58,4514.88,5,0,23,month-to-month,electronic_check,none,0
C001995,1,103.83,101.2,4,0,61,one-year,mailed_check,dsl,0
C002399,53,96.93,5127.44,5,0,8,month-to-month,credit_card,none,0
C006510,20,47.13,980.99,2,2,81,month-to-month,credit_card,dsl,1
C009356,51,34.53,1741.23,5,0,16,month-to-month,mailed_check,dsl,0
C004119,4,105.12,359.39,3,0,89,month-to-month,electronic_check,fiber,1
C005894,39,88.35,3445.21,1,0,8,month-to-month,mailed_check,fiber,0
C000800,1,61.39,104.45,2,0,44,month-to-month,mailed_check,none,0
C008423,26,72.66,1805.7,5,0,36,one-year,credit_card,dsl,0
C007680,26,117.94,3069.46,5,0,6,one-year,electronic_check,dsl,0
C001405,12,92.42,1108.36,1,0,59,month-to-month,electronic_check,none,0
C005431,17,82.64,1427.88,2,0,25,one-year,electronic_check,fiber,0
C000069,34,70.32,2344.77,5,1,47,month-to-month,credit_card,dsl,0
C009543,29,108.0,3149.26,4,0,89,month-to-month,bank_transfer,fiber,0
C002759,31,76.54,2440.7,5,1,25,month-to-month,mailed_check,dsl,0
C008294,8,21.1,209.06,3,0,18,month-to-month,mailed_check,fiber,0
C001586,60,20.35,1199.98,4,0,53,month-to-month,credit_card,none,0
C006666,6,90.21,562.22,3,1,70,month-to-month,bank_transfer,dsl,0
C008014,58,43.2,2523.48,2,0,69,month-to-month,mailed_check,fiber,0
C001074,34,101.09,3551.36,4,0,14,month-to-month,mailed_check,dsl,0
C003063,10,95.59,905.79,4,0,20,two-year,bank_transfer,fiber,0
C006487,22,107.06,2368.72,5,1,59,month-to-month,electronic_check,fiber,0
C004705,17,32.71,572.53,4,1,42,two-year,electronic_check,fiber,0
C009069,37,94.38,3526.99,1,0,64,two-year,bank_transfer,dsl,0
C002603,41,77.39,3305.87,5,0,13,month-to-month,electronic_check,fiber,0
C007738,49,54.37,2686.13,1,0,4,two-year,credit_card,dsl,0
C001579,44,115.99,5099.89,1,0,55,month-to-month,bank_transfer,fiber,0
C005058,19,93.61,1737.04,4,0,71,one-year,electronic_check,fiber,0
C005753,20,37.89,827.59,2,0,39,one-year,electronic_check,dsl,0
C003548,23,94.36,2204.75,4,0,20,one-year,electronic_check,fiber,0
C000409,2,101.81,211.58,3,1,79,one-year,bank_transfer,none,1
C004097,11,58.76,753.95,2,0,36,month-to-month,mailed_check,none,0
C006461,32,62.4,1979.92,5,1,57,one-year,electronic_check,fiber,0
C005601,72,96.03,6921.96,2,0,8,month-to-month,bank_transfer,fiber,0
C005231,36,96.26,3436.96,1,0,71,two-year,credit_card,fiber,0
C003777,62,99.81,6233.11,1,0,65,two-year,mailed_check,fiber,0
C002726,10,31.79,345.33,1,0,16,month-to-month,bank_transfer,none,0
C000477,2,65.09,149.24,1,0,48,month-to-month,mailed_check,fiber,0
C001329,25,44.98,1071.44,1,1,89,month-to-month,mailed_check,none,0
C004035,3,48.89,245.22,1,0,78,month-to-month,credit_card,fiber,0
C009642,33,85.21,2771.07,2,1,73,one-year,mailed_check,dsl,0
C001777,12,74.79,872.19,5,1,25,month-to-month,bank_transfer,none,0
C006096,50,25.19,1259.97,1,0,38,one-year,credit_card,fiber,0
C000751,11,58.24,690.86,3,0,23,month-to-month,bank_transfer,fiber,0
C005792,29,72.31,2111.77,5,0,28,month-to-month,bank_transfer,dsl,0
C004060,11,105.7,1197.76,1,0,87,month-to-month,credit_card,fiber,0
C009041,7,102.81,724.73,5,0,84,month-to-month,electronic_check,fiber,0
C006030,64,57.78,3652.26,5,0,23,month-to-month,electronic_check,fiber,0
C005898,47,22.28,1070.49,5,0,6,month-to-month,electronic_check,dsl,0
C009338,50,54.2,2765.57,1,0,12,two-year,bank_transfer,none,0
C009160,49,69.83,3417.05,2,0,70,two-year,bank_transfer,dsl,0
C009996,72,78.02,5607.69,2,0,57,one-year,mailed_check,dsl,0
C005151,45,109.75,4888.96,3,0,77,month-to-month,bank_transfer,none,1
C000468,14,71.84,1048.66,5,0,60,two-year,mailed_check,fiber,0
C001545,43,104.58,4489.12,5,1,87,month-to-month,bank_transfer,fiber,0
C006311,24,78.62,1903.53,3,0,78,month-to-month,electronic_check,fiber,0
C002683,59,105.07,6177.96,1,0,57,one-year,electronic_check,fiber,0
C008966,52,62.21,3255.56,2,0,66,month-to-month,credit_card,dsl,0
C006181,63,21.76,1373.39,1,1,50,month-to-month,electronic_check,fiber,0
C001025,5,107.11,549.18,1,0,51,one-year,credit_card,dsl,0
C005112,72,52.61,3708.56,3,2,20,one-year,bank_transfer,none,0
C008562,71,99.4,7040.78,2,1,66,one-year,mailed_check,none,0
C005368,48,69.8,3344.0,3,1,17,month-to-month,bank_transfer,fiber,0
C002354,23,68.9,1590.8,4,0,6,month-to-month,electronic_check,none,0
C007278,37,73.14,2754.85,1,2,2,month-to-month,electronic_check,dsl,1
C003602,12,49.9,606.31,1,1,44,month-to-month,credit_card,fiber,0
C000773,52,72.7,3739.48,5,0,72,month-to-month,bank_transfer,fiber,0
C006773,40,84.9,3406.33,3,0,0,month-to-month,bank_transfer,dsl,0
C008809,34,116.26,3935.4,1,0,2,two-year,credit_card,none,0
C003382,70,30.83,2174.63,1,0,80,two-year,mailed_check,dsl,0
C000641,66,99.7,6547.88,4,0,24,month-to-month,mailed_check,none,0
C004233,20,110.93,2201.54,3,0,25,month-to-month,bank_transfer,dsl,0
C003815,6,51.32,265.28,2,0,25,one-year,electronic_check,none,0
C004104,6,93.03,585.98,3,0,19,month-to-month,credit_card,dsl,0
C009925,36,87.19,3143.56,2,0,9,month-to-month,mailed_check,fiber,0
C001108,68,56.77,3888.32,1,0,56,month-to-month,mailed_check,none,0
C003527,7,89.49,569.17,5,1,27,two-year,mailed_check,none,0
C003495,39,72.67,2837.32,4,1,24,one-year,electronic_check,none,0
C001420,69,54.12,3698.63,5,0,82,month-to-month,mailed_check,fiber,0
C006923,57,95.15,5367.48,3,0,25,month-to-month,electronic_check,dsl,0
C003881,17,113.73,1946.19,2,0,36,month-to-month,mailed_check,fiber,1
C008353,45,93.65,4164.07,1,0,38,month-to-month,credit_card,dsl,0
C006245,24,66.31,1633.1,3,1,37,two-year,electronic_check,dsl,0
C004938,22,96.75,2196.8,1,0,18,month-to-month,bank_transfer,dsl,0
C006798,35,36.66,1309.82,1,0,51,one-year,bank_transfer,fiber,0
C007812,7,23.56,155.17,5,0,57,month-to-month,mailed_check,dsl,0
C001680,68,86.05,5952.73,2,1,58,month-to-month,electronic_check,none,0
C006715,35,106.98,3641.67,4,1,2,month-to-month,bank_transfer,dsl,0
C000633,28,27.11,853.26,2,2,14,month-to-month,credit_card,none,0
C002569,67,117.67,7934.59,5,0,54,month-to-month,bank_transfer,fiber,0
C007359,4,119.42,528.74,1,0,68,month-to-month,electronic_check,dsl,1
C002166,23,91.79,2168.95,1,0,3,month-to-month,bank_transfer,dsl,0
C008169,39,42.81,1663.78,2,0,8,month-to-month,mailed_check,fiber,0
C008845,45,31.89,1387.55,3,0,24,one-year,bank_transfer,fiber,0
C002825,61,40.69,2494.31,1,0,48,month-to-month,bank_transfer,none,0
C004087,67,102.0,6795.32,3,0,5,one-year,credit_card,dsl,0
C006243,24,84.51,2054.18,4,0,12,month-to-month,credit_card,dsl,0
C008364,64,57.89,3788.85,4,0,76,month-to-month,bank_transfer,dsl,0
C003941,23,31.72,667.47,5,1,53,month-to-month,bank_transfer,fiber,0
C009179,64,28.09,1740.79,3,0,38,two-year,credit_card,none,0
C008075,61,106.69,6525.91,2,0,31,one-year,credit_card,dsl,0
C009195,14,97.75,1425.16,4,0,68,one-year,mailed_check,dsl,1
C004128,40,48.18,1876.86,3,1,57,month-to-month,credit_card,fiber,0
C001172,29,59.22,1738.36,5,0,24,two-year,bank_transfer,fiber,0
C008668,2,82.51,103.51,2,0,48,one-year,bank_transfer,fiber,0
C004222,60,53.36,3226.42,3,0,42,month-to-month,credit_card,none,0
C004834,71,104.96,7457.59,3,0,17,one-year,electronic_check,none,0
C002576,20,110.27,2168.98,2,0,25,month-to-month,bank_transfer,dsl,0
C001989,67,25.78,1674.76,4,0,76,month-to-month,electronic_check,fiber,0
C006973,49,52.13,2529.82,1,0,71,month-to-month,electronic_check,dsl,0
C005836,64,54.5,3420.53,3,1,2,month-to-month,electronic_check,dsl,0
C004532,51,116.23,5924.23,5,0,33,month-to-month,bank_transfer,fiber,0
C003209,17,116.09,1931.69,1,1,40,month-to-month,credit_card,fiber,0
C003855,52,38.42,1979.82,5,0,54,two-year,electronic_check,fiber,0
C002628,45,24.89,1105.53,5,0,19,month-to-month,bank_transfer,fiber,0
C007803,59,34.67,2055.76,5,1,18,month-to-month,electronic_check,none,0
C001410,5,21.8,56.57,4,2,23,one-year,electronic_check,dsl,0
C008257,58,89.67,5178.56,5,0,80,one-year,electronic_check,dsl,0
C007386,57,38.77,2207.91,1,1,70,one-year,electronic_check,dsl,0
C004303,3,77.0,271.84,3,0,71,month-to-month,credit_card,fiber,0
C006750,53,105.99,5517.48,5,0,88,one-year,mailed_check,dsl,0
C006555,39,63.11,2414.97,3,0,82,month-to-month,electronic_check,none,0
C000815,61,99.38,6126.72,1,0,67,month-to-month,mailed_check,fiber,1
C002404,28,74.21,2031.24,5,0,87,one-year,electronic_check,dsl,0
C005397,29,59.65,1744.02,3,0,89,one-year,mailed_check,fiber,0
C009956,56,37.01,2038.44,5,0,22,month-to-month,electronic_check,fiber,0
C002131,71,86.56,6177.39,4,0,38,month-to-month,electronic_check,dsl,0
C001797,14,39.0,539.72,4,0,64,one-year,electronic_check,fiber,0
C003090,25,53.91,1378.95,3,0,61,two-year,electronic_check,dsl,0
C004184,5,95.36,496.74,5,0,24,month-to-month,credit_card,fiber,0
C004564,65,85.32,5528.19,2,1,35,two-year,mailed_check,fiber,0
C005030,23,77.69,1688.08,1,0,60,month-to-month,electronic_check,dsl,0
C008048,53,117.79,6226.64,5,2,29,two-year,credit_card,fiber,0
C000122,48,63.17,2958.25,5,0,16,month-to-month,credit_card,dsl,0
C000179,37,72.83,2751.65,4,1,30,month-to-month,credit_card,none,0
C009250,46,93.89,4352.99,1,0,0,month-to-month,mailed_check,dsl,1
C008095,20,73.56,1475.08,1,0,86,one-year,electronic_check,dsl,0
C006429,11,108.65,1284.68,5,1,31,one-year,mailed_check,none,1
C009737,32,70.5,2200.7,1,0,62,one-year,bank_transfer,dsl,0
C004992,72,56.95,4022.08,1,0,34,month-to-month,electronic_check,fiber,0
C001157,62,24.31,1461.13,4,0,66,one-year,bank_transfer,fiber,0
C009003,33,44.2,1474.26,4,0,57,one-year,mailed_check,none,0
C001532,68,90.46,6195.85,4,2,63,month-to-month,electronic_check,none,0
C008992,72,75.78,5401.59,4,0,18,month-to-month,mailed_check,fiber,0
C007859,66,76.75,5141.13,4,1,44,month-to-month,bank_transfer,none,0
C009110,12,116.89,1524.43,4,0,73,two-year,electronic_check,fiber,1
C001535,3,37.16,127.58,4,0,44,month-to-month,mailed_check,fiber,0
C009259,20,104.19,2052.15,5,2,47,month-to-month,credit_card,fiber,1
C005517,49,85.35,4160.39,4,2,68,month-to-month,bank_transfer,dsl,0
C002605,55,118.56,6548.2,1,0,22,month-to-month,electronic_check,dsl,1
C006127,64,42.28,2664.92,4,2,52,month-to-month,bank_transfer,dsl,0
C009141,22,37.69,791.61,1,0,12,two-year,bank_transfer,fiber,0
C007458,8,99.62,854.08,1,1,50,month-to-month,credit_card,none,0
C002177,35,117.31,4092.36,1,2,8,two-year,bank_transfer,dsl,0
C007990,18,67.41,1205.05,1,1,61,month-to-month,bank_transfer,none,0
C002351,55,35.76,1935.06,3,0,38,one-year,electronic_check,none,0
C009177,47,101.73,4810.8,2,0,12,one-year,bank_transfer,none,0
C003502,23,36.19,849.75,4,0,42,two-year,electronic_check,fiber,0
C002134,32,50.94,1640.51,3,0,77,month-to-month,credit_card,dsl,0
C001480,11,95.74,975.35,4,0,58,one-year,bank_transfer,none,0
C002793,39,61.24,2355.84,2,1,73,month-to-month,bank_transfer,dsl,0
C004843,15,83.94,1291.07,2,0,86,month-to-month,credit_card,none,0
C009780,24,75.67,1856.84,4,0,8,month-to-month,bank_transfer,none,0
C009934,2,110.21,172.74,5,0,85,one-year,bank_transfer,dsl,0
C004762,8,93.67,758.02,2,0,27,month-to-month,bank_transfer,dsl,0
C007191,72,33.63,2478.93,2,0,82,month-to-month,electronic_check,none,0
C006041,29,52.83,1585.69,5,1,35,month-to-month,mailed_check,fiber,0
C009636,72,93.77,6819.67,3,0,25,two-year,credit_card,none,0
C003445,52,22.21,1229.67,4,2,57,month-to-month,bank_transfer,dsl,0
C008149,3,44.83,23.47,4,1,38,two-year,electronic_check,none,0
C007765,52,32.82,1682.66,1,0,36,two-year,mailed_check,none,0
C003620,72,113.61,8246.25,2,0,51,month-to-month,bank_transfer,dsl,0
C001952,6,31.92,190.12,2,0,14,two-year,mailed_check,dsl,0
C000555,37,107.9,4003.69,4,0,71,month-to-month,bank_transfer,dsl,0
C004264,44,35.08,1545.12,1,1,64,one-year,credit_card,dsl,0
C001163,39,77.05,3019.49,5,0,10,one-year,electronic_check,none,0
C001584,46,67.9,3058.44,3,0,89,two-year,mailed_check,fiber,0
C006151,66,34.63,2265.29,4,0,40,month-to-month,credit_card,dsl,0
C009720,59,107.8,6437.35,1,0,10,month-to-month,bank_transfer,fiber,0
C005837,3,91.15,377.77,1,0,87,month-to-month,bank_transfer,dsl,1
C005261,6,116.64,650.26,5,2,88,month-to-month,electronic_check,none,0
C005239,65,60.11,3889.16,5,0,88,one-year,bank_transfer,fiber,0
C007913,72,112.71,8135.34,5,0,51,month-to-month,mailed_check,fiber,0
C009162,48,104.77,5098.24,4,0,48,two-year,mailed_check,fiber,0
C001598,61,29.33,1809.33,1,0,51,month-to-month,mailed_check,dsl,0
C007182,5,113.04,519.29,5,0,6,month-to-month,credit_card,fiber,0
C000300,27,75.4,1904.96,5,1,7,month-to-month,mailed_check,fiber,0
C009660,14,84.6,1170.87,1,1,69,month-to-month,bank_transfer,dsl,1
C006947,30,63.14,1942.0,2,0,41,month-to-month,electronic_check,dsl,0
C003794,65,75.95,4945.92,1,0,3,one-year,credit_card,none,0
C004572,36,61.77,2178.44,5,0,82,month-to-month,bank_transfer,dsl,0
C004335,31,102.83,3176.72,2,2,53,month-to-month,mailed_check,none,1
C002858,53,104.16,5518.02,1,1,22,month-to-month,credit_card,fiber,0
C005694,43,97.64,4289.46,4,2,37,month-to-month,credit_card,dsl,0
C003142,33,48.34,1572.55,3,0,80,one-year,bank_transfer,dsl,0
C001359,27,67.21,1797.81,5,1,48,two-year,electronic_check,fiber,0
C004533,55,69.38,3765.14,2,0,15,two-year,credit_card,none,0
C009749,38,109.52,4168.81,4,0,73,month-to-month,credit_card,dsl,0
C005687,18,107.33,1988.14,2,1,0,month-to-month,bank_transfer,dsl,1
C000486,25,108.05,2667.68,4,0,75,month-to-month,mailed_check,dsl,0
C007836,28,113.41,3247.14,5,0,5,month-to-month,electronic_check,fiber,0
C009554,34,81.38,2818.77,5,1,84,month-to-month,electronic_check,fiber,0
C005900,67,36.19,2458.44,3,1,87,month-to-month,mailed_check,dsl,0
C008116,9,74.37,728.48,2,0,86,one-year,credit_card,dsl,0
C007362,1,37.18,35.36,3,1,69,two-year,credit_card,none,0
C001152,32,55.85,1732.8,2,0,47,month-to-month,credit_card,none,0
C005382,28,22.18,628.2,1,0,19,month-to-month,electronic_check,fiber,0
C009741,32,70.73,2191.03,4,0,1,one-year,bank_transfer,none,0
C005424,22,81.66,1809.84,2,0,58,one-year,mailed_check,fiber,0
C008807,20,50.82,1070.95,1,0,57,one-year,bank_transfer,fiber,0
C005186,63,77.98,4896.38,4,0,62,month-to-month,mailed_check,fiber,0
C008409,54,39.76,2090.21,5,0,48,one-year,electronic_check,fiber,0
C006189,34,55.37,1842.93,4,0,24,month-to-month,bank_transfer,fiber,0
C009702,27,78.86,2154.59,5,0,80,month-to-month,electronic_check,dsl,0
C008269,37,98.17,3602.18,2,2,18,month-to-month,bank_transfer,fiber,0
C005314,30,91.23,2763.56,1,1,28,month-to-month,electronic_check,dsl,0
C009903,54,57.35,3105.49,1,1,71,month-to-month,credit_card,none,0
C000665,51,89.6,4569.21,4,0,0,two-year,bank_transfer,none,0
C003353,53,39.96,2155.54,4,1,62,one-year,credit_card,dsl,0
C008851,28,68.73,1859.29,2,0,60,one-year,credit_card,fiber,0
C008061,37,114.15,4109.6,1,0,9,two-year,electronic_check,fiber,0
C000642,62,98.4,6071.27,1,0,28,one-year,bank_transfer,none,0
C009242,47,101.96,4740.06,2,1,9,two-year,electronic_check,none,0
C000176,52,39.21,2012.15,2,0,42,two-year,mailed_check,fiber,0
C006431,54,23.51,1344.01,4,0,57,month-to-month,electronic_check,dsl,0
C009910,68,45.89,3073.91,5,1,33,month-to-month,credit_card,dsl,0
C003438,68,113.75,7796.67,2,0,55,one-year,credit_card,none,0
C000786,3,107.92,285.8,1,0,28,month-to-month,bank_transfer,fiber,0
C006391,28,65.44,1741.36,5,0,60,month-to-month,mailed_check,dsl,0
C009065,48,79.84,3853.54,3,0,1,month-to-month,credit_card,dsl,0
C009927,18,100.94,1780.94,5,0,10,one-year,electronic_check,none,0
C003202,56,45.91,2441.6,1,1,41,month-to-month,electronic_check,dsl,0
C004803,58,93.13,5420.29,5,0,26,month-to-month,mailed_check,dsl,0
C007835,40,32.75,1336.95,3,1,89,two-year,bank_transfer,fiber,0
C007940,46,87.67,4139.18,4,0,9,month-to-month,electronic_check,none,0
C000091,58,95.89,5580.28,4,0,34,month-to-month,electronic_check,fiber,0
C005762,15,41.46,700.26,2,0,21,month-to-month,bank_transfer,none,0
C009027,9,92.98,774.16,1,1,59,two-year,bank_transfer,dsl,0
C009504,3,82.14,215.62,4,0,1,month-to-month,credit_card,fiber,0
C008237,23,86.92,1936.47,3,0,33,two-year,electronic_check,dsl,0
C001971,67,56.16,3749.83,5,0,88,month-to-month,mailed_check,fiber,0
C002905,63,38.76,2559.05,3,0,89,month-to-month,credit_card,fiber,0
C000530,44,54.31,2488.68,4,0,15,month-to-month,bank_transfer,fiber,0
C003635,35,67.87,2346.89,4,0,11,one-year,mailed_check,dsl,0
C000996,38,78.07,2883.24,3,1,33,month-to-month,mailed_check,none,0
C005852,19,80.66,1521.85,2,0,42,month-to-month,bank_transfer,none,0
C004226,33,119.73,4019.83,5,0,63,month-to-month,mailed_check,dsl,0
C005616,58,50.2,2838.89,1,1,78,month-to-month,credit_card,fiber,0
C002312,37,60.25,2306.33,3,0,24,month-to-month,credit_card,fiber,0
C002154,51,100.87,5099.93,4,0,17,one-year,mailed_check,none,0
C005317,8,70.89,557.24,4,1,87,one-year,credit_card,none,1
C001427,65,59.5,3893.22,4,2,54,one-year,credit_card,dsl,0
C008630,33,36.45,1207.55,5,0,67,month-to-month,bank_transfer,fiber,0
C006032,56,119.51,6733.59,5,1,23,one-year,electronic_check,none,0
C004415,32,76.1,2466.53,2,0,11,month-to-month,bank_transfer,fiber,0
C008818,55,46.25,2545.11,5,0,28,one-year,mailed_check,fiber,0
C003085,26,101.87,2647.83,5,0,33,month-to-month,bank_transfer,dsl,0
C007798,40,75.86,3005.41,1,0,59,month-to-month,bank_transfer,dsl,1
C009153,60,25.09,1487.74,3,1,80,month-to-month,credit_card,fiber,0
C008209,66,110.37,7259.64,3,0,68,month-to-month,credit_card,none,0
C009573,23,42.95,1017.05,1,0,29,two-year,mailed_check,dsl,0
C009534,7,111.29,805.49,5,0,61,one-year,bank_transfer,none,0
C000495,30,45.05,1420.8,2,0,35,month-to-month,mailed_check,fiber,1
C003749,66,74.54,4952.42,1,0,27,month-to-month,mailed_check,none,0
C002321,3,23.69,29.64,5,0,84,two-year,bank_transfer,none,0
C004267,67,105.29,7015.81,5,0,35,one-year,credit_card,fiber,0
C003405,26,102.53,2639.66,3,0,6,two-year,electronic_check,none,0
C000151,21,28.8,593.19,1,0,70,month-to-month,credit_card,dsl,0
C007369,14,43.48,496.68,1,0,50,month-to-month,electronic_check,fiber,0
C000694,7,94.95,595.26,4,0,15,one-year,credit_card,none,0
C004417,12,93.68,1154.19,3,0,65,one-year,credit_card,fiber,1
C005697,56,80.49,4483.51,3,0,57,month-to-month,electronic_check,dsl,0
C001738,1,99.25,117.15,2,0,32,one-year,electronic_check,none,0
C003001,49,109.77,5392.78,4,0,87,one-year,mailed_check,none,0
C000167,13,94.63,1170.68,1,0,6,month-to-month,credit_card,fiber,0
C006111,36,72.0,2560.21,2,0,36,month-to-month,electronic_check,fiber,0
C004622,60,114.97,6858.97,4,0,63,two-year,credit_card,dsl,0
C002865,3,66.41,102.92,4,0,53,month-to-month,credit_card,none,0
C008544,10,29.66,364.49,4,2,35,month-to-month,electronic_check,dsl,0
C004702,40,117.79,4627.86,5,0,66,month-to-month,bank_transfer,dsl,0
C002883,4,90.85,383.58,5,0,31,one-year,electronic_check,fiber,0
C003031,20,56.48,1133.36,5,0,12,one-year,credit_card,none,0
C008183,56,38.35,2222.01,1,0,63,month-to-month,credit_card,fiber,0
C008980,72,79.96,5801.15,5,0,6,one-year,mailed_check,dsl,0
C008528,67,80.58,5421.73,2,0,66,two-year,electronic_check,none,0
C005681,57,103.11,5928.27,4,0,65,two-year,electronic_check,dsl,1
C007209,68,34.83,2403.12,4,1,43,two-year,mailed_check,none,0
C005991,35,91.51,3066.17,5,0,59,month-to-month,bank_transfer,dsl,0
C002276,16,59.24,1018.97,1,1,62,month-to-month,bank_transfer,dsl,0
C007132,57,52.74,3017.19,2,0,50,one-year,bank_transfer,none,0
C005705,59,76.13,4392.29,5,0,46,two-year,bank_transfer,dsl,0
C007998,10,103.97,987.1,2,0,37,month-to-month,bank_transfer,fiber,0
C005292,25,104.6,2699.39,5,1,62,month-to-month,credit_card,dsl,0
C004304,49,21.34,1046.55,1,0,9,one-year,electronic_check,dsl,0
C007445,62,36.3,2293.37,3,0,28,month-to-month,electronic_check,fiber,0
C000428,2,112.78,212.03,5,2,18,one-year,bank_transfer,dsl,0
C007068,46,28.61,1353.7,2,0,70,month-to-month,electronic_check,none,0
C006364,59,82.75,4891.67,5,0,47,two-year,credit_card,fiber,0
C004215,72,94.4,6743.18,5,0,23,month-to-month,bank_transfer,none,0
C000426,63,115.06,7306.43,4,0,17,month-to-month,electronic_check,dsl,0
C002223,31,33.56,939.23,4,0,89,month-to-month,mailed_check,none,0
C000100,60,76.33,4471.84,1,0,27,two-year,credit_card,fiber,0
C009244,55,52.88,2927.03,5,0,74,one-year,credit_card,fiber,0
C003307,10,86.73,859.48,4,0,9,two-year,mailed_check,none,0
C002762,27,45.47,1283.34,5,1,60,month-to-month,credit_card,dsl,0
C005857,27,88.63,2400.24,2,0,29,two-year,mailed_check,dsl,0
C004738,26,82.22,2260.06,5,0,3,one-year,electronic_check,fiber,0
C007092,31,49.28,1591.77,2,1,55,month-to-month,mailed_check,none,0
C009632,16,103.83,1591.05,2,0,68,one-year,electronic_check,fiber,0
C003286,10,60.11,557.61,3,0,21,month-to-month,mailed_check,fiber,0
C007712,28,85.65,2481.11,3,0,19,one-year,electronic_check,dsl,0
C007868,44,35.24,1548.53,5,0,9,month-to-month,bank_transfer,fiber,0
C006067,17,63.16,1072.6,4,1,20,month-to-month,electronic_check,fiber,0
C009235,40,64.57,2546.86,1,0,87,month-to-month,mailed_check,fiber,0
C003577,62,46.0,2835.59,2,0,52,month-to-month,bank_transfer,fiber,0
C001465,9,105.53,952.59,2,0,59,two-year,mailed_check,fiber,1
C007675,3,38.18,44.78,2,1,44,month-to-month,bank_transfer,fiber,0
C002234,43,80.58,3479.23,1,0,18,one-year,bank_transfer,fiber,0
C001744,16,29.49,490.05,2,0,20,one-year,electronic_check,none,0
C009754,42,112.74,4741.28,1,0,28,two-year,credit_card,dsl,0
C006094,23,24.31,499.34,1,0,18,month-to-month,electronic_check,dsl,0
C008781,15,118.58,1738.65,3,0,61,one-year,credit_card,fiber,0
C009401,71,48.02,3412.59,1,0,58,month-to-month,bank_transfer,fiber,0
C008371,59,71.13,4198.0,5,0,16,month-to-month,bank_transfer,dsl,0
C005027,7,36.19,211.45,5,0,23,two-year,bank_transfer,dsl,0
C009234,35,39.71,1465.52,5,0,64,month-to-month,electronic_check,dsl,0
C003944,10,98.59,942.8,4,0,43,one-year,electronic_check,none,0
C006862,13,103.74,1487.43,1,1,33,month-to-month,electronic_check,fiber,1
C005350,17,46.4,828.56,1,0,66,two-year,electronic_check,none,0
C009422,34,60.54,2005.71,5,1,6,one-year,electronic_check,fiber,0
C002121,69,20.68,1403.94,5,0,71,month-to-month,credit_card,dsl,0
C004972,61,118.44,7293.21,5,0,19,month-to-month,bank_transfer,none,0
C008576,42,61.12,2458.67,1,1,5,two-year,mailed_check,fiber,0
C003784,71,92.66,6574.89,2,0,44,month-to-month,bank_transfer,dsl,0
C006872,72,88.85,6358.46,3,0,5,one-year,electronic_check,dsl,0
C000916,40,99.79,4005.54,1,0,49,one-year,bank_transfer,fiber,0
C009394,13,93.75,1243.76,2,0,26,one-year,bank_transfer,fiber,0
C007252,56,96.03,5337.85,5,1,3,month-to-month,electronic_check,none,0
C008012,5,118.68,487.42,5,1,87,two-year,bank_transfer,fiber,0
C005821,51,30.43,1529.3,4,0,70,one-year,bank_transfer,none,0
C004403,68,66.39,4528.63,5,1,38,month-to-month,bank_transfer,fiber,0
C004863,52,112.59,5893.71,5,0,64,one-year,bank_transfer,fiber,0
C008515,34,105.04,3599.49,5,1,1,one-year,mailed_check,fiber,0
C005422,6,62.38,321.28,5,0,86,two-year,electronic_check,dsl,0
C007733,41,106.03,4385.56,4,1,47,two-year,electronic_check,dsl,0
C001203,55,38.6,2161.52,3,1,20,month-to-month,electronic_check,dsl,0
C003768,59,76.51,4524.51,4,0,19,one-year,mailed_check,fiber,1
C005357,54,85.93,4599.61,2,0,18,month-to-month,mailed_check,dsl,0
C003852,8,33.54,275.39,1,0,15,month-to-month,mailed_check,none,0
C001926,26,46.05,1187.07,1,1,53,one-year,credit_card,dsl,0
C003114,27,32.69,931.81,3,1,46,month-to-month,mailed_check,fiber,0
C002641,36,111.5,4128.48,2,1,7,month-to-month,credit_card,dsl,0
C007639,61,68.97,4174.89,4,1,62,month-to-month,electronic_check,none,0
C007360,5,25.19,114.69,2,0,67,two-year,mailed_check,fiber,0
C008182,54,36.4,1999.56,3,0,47,one-year,credit_card,fiber,0
C007610,4,88.38,356.26,2,0,58,month-to-month,mailed_check,dsl,0
C002728,42,80.0,3316.66,3,2,79,month-to-month,electronic_check,fiber,0
C009597,61,47.7,2907.86,3,1,66,month-to-month,electronic_check,none,0
C004985,4,115.9,498.58,3,0,41,month-to-month,mailed_check,fiber,0
C006846,8,96.92,757.69,4,0,26,month-to-month,mailed_check,dsl,0
C007698,6,97.26,503.3,1,0,0,month-to-month,mailed_check,fiber,0
C004012,50,108.97,5308.77,1,1,33,two-year,bank_transfer,none,0
C002626,71,114.77,8208.43,5,0,60,month-to-month,electronic_check,fiber,0
C007238,21,116.98,2404.58,1,0,84,two-year,mailed_check,dsl,0
C008255,35,21.61,728.4,2,0,23,two-year,bank_transfer,dsl,0
C009565,66,72.77,4776.02,4,1,86,one-year,credit_card,fiber,0
C000805,57,92.69,5206.85,5,0,85,month-to-month,bank_transfer,none,0
C004634,8,84.48,730.72,3,1,3,two-year,credit_card,fiber,0
C005247,68,58.89,4003.15,5,0,72,one-year,mailed_check,fiber,0
C005566,16,37.44,572.83,5,0,58,month-to-month,credit_card,fiber,0
C005739,3,57.84,191.39,5,0,77,month-to-month,electronic_check,fiber,0
C005143,41,33.78,1495.33,2,0,7,month-to-month,bank_transfer,none,0
C008265,31,71.06,2231.61,4,0,49,one-year,bank_transfer,none,0
C004459,48,117.34,5678.23,1,0,31,month-to-month,credit_card,fiber,0
C001242,70,23.72,1670.59,1,1,47,one-year,mailed_check,fiber,0
C006945,40,83.15,3423.91,1,0,67,two-year,bank_transfer,dsl,0
C005740,55,114.11,6298.31,1,0,27,one-year,electronic_check,fiber,0
C005325,29,20.3,606.99,4,0,26,two-year,credit_card,fiber,0
C000547,43,82.17,3599.54,4,0,67,one-year,mailed_check,dsl,0
C003022,28,114.74,3287.55,2,0,60,two-year,electronic_check,dsl,0
C005761,12,88.62,1061.53,3,1,58,one-year,bank_transfer,none,0
C004031,38,111.76,4306.53,1,0,0,one-year,electronic_check,dsl,0
C000026,29,63.49,1843.8,4,0,16,one-year,mailed_check,none,0
C004952,57,101.43,5823.38,2,0,49,month-to-month,credit_card,dsl,0
C005152,19,24.41,442.51,5,1,66,month-to-month,credit_card,none,0
C002508,30,82.15,2509.91,3,0,45,month-to-month,electronic_check,dsl,0
C001433,41,111.67,4640.07,4,0,42,month-to-month,electronic_check,fiber,0
C002582,21,36.05,819.6,5,0,23,month-to-month,electronic_check,fiber,0
C001302,51,72.15,3730.75,3,1,7,month-to-month,mailed_check,fiber,0
C005812,22,50.16,1011.34,2,1,1,one-year,bank_transfer,fiber,0
C007349,57,43.37,2476.51,1,1,36,month-to-month,credit_card,dsl,0
C005281,52,104.42,5393.9,1,0,66,month-to-month,electronic_check,fiber,0
C006114,15,85.2,1362.41,2,0,33,one-year,electronic_check,dsl,0
C001221,40,41.6,1604.65,5,0,45,month-to-month,bank_transfer,dsl,0
C007435,58,70.39,4137.97,1,0,36,one-year,credit_card,dsl,0
C002548,34,31.24,1080.97,1,0,68,one-year,bank_transfer,dsl,0
C000750,70,23.68,1692.12,1,0,45,month-to-month,mailed_check,none,0
C000437,67,40.42,2707.14,2,0,23,month-to-month,mailed_check,fiber,0
C004371,13,28.42,369.0,3,1,38,month-to-month,mailed_check,dsl,0
C004448,40,44.74,1850.41,3,0,81,month-to-month,mailed_check,dsl,0
C002847,28,48.64,1351.54,5,0,37,one-year,bank_transfer,fiber,0
C001173,13,62.81,908.98,2,0,26,two-year,credit_card,fiber,0
C007495,64,111.91,7135.52,2,0,67,two-year,mailed_check,dsl,0
C002699,9,77.76,705.45,2,0,18,month-to-month,electronic_check,fiber,0
C009888,68,105.14,7175.93,2,1,15,one-year,mailed_check,fiber,0
C009506,15,97.3,1481.87,2,0,38,one-year,electronic_check,fiber,0
C006395,7,87.98,651.23,4,0,72,month-to-month,electronic_check,dsl,0
C002481,62,111.64,6892.33,1,0,79,month-to-month,mailed_check,none,0
C005456,12,72.71,817.45,3,0,73,month-to-month,credit_card,fiber,0
C008444,54,60.41,3280.17,2,0,63,month-to-month,credit_card,none,0
C002706,51,38.1,1936.26,5,1,63,two-year,mailed_check,fiber,0
C004661,42,95.95,4027.1,4,1,67,one-year,bank_transfer,fiber,0
C000326,18,80.23,1378.53,2,0,33,month-to-month,mailed_check,dsl,0
C001039,60,62.59,3729.66,2,0,24,month-to-month,bank_transfer,dsl,0
C002637,54,114.92,6177.74,2,0,72,month-to-month,bank_transfer,dsl,0
C005022,50,51.18,2570.9,5,0,48,month-to-month,mailed_check,fiber,0
C002499,67,22.41,1609.51,1,1,20,two-year,electronic_check,none,0
C001004,10,26.1,304.73,3,0,72,month-to-month,electronic_check,fiber,0
C002861,68,23.89,1598.26,3,0,32,month-to-month,mailed_check,fiber,0
C003233,1,80.79,52.82,4,2,31,one-year,credit_card,fiber,0
C001870,4,88.1,337.96,2,0,2,two-year,mailed_check,none,0
C004245,21,79.38,1716.39,2,0,59,one-year,electronic_check,dsl,0
C006927,21,94.8,1933.77,5,0,61,two-year,bank_transfer,fiber,0
C008385,40,63.15,2565.52,5,1,36,month-to-month,bank_transfer,none,0
C000534,42,103.96,4364.04,1,2,23,month-to-month,credit_card,fiber,1
C009827,68,29.83,2133.84,2,0,33,month-to-month,mailed_check,dsl,0
C007148,21,39.7,829.05,3,1,12,month-to-month,bank_transfer,none,0
C007365,31,109.69,3378.98,3,0,14,month-to-month,mailed_check,none,0
C000585,67,115.06,7668.07,1,0,14,month-to-month,electronic_check,fiber,0
C009914,38,23.09,909.0,5,0,10,month-to-month,bank_transfer,dsl,0
C003035,69,106.61,7265.56,3,1,35,one-year,electronic_check,fiber,0
C004428,56,88.87,5020.51,2,0,33,one-year,credit_card,fiber,0
C004089,71,62.45,4443.62,2,1,25,month-to-month,mailed_check,fiber,0
C001703,15,32.24,478.09,2,1,58,two-year,bank_transfer,fiber,0
C004295,72,59.23,4290.08,4,0,10,month-to-month,electronic_check,fiber,0
C005719,33,76.39,2543.93,3,0,66,month-to-month,electronic_check,fiber,0
C000491,63,86.32,5470.79,3,1,13,month-to-month,electronic_check,fiber,0
C006899,60,115.19,6876.3,3,0,81,one-year,credit_card,none,0
C004353,30,92.69,2819.36,1,0,61,two-year,bank_transfer,none,0
C002836,70,46.07,3119.17,2,0,30,month-to-month,bank_transfer,fiber,0
C002266,50,52.04,2515.92,3,1,74,one-year,electronic_check,fiber,0
C007718,32,59.83,1972.97,2,0,42,one-year,mailed_check,dsl,0
C009523,37,100.11,3703.15,1,0,42,month-to-month,electronic_check,fiber,1
C008022,72,80.77,5729.47,1,0,2,two-year,credit_card,none,0
C004707,40,112.41,4529.43,4,2,50,one-year,electronic_check,fiber,0
C009843,12,81.58,978.4,3,0,28,two-year,mailed_check,dsl,0
C002900,37,55.9,2056.38,3,0,82,month-to-month,mailed_check,fiber,0
C009618,30,60.67,1792.82,4,0,33,month-to-month,bank_transfer,none,0
C002944,60,79.73,4849.55,4,0,86,one-year,electronic_check,dsl,0
C001916,21,54.93,1180.59,4,0,76,month-to-month,bank_transfer,none,0
C003185,69,112.86,7797.63,1,0,68,month-to-month,electronic_check,none,0
C008626,57,91.68,5177.04,2,0,15,month-to-month,bank_transfer,dsl,0
C009434,31,24.47,778.95,3,0,54,two-year,electronic_check,fiber,0
C007255,49,110.46,5385.62,5,0,42,month-to-month,credit_card,fiber,1
C004246,20,67.08,1431.78,2,0,79,month-to-month,credit_card,none,0
C008615,25,32.97,859.9,3,1,11,month-to-month,electronic_check,fiber,0
C005146,35,20.85,673.08,4,0,1,month-to-month,mailed_check,none,0
C008565,45,93.92,4258.39,2,0,7,month-to-month,electronic_check,none,0
C002518,11,56.27,672.69,5,0,33,two-year,electronic_check,dsl,0
C000397,15,52.57,823.71,5,0,63,month-to-month,bank_transfer,dsl,0
C001317,43,90.65,3929.07,1,1,25,month-to-month,mailed_check,none,0
C004560,36,87.5,3074.17,5,0,18,one-year,credit_card,fiber,0
C000121,49,50.68,2541.65,3,0,85,two-year,mailed_check,dsl,0
C002449,13,68.91,861.88,4,0,9,month-to-month,mailed_check,dsl,0
C008855,10,77.01,828.09,2,1,24,two-year,credit_card,fiber,0
C008108,48,100.04,4795.96,5,0,58,month-to-month,electronic_check,dsl,1
C001566,70,77.53,5506.71,1,1,68,month-to-month,electronic_check,dsl,0
C001984,46,51.69,2403.37,4,2,65,month-to-month,bank_transfer,fiber,0
C004333,65,81.29,5249.11,4,1,47,one-year,mailed_check,fiber,0
C007910,4,70.76,229.06,5,0,68,two-year,electronic_check,fiber,0
C009286,32,75.69,2385.43,4,1,41,month-to-month,mailed_check,dsl,0
C003918,5,106.75,566.86,2,2,76,two-year,electronic_check,dsl,0
C002173,56,84.95,4752.26,1,1,41,one-year,bank_transfer,dsl,1
C003283,8,70.42,607.85,1,0,19,month-to-month,electronic_check,fiber,0
C008495,2,63.24,214.3,5,0,60,one-year,electronic_check,fiber,0
C008584,15,72.25,1128.27,1,1,50,month-to-month,mailed_check,dsl,0
C002333,60,85.8,5243.66,5,0,7,two-year,electronic_check,dsl,0
C000573,4,106.27,393.88,4,0,11,one-year,electronic_check,dsl,1
C003660,41,47.26,1980.99,5,1,37,two-year,mailed_check,fiber,0
C009075,63,59.5,3813.46,5,0,43,month-to-month,electronic_check,dsl,0
C000981,51,73.92,3821.36,2,1,30,one-year,mailed_check,fiber,0
C009370,24,83.89,2051.67,4,1,36,two-year,electronic_check,fiber,0
C001407,63,40.88,2556.11,3,1,42,month-to-month,credit_card,dsl,0
C000535,12,95.22,1184.36,2,0,17,two-year,electronic_check,fiber,0
C004315,20,114.12,2323.81,3,0,54,month-to-month,electronic_check,none,1
C004598,69,92.71,6389.87,2,1,25,two-year,electronic_check,fiber,0
C008622,64,98.58,6334.96,4,0,60,two-year,electronic_check,fiber,0
C008758,17,39.26,694.59,2,0,29,month-to-month,mailed_check,fiber,0
C001434,24,79.91,1984.22,3,1,22,month-to-month,bank_transfer,dsl,0
C006994,54,34.42,1815.67,2,1,40,month-to-month,bank_transfer,dsl,0
C002579,41,56.7,2346.13,3,0,87,one-year,bank_transfer,fiber,0
C009403,32,93.83,2985.69,4,0,26,month-to-month,mailed_check,fiber,0
C003269,71,54.93,3824.96,5,1,11,month-to-month,bank_transfer,dsl,0
C009553,32,101.27,3257.96,4,0,78,two-year,bank_transfer,dsl,0
C003838,70,37.42,2535.62,4,0,9,one-year,bank_transfer,fiber,0
C001867,55,24.34,1290.12,1,0,80,one-year,mailed_check,fiber,0
C001454,42,86.73,3641.41,2,0,24,one-year,credit_card,dsl,0
C001786,15,65.3,938.13,1,0,36,month-to-month,credit_card,fiber,0
C009912,32,81.37,2633.23,5,0,48,month-to-month,electronic_check,fiber,0
C007095,72,59.03,4200.61,4,0,6,month-to-month,bank_transfer,fiber,0
C002521,4,55.18,238.3,2,0,27,month-to-month,bank_transfer,dsl,0
C004439,23,37.75,867.93,3,0,0,two-year,bank_transfer,dsl,0
C001820,23,85.82,1938.32,3,0,80,month-to-month,bank_transfer,fiber,0
C005615,53,57.83,3094.88,5,0,48,two-year,bank_transfer,dsl,0
C002929,48,89.29,4268.35,4,0,7,month-to-month,mailed_check,none,1
C000051,15,62.17,871.45,3,0,27,two-year,electronic_check,dsl,0
C004726,8,44.03,313.16,3,0,54,month-to-month,bank_transfer,dsl,0
C005716,15,70.76,1064.39,2,0,72,month-to-month,bank_transfer,none,0
C005465,40,106.22,4209.03,5,0,57,two-year,bank_transfer,dsl,0
C000469,68,29.66,2051.94,2,0,32,month-to-month,bank_transfer,fiber,0
C002629,3,103.83,259.18,4,0,70,month-to-month,credit_card,dsl,0
C006513,8,32.3,214.65,1,0,69,two-year,mailed_check,dsl,0
C007467,42,31.64,1333.07,1,1,11,month-to-month,mailed_check,dsl,0
C003945,53,89.54,4707.28,5,0,71,two-year,bank_transfer,fiber,1
C006204,4,31.83,167.61,3,0,5,one-year,mailed_check,fiber,0
C004262,21,90.56,1952.24,4,0,88,month-to-month,credit_card,fiber,1
C001858,38,41.5,1582.39,2,0,59,month-to-month,mailed_check,none,0
C009532,39,78.29,3047.36,5,0,26,two-year,credit_card,none,0
C000865,51,53.21,2757.26,3,0,29,month-to-month,mailed_check,fiber,0
C006390,55,53.69,2940.32,4,1,27,two-year,mailed_check,fiber,0
C007212,37,87.47,3169.01,2,0,69,two-year,electronic_check,fiber,0
C004921,63,73.41,4582.68,4,1,75,month-to-month,bank_transfer,dsl,0
C008101,69,36.76,2470.97,4,0,65,two-year,credit_card,fiber,0
C004792,70,23.52,1698.85,5,0,21,one-year,bank_transfer,fiber,0
C008854,41,38.56,1508.82,2,0,34,month-to-month,credit_card,fiber,0
C006250,50,66.25,3341.68,4,0,21,two-year,bank_transfer,dsl,0
C005936,12,98.51,1180.14,3,1,26,one-year,bank_transfer,dsl,0
C000425,15,84.6,1308.17,2,0,5,month-to-month,bank_transfer,fiber,0
C000188,18,109.49,1944.23,3,0,23,month-to-month,bank_transfer,dsl,0
C005629,3,80.73,350.76,1,0,22,one-year,mailed_check,dsl,0
C004359,70,26.99,1782.84,1,0,16,month-to-month,bank_transfer,fiber,0
C000228,40,39.3,1661.19,1,0,87,one-year,bank_transfer,none,0
C007757,2,49.78,162.46,1,1,7,one-year,bank_transfer,none,0
C007677,58,85.56,4957.39,2,0,59,month-to-month,electronic_check,none,0
C002741,7,65.78,392.24,1,0,25,month-to-month,electronic_check,dsl,0
C001041,62,20.56,1293.64,1,1,25,one-year,bank_transfer,dsl,0
C004075,2,32.65,68.16,3,0,53,two-year,mailed_check,fiber,0
C009140,37,70.62,2636.41,4,1,83,month-to-month,bank_transfer,none,0
C006118,37,64.3,2340.75,1,2,16,two-year,bank_transfer,fiber,0
C006902,59,65.71,3895.81,5,1,24,month-to-month,bank_transfer,fiber,0
C000471,58,26.29,1397.99,2,0,3,two-year,credit_card,dsl,0
C002921,56,59.43,3336.92,4,0,33,one-year,credit_card,fiber,0
C001905,18,101.71,1783.01,5,1,85,month-to-month,credit_card,dsl,0
C008876,23,37.19,808.56,1,0,59,month-to-month,credit_card,dsl,1
C000801,22,80.52,1701.73,4,0,5,two-year,mailed_check,fiber,0
C001487,1,85.91,71.91,4,0,83,month-to-month,bank_transfer,fiber,1
C008441,14,30.5,451.79,2,0,55,one-year,bank_transfer,fiber,0
C000227,42,20.44,899.88,2,0,7,month-to-month,bank_transfer,fiber,0
C007890,16,90.77,1478.86,5,0,44,two-year,mailed_check,fiber,0
C001128,41,73.48,3000.16,3,0,50,month-to-month,credit_card,fiber,0
C005070,66,72.48,4774.4,2,0,47,one-year,electronic_check,fiber,0
C009166,54,75.26,4069.58,3,1,13,month-to-month,bank_transfer,fiber,0
C002208,17,37.37,589.21,2,0,39,month-to-month,mailed_check,fiber,0
C007993,7,39.04,252.47,4,0,67,month-to-month,credit_card,dsl,0
C009842,48,53.5,2480.86,5,0,82,month-to-month,electronic_check,dsl,0
C006559,8,79.3,666.32,1,0,16,month-to-month,credit_card,fiber,0
C009921,12,97.05,1130.05,2,0,8,one-year,bank_transfer,fiber,0
C003153,58,108.57,6263.64,3,0,71,month-to-month,mailed_check,dsl,0
C004441,26,114.83,2970.73,5,0,56,two-year,bank_transfer,none,0
C007505,33,24.66,867.41,5,0,5,one-year,electronic_check,dsl,0
C008957,60,58.96,3597.4,2,1,35,month-to-month,mailed_check,fiber,0
C006215,47,29.16,1365.19,4,0,20,month-to-month,bank_transfer,fiber,0
C009598,41,72.28,2987.88,3,0,41,two-year,mailed_check,fiber,0
C002144,27,105.2,2815.26,3,0,60,month-to-month,bank_transfer,fiber,0
C007411,12,98.11,1121.43,5,0,31,month-to-month,credit_card,none,0
C008929,13,78.79,1061.92,4,1,77,month-to-month,bank_transfer,fiber,1
C002374,51,74.84,3855.55,3,0,69,one-year,bank_transfer,none,0
C002577,33,22.81,713.89,3,0,51,two-year,credit_card,dsl,0
C001632,7,108.08,771.53,2,0,82,month-to-month,mailed_check,fiber,0
C004832,29,90.99,2594.37,4,0,60,one-year,mailed_check,none,0
C002298,16,110.78,1850.93,4,0,47,two-year,electronic_check,none,0
C005033,11,31.05,443.1,1,1,43,month-to-month,credit_card,fiber,0
C000156,10,52.48,493.43,1,0,72,one-year,electronic_check,dsl,0
C008046,31,82.42,2548.22,3,2,37,month-to-month,credit_card,none,0
C006706,2,72.04,164.98,5,0,64,one-year,credit_card,dsl,0
C003349,57,25.07,1391.41,4,0,87,month-to-month,bank_transfer,fiber,0
C002879,71,114.84,8141.89,5,0,63,two-year,mailed_check,fiber,0
C003413,7,49.44,371.82,5,0,6,month-to-month,electronic_check,none,0
C007768,21,80.29,1667.33,1,0,60,month-to-month,mailed_check,dsl,0
C004189,65,85.91,5594.87,1,0,64,month-to-month,credit_card,none,0
C009610,70,21.16,1559.67,4,0,9,two-year,bank_transfer,fiber,0
C009734,29,87.38,2549.7,1,1,79,month-to-month,bank_transfer,dsl,1
C007251,41,32.6,1381.23,1,1,1,month-to-month,electronic_check,fiber,0
C007613,48,90.27,4346.07,2,0,11,two-year,bank_transfer,dsl,0
C006919,58,64.16,3685.1,3,1,65,two-year,electronic_check,fiber,0
C009681,64,98.76,6399.6,4,1,7,two-year,mailed_check,dsl,0
C009671,60,39.52,2391.31,1,0,77,month-to-month,electronic_check,fiber,0
C004794,29,39.16,1221.71,4,1,53,one-year,credit_card,none,0
C005654,18,53.57,955.83,1,0,43,month-to-month,electronic_check,fiber,0
C002495,15,94.38,1390.99,3,0,30,one-year,bank_transfer,fiber,0
C007304,66,86.85,5763.35,5,2,63,one-year,credit_card,fiber,0
C002372,5,73.62,394.5,5,0,24,month-to-month,credit_card,fiber,0
C004091,4,74.15,337.02,4,0,7,month-to-month,electronic_check,none,0
C009471,54,21.99,1149.35,1,2,6,month-to-month,mailed_check,dsl,0
C003461,69,85.55,5995.88,3,1,1,one-year,bank_transfer,fiber,0
C007006,44,43.59,1943.11,4,0,79,month-to-month,mailed_check,fiber,0
C005391,12,113.36,1433.91,3,0,32,one-year,bank_transfer,fiber,0
C007172,72,48.86,3445.22,5,1,10,one-year,electronic_check,dsl,0
C005696,6,66.98,469.5,4,0,25,two-year,mailed_check,fiber,0
C005664,40,42.31,1679.83,5,0,71,two-year,electronic_check,none,0
C004503,56,40.67,2254.5,5,0,41,month-to-month,credit_card,dsl,0
C002550,48,108.42,5220.55,1,0,42,month-to-month,electronic_check,fiber,0
C004715,37,68.78,2552.46,5,0,25,month-to-month,electronic_check,fiber,0
C000847,4,41.95,235.39,3,0,22,two-year,electronic_check,none,0
C003344,39,103.2,4094.03,4,1,65,two-year,mailed_check,fiber,0
C000938,34,85.56,2973.26,2,1,53,two-year,mailed_check,none,0
C004825,31,24.64,796.65,5,1,52,one-year,credit_card,fiber,0
C009693,10,40.41,412.65,2,0,52,one-year,electronic_check,fiber,0
C008863,65,64.02,4187.18,4,0,49,month-to-month,credit_card,fiber,0
C008610,15,112.0,1721.38,3,0,12,one-year,bank_transfer,none,0
C005354,57,67.16,3791.29,2,0,75,month-to-month,bank_transfer,fiber,0
C005477,51,63.38,3207.43,2,0,77,one-year,electronic_check,none,0
C009723,64,81.22,5100.42,3,0,30,one-year,electronic_check,fiber,0
C000756,54,34.29,1824.68,2,0,87,month-to-month,credit_card,dsl,0
C004750,3,115.67,465.14,2,0,10,month-to-month,electronic_check,fiber,1
C002644,33,89.42,3035.28,2,0,33,month-to-month,electronic_check,fiber,0
C004162,41,87.86,3568.87,2,0,46,month-to-month,electronic_check,fiber,0
C008648,59,29.78,1792.14,1,0,21,month-to-month,electronic_check,dsl,0
C003165,29,87.2,2474.07,5,0,15,month-to-month,mailed_check,fiber,0
C006497,64,118.8,7723.98,1,0,43,two-year,bank_transfer,none,0
C005987,40,119.89,4798.52,5,0,72,month-to-month,electronic_check,none,0
C003873,35,97.4,3390.17,4,1,58,month-to-month,bank_transfer,none,0
C007751,30,33.08,1015.14,3,1,84,month-to-month,bank_transfer,fiber,0
C006523,51,21.57,1180.74,2,0,71,two-year,mailed_check,dsl,0
C003418,8,53.39,484.39,1,0,30,month-to-month,mailed_check,none,0
C009904,45,54.8,2400.5,3,1,64,one-year,credit_card,fiber,0
C002061,41,21.23,849.17,4,0,65,two-year,credit_card,fiber,0
C000549,50,65.48,3342.13,1,0,13,month-to-month,credit_card,fiber,0
C004453,51,86.74,4443.04,1,1,89,month-to-month,bank_transfer,none,0
C002812,15,90.14,1326.98,1,1,39,month-to-month,electronic_check,none,0
C008777,52,104.28,5481.96,2,0,64,two-year,electronic_check,dsl,0
C008995,36,44.45,1617.26,4,0,50,two-year,electronic_check,none,0
C002549,10,20.72,251.56,4,0,36,month-to-month,electronic_check,none,0
C006069,71,58.66,4065.01,1,0,82,month-to-month,mailed_check,fiber,0
C003169,44,59.29,2581.48,1,0,40,month-to-month,bank_transfer,fiber,0
C007054,68,112.29,7653.38,4,1,24,one-year,bank_transfer,dsl,0
C004828,67,65.51,4363.9,3,0,53,month-to-month,bank_transfer,fiber,0
C009570,69,117.96,8108.12,3,0,80,month-to-month,mailed_check,none,0
C001259,58,44.53,2583.06,5,0,87,month-to-month,credit_card,fiber,0
C008712,62,117.99,7339.47,4,1,15,one-year,credit_card,fiber,1
C003661,34,47.86,1639.89,3,0,0,two-year,credit_card,fiber,0
C007922,39,37.93,1505.24,5,0,7,month-to-month,bank_transfer,none,0
C001024,60,103.86,6313.64,1,0,24,two-year,electronic_check,dsl,1
C004965,8,21.01,148.85,5,0,46,two-year,credit_card,fiber,0
C000752,7,95.97,722.74,3,0,4,month-to-month,electronic_check,fiber,1
C003942,67,26.9,1824.16,1,0,58,month-to-month,electronic_check,dsl,0
C003710,26,91.88,2407.93,2,0,55,one-year,credit_card,dsl,1
C009960,8,43.5,421.47,2,1,56,month-to-month,electronic_check,fiber,0
C001951,44,116.71,5080.48,2,0,7,month-to-month,bank_transfer,dsl,0
C006314,62,30.48,1999.06,3,0,87,month-to-month,credit_card,dsl,0
C000351,4,95.32,433.53,4,1,11,month-to-month,bank_transfer,dsl,0
C001511,17,34.84,539.55,2,0,48,month-to-month,electronic_check,dsl,0
C004829,36,71.52,2545.69,4,1,51,month-to-month,electronic_check,dsl,0
C009616,33,55.94,1843.48,4,0,78,two-year,bank_transfer,none,0
C003746,33,89.41,2917.49,4,0,43,month-to-month,electronic_check,dsl,0
C005799,31,106.83,3320.12,1,0,68,month-to-month,credit_card,fiber,0
C000701,45,29.72,1465.33,2,0,53,month-to-month,bank_transfer,dsl,0
C003693,24,23.53,608.47,4,0,41,two-year,mailed_check,none,0
C004614,41,25.18,1075.72,5,1,46,month-to-month,credit_card,none,0
C007213,11,106.45,1186.28,5,3,38,month-to-month,bank_transfer,fiber,0
C000561,4,56.38,172.64,2,0,87,month-to-month,bank_transfer,fiber,0
C002318,62,65.86,4110.98,3,0,80,month-to-month,mailed_check,dsl,0
C003098,14,65.21,920.03,3,2,73,two-year,bank_transfer,fiber,0
C004838,62,105.05,6442.95,2,0,29,one-year,mailed_check,fiber,0
C003150,52,71.28,3651.51,3,0,29,month-to-month,credit_card,fiber,0
C005608,44,114.91,5081.14,1,0,89,two-year,bank_transfer,none,1
C004299,7,29.48,226.96,5,1,82,two-year,mailed_check,dsl,0
C004618,46,79.53,3602.17,4,1,84,one-year,mailed_check,none,0
C004074,24,94.13,2268.53,5,0,39,month-to-month,bank_transfer,dsl,0
C003994,37,62.82,2284.72,1,0,23,month-to-month,electronic_check,fiber,0
C006373,53,116.01,6117.06,3,2,69,month-to-month,mailed_check,none,0
C006167,57,108.37,6238.07,1,0,39,month-to-month,electronic_check,dsl,0
C001047,44,29.61,1290.73,3,1,49,one-year,credit_card,fiber,0
C002939,13,82.29,1049.55,4,0,84,one-year,credit_card,dsl,0
C001808,7,62.44,470.19,3,0,11,month-to-month,electronic_check,dsl,0
C003166,54,88.81,4769.62,3,0,15,month-to-month,bank_transfer,fiber,0
C000414,2,92.73,195.21,1,0,79,month-to-month,mailed_check,fiber,0
C001340,39,107.3,4179.82,5,0,80,two-year,bank_transfer,fiber,0
C009371,26,54.25,1490.18,4,0,31,month-to-month,bank_transfer,fiber,0
C007740,11,108.27,1249.93,1,1,22,month-to-month,credit_card,none,0
C005060,39,108.37,4232.93,2,1,8,month-to-month,mailed_check,dsl,0
C004633,13,52.17,665.31,5,0,69,month-to-month,mailed_check,none,0
C004609,32,56.64,1768.92,3,0,49,month-to-month,mailed_check,none,0
C007366,53,112.48,5943.68,2,0,79,one-year,mailed_check,dsl,0
C001469,5,106.62,645.89,3,0,45,two-year,electronic_check,fiber,0
C001710,25,35.47,852.12,4,0,72,one-year,credit_card,fiber,0
C006270,37,51.91,1972.54,3,0,29,month-to-month,credit_card,fiber,0
C008732,28,63.43,1830.39,5,1,47,month-to-month,bank_transfer,fiber,0
C002271,23,111.84,2570.89,2,0,59,one-year,bank_transfer,fiber,1
C001583,30,37.8,1155.43,4,0,2,month-to-month,bank_transfer,none,0
C001412,19,63.4,1221.86,5,0,34,month-to-month,bank_transfer,dsl,0
C004111,35,56.48,1948.83,5,0,67,month-to-month,credit_card,none,0
C007652,21,30.35,658.52,2,0,18,two-year,credit_card,fiber,0
C006693,58,46.3,2717.67,5,0,32,two-year,electronic_check,fiber,0
C001722,47,61.84,2949.63,1,0,50,month-to-month,bank_transfer,dsl,0
C002024,6,30.05,262.59,4,0,76,month-to-month,mailed_check,fiber,0
C002212,44,85.87,3857.52,4,1,1,month-to-month,credit_card,fiber,0
C001507,35,24.66,769.43,5,1,43,month-to-month,mailed_check,fiber,0
C002622,8,30.65,263.83,5,0,66,one-year,bank_transfer,fiber,0
C005290,60,50.52,3069.28,2,0,27,one-year,electronic_check,none,0
C009128,8,110.17,852.98,3,1,82,one-year,bank_transfer,none,1
C001321,20,57.85,1154.1,5,1,22,month-to-month,electronic_check,fiber,0
C000842,66,47.07,3180.07,1,0,31,two-year,bank_transfer,none,0
C001146,39,97.33,3817.83,4,0,58,month-to-month,bank_transfer,dsl,0
C003624,60,54.31,3302.6,3,0,55,month-to-month,mailed_check,dsl,0
C004280,35,114.97,4018.57,1,0,85,month-to-month,bank_transfer,fiber,1
C009010,34,109.43,3720.08,1,2,7,month-to-month,mailed_check,dsl,0
C008986,54,25.88,1327.03,5,0,75,month-to-month,mailed_check,fiber,0
C004681,13,22.78,216.97,4,0,78,one-year,bank_transfer,fiber,0
C000463,31,93.99,2951.59,3,0,15,month-to-month,bank_transfer,fiber,0
C001754,46,63.83,2919.8,3,0,10,month-to-month,electronic_check,none,0
C003936,38,41.78,1599.78,1,0,15,one-year,credit_card,fiber,0
C007933,36,94.24,3417.2,3,0,25,two-year,bank_transfer,dsl,0
C009460,12,86.61,1010.46,5,1,12,month-to-month,electronic_check,dsl,0
C004401,9,86.22,910.46,2,0,42,month-to-month,credit_card,fiber,1
C004700,64,26.48,1723.81,1,1,80,one-year,electronic_check,fiber,0
C008991,26,20.07,580.12,3,0,3,two-year,credit_card,fiber,0
C000378,28,41.64,1191.24,3,0,74,month-to-month,bank_transfer,fiber,0
C003106,62,46.0,2797.62,3,1,27,month-to-month,mailed_check,fiber,0
C008215,53,38.76,2068.76,5,0,17,one-year,credit_card,fiber,0
C001335,72,57.9,4168.5,4,0,21,month-to-month,bank_transfer,fiber,1
C001223,48,34.59,1721.6,2,0,28,one-year,electronic_check,dsl,0
C003848,54,99.73,5326.63,1,0,37,month-to-month,mailed_check,fiber,0
C002716,32,73.99,2425.91,2,0,1,month-to-month,mailed_check,dsl,0
C006837,5,112.31,610.26,4,1,65,month-to-month,mailed_check,fiber,1
C002952,68,108.67,7414.86,4,0,30,month-to-month,electronic_check,fiber,0
C001350,5,97.25,574.39,3,0,0,one-year,bank_transfer,none,0
C001082,69,77.27,5357.74,5,0,4,one-year,credit_card,dsl,0
C006453,49,28.83,1470.6,3,0,52,two-year,mailed_check,dsl,0
C001811,47,48.58,2302.44,4,0,37,two-year,electronic_check,fiber,0
C004121,69,116.0,8050.54,1,0,77,one-year,credit_card,dsl,0
C001351,29,111.93,3135.33,1,0,28,month-to-month,electronic_check,dsl,0
C007817,40,104.56,4179.6,5,0,34,month-to-month,mailed_check,dsl,0
C008796,25,24.83,713.3,1,0,19,two-year,bank_transfer,fiber,0
C001894,10,35.44,384.08,3,0,2,one-year,electronic_check,fiber,0
C006639,23,117.09,2733.35,2,0,14,month-to-month,mailed_check,fiber,0
C000565,18,44.71,709.25,1,0,9,one-year,electronic_check,fiber,0
C003903,1,54.45,121.97,2,0,10,month-to-month,electronic_check,fiber,0
C007100,34,34.61,1203.69,1,0,17,one-year,mailed_check,dsl,0
C003673,1,38.23,139.94,2,0,7,month-to-month,bank_transfer,fiber,0
C004366,12,90.22,1046.68,2,1,47,month-to-month,credit_card,dsl,0
C007545,50,95.79,4802.35,3,2,43,month-to-month,mailed_check,dsl,0
C001212,34,58.2,1917.49,1,0,55,month-to-month,credit_card,fiber,0
C001189,1,81.09,109.25,3,1,17,month-to-month,bank_transfer,dsl,0
C003955,68,57.22,3960.32,1,0,17,month-to-month,credit_card,dsl,0
C000898,6,72.92,390.56,1,2,40,one-year,bank_transfer,fiber,1
C004786,41,41.44,1693.64,3,0,88,one-year,mailed_check,none,0
C008092,48,69.24,3411.67,2,0,50,one-year,credit_card,none,0
C004602,23,89.04,2054.95,2,0,27,month-to-month,credit_card,fiber,0
C008896,21,58.85,1247.01,5,1,73,one-year,mailed_check,fiber,0
C003454,59,39.79,2379.29,2,1,55,two-year,credit_card,fiber,0
C003609,49,36.24,1791.99,4,1,22,two-year,electronic_check,dsl,0
C008157,12,64.15,776.18,1,1,72,two-year,mailed_check,dsl,0
C008765,17,82.18,1462.55,4,0,8,two-year,electronic_check,fiber,0
C009677,9,92.04,831.82,5,0,42,two-year,bank_transfer,none,0
C007572,15,82.91,1183.59,3,1,19,month-to-month,mailed_check,dsl,0
C003909,66,43.46,2876.61,5,1,19,month-to-month,bank_transfer,dsl,0
C004028,50,22.32,1135.8,4,0,16,two-year,electronic_check,fiber,0
C003931,6,48.13,308.79,4,0,47,month-to-month,mailed_check,none,0
C002332,20,56.12,1148.09,3,0,30,month-to-month,bank_transfer,none,0
C007302,68,107.85,7356.01,4,1,28,two-year,credit_card,fiber,0
C002262,3,74.67,220.6,2,0,18,month-to-month,electronic_check,fiber,0
C009260,27,74.07,1921.79,2,1,15,month-to-month,mailed_check,fiber,0
C005781,11,82.19,901.18,1,0,1,two-year,electronic_check,fiber,0
C002595,12,108.8,1372.7,4,1,68,two-year,bank_transfer,fiber,1
C007200,50,105.28,5300.83,3,0,11,one-year,electronic_check,fiber,0
C003593,41,65.65,2623.36,4,0,67,one-year,electronic_check,dsl,0
C005216,57,89.35,5088.06,5,0,9,one-year,electronic_check,none,0
C001030,36,56.86,2081.96,5,0,77,month-to-month,mailed_check,dsl,0
C007433,53,117.42,6221.45,1,0,18,month-to-month,bank_transfer,none,0
C007877,36,37.99,1332.22,4,0,86,one-year,bank_transfer,fiber,0
C008823,4,104.62,351.88,2,1,6,month-to-month,electronic_check,fiber,0
C008236,70,31.04,2172.12,4,0,76,month-to-month,bank_transfer,fiber,0
C005733,30,118.46,3516.24,5,0,83,month-to-month,electronic_check,fiber,0
C005378,35,72.17,2464.58,3,0,79,two-year,mailed_check,fiber,0
C007762,38,62.79,2384.57,3,1,76,two-year,credit_card,dsl,0
C001755,23,28.15,595.45,1,0,29,month-to-month,mailed_check,dsl,0
C007355,42,62.84,2623.99,4,0,82,one-year,bank_transfer,fiber,0
C004161,29,106.58,3056.88,3,0,8,month-to-month,credit_card,dsl,0
C000231,62,111.54,6820.02,1,0,6,two-year,bank_transfer,fiber,0
C008104,13,56.35,706.32,2,0,41,month-to-month,bank_transfer,dsl,0
C000110,20,37.18,653.46,5,0,53,two-year,mailed_check,fiber,0
C005457,29,37.45,1122.55,2,0,53,month-to-month,credit_card,fiber,0
C006708,15,66.26,982.14,4,0,66,month-to-month,credit_card,fiber,0
C002514,8,91.63,753.26,4,0,88,one-year,mailed_check,dsl,0
C005961,45,38.75,1721.68,2,0,56,one-year,credit_card,none,0
C004279,61,112.59,6803.63,1,1,64,month-to-month,electronic_check,fiber,0
C004720,42,93.02,3901.45,5,0,67,two-year,electronic_check,dsl,0
C002917,69,25.1,1680.98,3,0,21,month-to-month,mailed_check,none,0
C009390,28,88.06,2480.06,2,0,26,month-to-month,mailed_check,fiber,0
C002992,14,29.39,452.36,3,0,11,two-year,mailed_check,dsl,0
C002317,32,117.08,3783.73,1,0,56,month-to-month,bank_transfer,dsl,0
C004847,7,58.98,515.6,2,0,28,month-to-month,mailed_check,dsl,0
C004292,36,90.34,3266.27,1,0,42,two-year,mailed_check,dsl,0
C006991,59,45.68,2743.11,2,0,44,month-to-month,electronic_check,fiber,0
C001515,67,66.94,4566.96,2,0,65,month-to-month,mailed_check,dsl,0
C000216,6,57.51,356.62,4,0,4,two-year,credit_card,dsl,0
C009213,62,46.8,2872.66,5,0,28,month-to-month,mailed_check,fiber,0
C009061,56,40.58,2258.86,5,0,35,month-to-month,bank_transfer,fiber,0
C008417,33,59.72,1959.04,2,1,65,two-year,electronic_check,fiber,0
C002263,38,22.24,948.75,4,0,16,one-year,electronic_check,none,0
C005326,41,43.59,1805.32,5,0,0,month-to-month,mailed_check,none,0
C006840,21,111.35,2484.24,3,0,2,one-year,credit_card,dsl,0
C008498,44,29.53,1290.22,3,2,12,two-year,bank_transfer,fiber,0
C006010,29,76.56,2258.78,1,0,71,month-to-month,electronic_check,fiber,0
C000893,71,104.74,7502.83,4,0,48,month-to-month,credit_card,none,0
C001490,20,46.1,854.16,4,0,68,one-year,electronic_check,none,0
C003003,70,22.6,1509.88,3,0,36,one-year,credit_card,fiber,0
C001850,6,119.56,669.18,3,0,72,month-to-month,credit_card,fiber,0
C005199,69,100.91,7000.46,3,0,47,month-to-month,electronic_check,dsl,0
C006380,21,84.88,1778.15,5,1,60,two-year,credit_card,dsl,0
C000324,71,34.53,2408.98,1,0,47,month-to-month,credit_card,dsl,0
C001215,9,35.54,359.0,4,0,38,month-to-month,credit_card,none,0
C002899,15,50.51,761.66,2,0,17,month-to-month,mailed_check,fiber,0
C002933,32,37.06,1165.43,5,1,17,month-to-month,electronic_check,fiber,0
C003658,25,76.38,1828.77,3,0,76,one-year,electronic_check,none,0
C008678,42,73.73,3130.56,1,0,10,month-to-month,bank_transfer,dsl,0
C006673,38,97.67,3748.37,5,1,52,two-year,bank_transfer,none,0
C007972,32,102.89,3334.55,1,0,77,month-to-month,bank_transfer,none,0
C008586,55,67.23,3746.56,4,0,59,month-to-month,electronic_check,fiber,0
C006169,55,98.79,5345.84,3,0,37,two-year,mailed_check,none,0
C009724,21,36.37,741.64,4,0,35,one-year,credit_card,dsl,0
C001129,47,31.66,1405.16,2,0,35,month-to-month,credit_card,fiber,0
C008856,11,111.3,1313.78,3,0,1,month-to-month,mailed_check,fiber,1
C002918,62,112.98,7102.36,4,0,66,two-year,electronic_check,fiber,1
C003902,37,98.39,3559.72,4,1,73,month-to-month,credit_card,dsl,0
C007947,15,71.59,1140.39,3,1,48,month-to-month,credit_card,dsl,1
C009097,53,46.06,2457.63,1,0,62,month-to-month,credit_card,fiber,1
C003827,40,115.69,4663.66,4,0,86,one-year,credit_card,none,0
C004923,49,24.08,1250.13,1,0,72,month-to-month,electronic_check,fiber,0
C000208,19,27.3,505.35,5,0,85,one-year,mailed_check,dsl,0
C003254,18,88.78,1541.02,5,0,60,one-year,bank_transfer,dsl,1
C002795,66,93.53,6135.69,2,1,60,one-year,electronic_check,dsl,0
C005106,55,52.69,2864.45,4,1,84,month-to-month,mailed_check,fiber,0
C009011,29,64.8,1860.51,2,0,51,month-to-month,bank_transfer,dsl,0
C000798,23,85.96,2003.15,1,0,72,two-year,credit_card,fiber,0
C009105,1,52.07,5.83,4,0,88,one-year,credit_card,fiber,0
C000734,15,35.59,510.27,4,0,64,month-to-month,bank_transfer,dsl,0
C002244,52,66.54,3444.99,4,0,43,one-year,mailed_check,dsl,0
C000178,65,70.42,4640.2,1,1,22,month-to-month,bank_transfer,dsl,0
C005830,24,96.04,2332.19,2,0,89,month-to-month,mailed_check,dsl,1
C007008,70,96.37,6743.05,4,0,59,one-year,mailed_check,none,0
C001174,1,62.55,0.0,5,0,45,month-to-month,bank_transfer,fiber,0
C006642,71,60.51,4313.88,3,0,76,month-to-month,bank_transfer,fiber,0
C005848,44,99.93,4397.95,4,0,1,two-year,credit_card,dsl,0
C001831,69,81.84,5698.19,1,0,47,month-to-month,electronic_check,dsl,0
C007995,33,57.95,1785.9,1,0,55,month-to-month,bank_transfer,fiber,0
C009279,16,62.81,964.87,2,0,59,one-year,bank_transfer,dsl,0
C007897,64,78.47,4963.35,5,1,28,two-year,bank_transfer,fiber,0
C008597,39,102.4,3994.34,3,2,35,month-to-month,mailed_check,fiber,0
C008522,53,74.14,3915.22,5,0,31,two-year,mailed_check,fiber,0
C000198,25,95.33,2363.5,1,1,27,month-to-month,mailed_check,none,0
C007928,68,27.7,1862.42,1,1,8,one-year,electronic_check,fiber,0
C007076,59,62.99,3670.58,4,1,22,month-to-month,credit_card,fiber,1
C009284,2,73.23,291.39,4,1,57,month-to-month,credit_card,fiber,0
C001097,55,73.75,4034.56,1,0,45,two-year,bank_transfer,fiber,0
C000548,38,87.09,3390.57,3,0,33,month-to-month,bank_transfer,fiber,0
C006908,12,60.51,641.94,4,1,69,month-to-month,electronic_check,fiber,0
C008229,56,93.47,5217.07,5,0,74,month-to-month,credit_card,fiber,0
C004706,34,95.52,3176.69,5,0,42,month-to-month,credit_card,fiber,1
C006912,22,112.0,2513.05,1,0,65,month-to-month,credit_card,fiber,0
C003369,9,31.7,229.04,1,0,8,month-to-month,bank_transfer,dsl,0
C007583,24,95.1,2307.63,5,0,81,two-year,bank_transfer,none,0
C002532,67,59.13,3940.07,5,0,7,month-to-month,credit_card,none,0
C004055,28,112.82,3196.38,3,1,63,month-to-month,bank_transfer,dsl,0
C002314,17,51.14,804.94,4,1,59,month-to-month,credit_card,fiber,0
C006653,30,76.3,2234.37,2,0,26,month-to-month,mailed_check,fiber,0
C006885,3,59.79,155.45,1,0,63,one-year,bank_transfer,fiber,0
C005937,42,81.75,3453.45,1,0,20,month-to-month,mailed_check,dsl,0
C002815,7,51.84,327.76,2,0,16,month-to-month,credit_card,fiber,1
C003437,48,99.86,4828.89,4,0,38,month-to-month,mailed_check,fiber,0
C003880,63,92.19,5838.08,4,0,38,month-to-month,electronic_check,none,0
C004157,22,30.75,630.04,3,0,46,one-year,electronic_check,dsl,0
C000066,66,82.36,5357.18,4,0,59,month-to-month,mailed_check,fiber,0
C007866,51,46.53,2354.91,4,1,31,two-year,mailed_check,fiber,0
C000616,18,64.05,1163.49,1,0,16,two-year,mailed_check,none,0
C001118,53,106.32,5691.29,5,0,45,two-year,mailed_check,fiber,0
C003260,32,56.67,1835.13,5,0,72,month-to-month,electronic_check,dsl,0
C003401,67,36.95,2507.73,2,0,85,month-to-month,mailed_check,dsl,0
C003692,15,21.14,266.7,3,0,87,month-to-month,credit_card,dsl,0
C000937,11,59.38,572.03,1,0,23,one-year,mailed_check,fiber,0
C006604,33,39.02,1236.37,4,1,28,month-to-month,electronic_check,none,0
C002572,53,27.57,1456.05,1,0,49,month-to-month,electronic_check,fiber,0
C007536,17,49.07,843.18,4,0,60,month-to-month,bank_transfer,none,0
C006324,68,34.94,2410.59,2,0,51,month-to-month,credit_card,dsl,0
C000622,12,84.16,981.64,2,0,55,month-to-month,electronic_check,dsl,0
C001681,1,108.77,170.45,1,1,51,month-to-month,credit_card,dsl,1
C002126,23,51.71,1108.34,2,0,3,one-year,mailed_check,fiber,0
C000787,50,101.47,5085.72,4,1,7,month-to-month,electronic_check,fiber,1
C003332,18,28.03,496.2,3,0,50,one-year,credit_card,none,0
C007236,61,88.3,5389.6,2,0,82,one-year,electronic_check,fiber,0
C001092,61,81.63,4988.84,5,0,0,month-to-month,mailed_check,fiber,0
C009103,50,119.15,5922.49,4,0,72,month-to-month,mailed_check,fiber,0
C005020,64,36.99,2357.24,2,1,72,month-to-month,mailed_check,none,0
C009353,9,29.42,243.89,5,0,8,month-to-month,bank_transfer,none,0
C005944,19,113.72,2159.87,3,0,69,two-year,credit_card,fiber,0
C003280,7,67.25,439.09,3,1,7,month-to-month,mailed_check,dsl,0
C008186,32,38.49,1271.71,5,0,18,month-to-month,bank_transfer,dsl,0
C002201,1,54.39,0.0,1,0,86,one-year,mailed_check,dsl,1
C001160,42,88.93,3695.13,2,0,10,month-to-month,credit_card,fiber,0
C005581,61,61.53,3792.86,2,0,23,month-to-month,electronic_check,none,0
C003592,71,107.15,7561.41,3,0,7,two-year,credit_card,none,0
C003952,53,52.97,2789.44,5,0,82,month-to-month,credit_card,dsl,0
C009691,22,28.5,651.22,2,0,26,one-year,mailed_check,dsl,0
C006247,33,69.07,2251.6,2,0,59,month-to-month,bank_transfer,fiber,0
C004153,71,117.24,8314.85,1,0,23,two-year,electronic_check,fiber,0
C000478,48,77.31,3760.84,3,0,86,one-year,electronic_check,fiber,0
C001352,36,96.32,3527.21,1,0,15,month-to-month,credit_card,fiber,0
C004309,44,84.24,3728.25,5,0,37,two-year,mailed_check,none,0
C005698,52,107.83,5644.04,1,0,32,two-year,bank_transfer,dsl,0
C002647,57,58.5,3353.57,5,0,74,month-to-month,electronic_check,dsl,0
C008460,54,25.47,1331.91,4,0,46,one-year,credit_card,dsl,0
C008198,37,21.0,791.94,3,0,61,two-year,mailed_check,fiber,0
C007689,70,84.08,5891.81,1,0,30,month-to-month,electronic_check,fiber,0
C009257,15,65.78,951.86,4,0,79,month-to-month,bank_transfer,dsl,0
C002589,25,63.94,1681.13,3,1,51,month-to-month,electronic_check,none,0
C001033,23,22.06,446.97,5,0,34,month-to-month,electronic_check,dsl,0
C004686,69,105.69,7347.49,2,0,44,one-year,electronic_check,none,0
C005011,4,70.92,294.89,1,1,86,two-year,mailed_check,fiber,1
C002598,70,60.44,4202.94,2,1,65,month-to-month,credit_card,none,0
C005819,41,55.5,2272.04,1,2,14,month-to-month,credit_card,dsl,0
C004608,63,118.14,7418.56,5,0,83,two-year,credit_card,fiber,0
C008470,41,85.09,3479.39,1,0,58,month-to-month,electronic_check,fiber,0
C009040,53,75.19,4028.88,5,0,46,two-year,credit_card,fiber,0
C007450,57,47.86,2730.09,3,0,8,month-to-month,bank_transfer,none,0
C004671,50,116.66,5750.59,3,0,28,one-year,bank_transfer,dsl,0
C005583,6,66.93,412.12,5,0,35,month-to-month,credit_card,dsl,0
C003717,19,25.61,541.67,5,0,18,two-year,mailed_check,dsl,0
C009327,6,37.88,213.51,3,0,37,month-to-month,bank_transfer,fiber,0
C003928,48,58.0,2715.34,1,0,24,two-year,mailed_check,none,0
C003617,30,88.6,2686.89,5,2,82,month-to-month,credit_card,dsl,0
C001425,59,22.25,1278.05,1,1,29,one-year,credit_card,dsl,0
C009378,56,110.53,6139.78,3,3,82,two-year,bank_transfer,fiber,0
C002919,28,62.82,1851.39,5,1,21,one-year,mailed_check,fiber,0
C003819,65,109.63,7176.75,4,0,26,one-year,credit_card,none,0
C001871,15,76.73,1148.18,4,0,31,month-to-month,mailed_check,dsl,0
C005487,56,26.94,1509.62,1,1,34,two-year,bank_transfer,fiber,0
C000480,21,22.59,400.75,2,0,81,month-to-month,mailed_check,fiber,0
C005972,36,111.28,3995.56,4,0,62,month-to-month,bank_transfer,fiber,0
C009600,41,92.15,3652.8,1,0,52,month-to-month,bank_transfer,fiber,1
C002888,11,90.61,951.01,1,0,57,month-to-month,electronic_check,none,0
C006686,14,39.9,548.18,5,0,79,month-to-month,bank_transfer,dsl,0
C006315,5,42.23,140.44,4,0,46,two-year,bank_transfer,fiber,0
C000527,11,39.82,387.95,2,0,49,month-to-month,electronic_check,none,0
C004129,31,84.96,2641.15,2,0,63,two-year,electronic_check,none,0
C000722,61,26.86,1625.84,3,0,82,month-to-month,electronic_check,fiber,0
C005120,59,27.39,1596.24,1,0,10,one-year,bank_transfer,none,0
C004722,69,68.2,4775.29,5,0,85,month-to-month,credit_card,none,0
C000220,10,30.24,294.5,2,0,30,month-to-month,electronic_check,none,0
C009188,30,93.8,2798.93,3,0,86,month-to-month,credit_card,dsl,0
C001935,12,90.67,1134.7,3,0,79,month-to-month,bank_transfer,fiber,1
C000344,66,49.81,3343.7,3,0,28,two-year,credit_card,dsl,0
C008332,52,65.63,3476.55,4,0,33,two-year,credit_card,none,0
C009674,29,115.25,3295.9,5,0,56,month-to-month,electronic_check,fiber,1
C004483,5,83.84,527.4,4,1,37,month-to-month,credit_card,fiber,0
C009706,23,53.33,1287.04,2,0,11,month-to-month,bank_transfer,fiber,0
C008486,34,54.71,1861.48,4,0,85,two-year,bank_transfer,fiber,0
C009216,52,107.77,5616.04,5,0,60,two-year,credit_card,fiber,0
C006903,41,48.03,2015.95,4,0,34,two-year,credit_card,fiber,0
C009154,67,60.4,3993.84,1,0,18,month-to-month,bank_transfer,none,0
C005960,13,41.82,596.56,5,0,79,one-year,mailed_check,dsl,0
C007034,62,51.84,3221.72,4,0,31,one-year,credit_card,dsl,0
C006051,11,56.49,580.6,5,0,45,one-year,electronic_check,fiber,0
C002391,14,21.42,333.65,4,0,54,month-to-month,mailed_check,dsl,0
C007181,58,100.95,5898.86,5,1,66,one-year,bank_transfer,fiber,0
C004328,4,25.14,117.12,2,0,33,month-to-month,mailed_check,none,0
C006452,71,56.73,3984.88,2,1,39,month-to-month,credit_card,fiber,0
C001983,55,96.64,5393.46,5,1,42,month-to-month,electronic_check,fiber,0
C008246,30,116.33,3477.41,5,0,19,month-to-month,electronic_check,none,0
C001554,33,35.99,1108.2,5,0,82,one-year,credit_card,dsl,0
C004850,67,45.41,3058.18,2,0,8,two-year,credit_card,fiber,0
C009095,19,58.07,1100.62,1,0,0,month-to-month,mailed_check,fiber,0
C009922,51,58.33,3024.1,4,0,22,month-to-month,credit_card,none,0
C007532,61,57.54,3481.4,4,1,17,two-year,electronic_check,dsl,0
C006853,7,109.24,731.67,1,0,27,month-to-month,bank_transfer,none,1
C004641,3,34.6,69.75,1,0,3,one-year,electronic_check,dsl,0
C002881,18,22.94,445.83,1,0,2,month-to-month,bank_transfer,none,0
C001677,31,109.17,3365.53,3,2,25,month-to-month,mailed_check,none,0
C004885,15,106.6,1507.71,2,0,89,two-year,bank_transfer,none,0
C001964,59,29.59,1715.86,4,2,6,month-to-month,electronic_check,fiber,0
C000901,4,22.73,53.07,5,0,52,month-to-month,electronic_check,fiber,0
C007130,24,71.6,1666.98,1,0,38,month-to-month,electronic_check,none,0
C003068,11,32.56,458.22,1,0,45,two-year,bank_transfer,fiber,0
C002296,13,88.71,1173.33,3,0,42,one-year,bank_transfer,fiber,0
C006237,20,95.71,1970.65,1,0,73,month-to-month,electronic_check,fiber,1
C005862,42,50.0,2081.61,5,0,86,month-to-month,credit_card,fiber,0
C000296,62,119.14,7376.92,4,0,41,month-to-month,bank_transfer,dsl,0
C008778,11,36.1,400.59,1,1,22,month-to-month,credit_card,fiber,0
C000057,12,74.96,963.27,4,0,36,one-year,mailed_check,fiber,0
C007242,18,71.31,1228.44,3,0,41,one-year,credit_card,fiber,0
C004385,52,71.46,3671.98,3,0,16,month-to-month,bank_transfer,fiber,0
C002984,52,96.83,5090.69,4,0,34,month-to-month,credit_card,fiber,0
C000027,60,52.21,3045.71,2,0,45,two-year,credit_card,dsl,0
C004407,14,32.67,389.26,3,1,72,month-to-month,electronic_check,fiber,1
C009877,46,68.95,3188.59,2,0,60,month-to-month,credit_card,fiber,0
C002676,70,46.54,3217.91,5,0,72,two-year,credit_card,dsl,0
C008545,59,100.37,6013.69,4,1,3,two-year,electronic_check,dsl,0
C005262,43,26.65,1190.01,5,0,86,one-year,electronic_check,dsl,0
C005841,72,83.53,5954.71,2,0,71,two-year,electronic_check,dsl,0
C007021,70,64.95,4671.33,5,1,55,month-to-month,credit_card,dsl,0
C003248,11,59.13,711.13,3,0,51,month-to-month,mailed_check,dsl,0
C005667,60,23.02,1346.62,5,0,70,one-year,mailed_check,fiber,0
C003884,12,69.97,839.63,4,0,82,month-to-month,bank_transfer,none,0
C007663,45,90.16,4055.66,2,0,82,two-year,electronic_check,fiber,0
C000295,38,78.35,2939.82,4,0,89,month-to-month,electronic_check,dsl,0
C003161,65,75.3,4917.64,2,2,84,month-to-month,bank_transfer,fiber,0
C002580,28,45.85,1268.14,3,0,62,two-year,bank_transfer,none,0
C003870,4,74.95,307.27,3,1,32,month-to-month,mailed_check,dsl,0
C009210,54,99.4,5348.21,5,0,75,month-to-month,mailed_check,none,0
C004404,19,90.96,1666.85,5,0,1,month-to-month,electronic_check,dsl,0
C006952,59,28.28,1744.92,1,0,43,month-to-month,mailed_check,none,0
C000648,70,63.46,4381.48,2,0,26,two-year,bank_transfer,dsl,0
C001370,64,108.12,6890.78,3,0,89,one-year,credit_card,fiber,0
C009855,35,81.18,2941.92,3,0,22,one-year,bank_transfer,fiber,0
C006992,17,105.7,1862.57,4,0,64,month-to-month,electronic_check,none,0
C005532,37,54.46,2042.32,1,0,84,month-to-month,credit_card,fiber,0
C009620,13,81.09,1076.04,1,1,11,month-to-month,credit_card,fiber,0
C005708,39,84.56,3340.48,3,1,35,two-year,electronic_check,none,0
C004209,44,94.51,4156.46,5,0,86,month-to-month,credit_card,dsl,0
C000681,10,57.3,554.32,1,1,57,month-to-month,bank_transfer,dsl,0
C000434,32,93.17,2988.63,4,0,79,month-to-month,electronic_check,fiber,0
C009309,31,57.15,1769.7,1,1,7,month-to-month,electronic_check,dsl,0
C004824,36,58.59,2111.94,2,1,12,two-year,bank_transfer,fiber,0
C009761,11,73.52,863.76,3,0,37,one-year,mailed_check,fiber,0
C003159,63,54.48,3398.08,3,0,84,month-to-month,bank_transfer,none,0
C001489,37,119.11,4459.56,4,1,13,two-year,credit_card,dsl,0
C002987,57,114.71,6543.7,3,0,52,two-year,bank_transfer,fiber,0
C000812,50,87.9,4479.34,4,0,76,one-year,mailed_check,dsl,0
C001882,13,59.78,874.27,5,0,36,month-to-month,electronic_check,dsl,0
C009267,20,104.47,2145.66,2,0,14,one-year,mailed_check,none,1
C004936,70,48.46,3360.21,2,0,27,two-year,electronic_check,none,0
C009935,23,22.69,531.25,2,0,45,two-year,mailed_check,dsl,0
C001940,12,90.82,1174.15,5,0,64,two-year,electronic_check,none,0
C003296,16,87.36,1359.0,5,1,32,one-year,mailed_check,none,0
C003534,7,93.92,623.45,1,2,78,one-year,mailed_check,dsl,0
C004525,34,77.38,2598.68,4,0,51,month-to-month,bank_transfer,dsl,0
C003729,47,56.32,2682.8,3,0,52,month-to-month,bank_transfer,fiber,0
C007015,59,25.4,1473.96,3,0,13,month-to-month,bank_transfer,dsl,0
C001612,49,70.95,3448.19,3,1,13,one-year,bank_transfer,fiber,0
C001181,67,72.78,4877.17,5,0,45,two-year,bank_transfer,fiber,0
C001375,70,40.45,2833.05,3,0,82,month-to-month,bank_transfer,none,0
C009224,6,62.33,345.71,2,2,59,month-to-month,bank_transfer,dsl,0
C003946,2,25.33,77.52,1,1,67,month-to-month,electronic_check,dsl,0
C007210,56,99.66,5543.91,4,0,34,one-year,bank_transfer,fiber,0
C005211,11,61.74,680.58,2,0,42,month-to-month,credit_card,dsl,0
C000063,70,34.49,2464.58,1,0,86,one-year,mailed_check,none,0
C000626,25,93.48,2329.25,4,0,63,month-to-month,mailed_check,dsl,0
C004421,72,23.43,1602.54,5,0,55,month-to-month,credit_card,fiber,0
C001669,53,104.48,5557.93,5,0,51,one-year,electronic_check,dsl,0
C002112,66,87.91,5781.54,2,0,8,two-year,bank_transfer,fiber,0
C005804,23,75.01,1724.41,1,0,80,month-to-month,mailed_check,none,0
C009763,43,42.54,1745.86,3,1,38,month-to-month,credit_card,none,0
C004032,20,59.83,1186.22,3,1,40,month-to-month,credit_card,fiber,1
C006545,47,89.58,4208.4,2,0,57,month-to-month,bank_transfer,fiber,0
C007948,42,46.24,1940.11,5,0,3,one-year,credit_card,dsl,0
C000084,46,113.31,5221.98,1,0,75,month-to-month,mailed_check,fiber,0
C009180,62,68.73,4306.6,2,1,80,month-to-month,mailed_check,none,0
C001462,4,91.51,419.17,2,0,12,month-to-month,electronic_check,none,0
C002283,57,33.27,1883.06,2,0,60,month-to-month,credit_card,fiber,0
C002887,5,41.93,167.0,5,0,49,one-year,bank_transfer,dsl,0
C005834,19,52.96,1127.27,2,0,19,two-year,credit_card,fiber,0
C000684,13,62.06,868.61,2,0,75,month-to-month,electronic_check,dsl,0
C004469,54,42.59,2301.42,2,0,4,one-year,bank_transfer,fiber,0
C000418,22,34.78,799.03,2,0,52,one-year,credit_card,fiber,0
C005228,7,26.33,96.65,2,0,67,one-year,mailed_check,fiber,0
C004253,25,97.79,2456.32,1,0,56,one-year,mailed_check,fiber,0
C002709,63,86.61,5527.67,5,1,5,two-year,bank_transfer,fiber,0
C002357,16,34.13,567.2,5,1,10,one-year,electronic_check,fiber,0
C008059,66,75.16,4940.26,1,0,13,two-year,credit_card,fiber,0
C001366,22,63.26,1326.58,1,0,56,one-year,credit_card,dsl,0
C006277,56,32.66,1798.8,3,0,1,one-year,bank_transfer,none,0
C003916,5,73.53,294.16,1,0,31,month-to-month,electronic_check,fiber,0
C000293,24,86.82,2042.88,1,0,85,month-to-month,mailed_check,none,0
C002639,62,57.29,3607.71,2,0,14,month-to-month,mailed_check,dsl,0
C009458,56,77.23,4243.5,1,0,79,one-year,electronic_check,none,0
C001506,66,114.28,7425.96,1,1,41,two-year,electronic_check,none,0
C009037,55,50.48,2816.7,2,2,46,month-to-month,mailed_check,dsl,0
C007393,22,25.45,562.14,1,0,30,month-to-month,credit_card,fiber,0
C001634,30,99.25,2983.36,3,1,54,month-to-month,mailed_check,dsl,1
C002457,68,100.7,6828.27,4,0,11,month-to-month,mailed_check,dsl,0
C009891,58,55.76,3239.53,3,0,26,one-year,bank_transfer,dsl,0
C005558,38,100.47,3850.23,5,0,59,month-to-month,electronic_check,fiber,0
C009751,40,47.43,1833.54,1,0,60,month-to-month,bank_transfer,fiber,0
C002300,20,65.63,1442.9,2,0,3,month-to-month,mailed_check,dsl,0
C004537,53,43.58,2283.48,4,1,38,month-to-month,credit_card,none,0
C002938,65,41.48,2754.3,1,0,17,month-to-month,mailed_check,dsl,0
C001563,67,114.43,7617.53,3,1,76,two-year,bank_transfer,fiber,0
C005689,16,118.57,1869.02,3,0,21,two-year,bank_transfer,fiber,0
C008658,17,80.81,1392.32,2,2,59,month-to-month,bank_transfer,fiber,0
C007517,67,52.74,3504.96,5,0,84,month-to-month,credit_card,none,0
C001979,58,90.52,5326.94,4,0,68,month-to-month,electronic_check,fiber,0
C001883,61,100.18,6143.49,3,0,10,two-year,bank_transfer,dsl,0
C003803,2,41.25,81.22,4,0,40,two-year,electronic_check,fiber,0
C000438,6,114.39,762.65,4,0,56,month-to-month,credit_card,dsl,0
C004635,56,22.44,1288.95,4,0,10,month-to-month,mailed_check,fiber,0
C004528,32,101.59,3322.57,2,1,82,one-year,electronic_check,dsl,1
C004332,62,57.84,3662.82,1,0,48,one-year,electronic_check,none,0
C003573,24,60.02,1396.19,5,1,10,one-year,electronic_check,dsl,0
C008741,21,79.83,1749.78,5,0,58,month-to-month,mailed_check,fiber,0
C008911,25,21.39,521.46,4,1,60,one-year,bank_transfer,none,0
C004817,24,20.53,529.56,3,1,52,one-year,electronic_check,dsl,0
C006435,1,73.99,89.33,2,0,35,one-year,mailed_check,fiber,0
C002986,54,114.5,6103.72,4,0,76,two-year,mailed_check,none,0
C007838,56,70.12,3869.49,1,0,43,month-to-month,credit_card,fiber,0
C000704,10,73.63,737.56,1,0,75,month-to-month,credit_card,none,0
C002280,55,91.87,5091.94,4,0,39,month-to-month,credit_card,fiber,0
C008734,57,103.35,5893.94,3,1,59,two-year,mailed_check,fiber,0
C004147,62,65.15,4042.24,2,1,61,two-year,mailed_check,dsl,0
C005412,37,32.99,1207.5,3,0,55,one-year,credit_card,dsl,0
C000373,27,79.73,2235.42,3,0,3,month-to-month,bank_transfer,fiber,0
C006405,67,61.62,4128.07,1,0,53,month-to-month,credit_card,none,0
C009223,22,115.39,2487.81,4,1,4,two-year,credit_card,fiber,0
C002585,40,57.74,2376.58,5,1,89,month-to-month,credit_card,fiber,0
C001332,31,70.92,2170.63,2,1,80,two-year,credit_card,fiber,0
C009572,12,44.1,516.83,4,2,32,one-year,bank_transfer,none,0
C005282,60,63.82,3812.08,3,0,37,two-year,credit_card,dsl,0
C009131,48,115.76,5605.8,3,0,42,one-year,electronic_check,dsl,0
C008315,6,49.65,310.01,4,0,33,one-year,mailed_check,none,0
C009809,52,20.66,1017.61,1,0,72,one-year,electronic_check,fiber,0
C001784,53,85.54,4547.85,3,2,81,month-to-month,bank_transfer,dsl,0
C003182,54,70.96,3789.96,2,1,14,month-to-month,credit_card,fiber,0
C000494,21,106.04,2170.93,5,0,71,month-to-month,mailed_check,fiber,0
C007363,13,82.17,1077.31,4,3,29,one-year,credit_card,dsl,1
C002860,14,81.29,1258.71,5,0,37,month-to-month,mailed_check,dsl,0
C007929,25,79.71,1925.45,3,0,4,month-to-month,mailed_check,none,0
C004041,47,33.93,1601.87,3,0,89,month-to-month,credit_card,fiber,0
C007178,28,53.25,1509.99,2,0,86,month-to-month,credit_card,dsl,0
C002897,46,27.4,1202.25,2,0,66,month-to-month,credit_card,fiber,0
C000366,34,62.79,2148.74,3,0,4,one-year,mailed_check,dsl,0
C000849,44,98.53,4409.42,3,1,21,month-to-month,electronic_check,none,0
C007440,12,104.27,1196.26,2,1,49,one-year,electronic_check,fiber,0
C009454,19,94.88,1725.62,1,0,32,two-year,credit_card,fiber,0
C004301,48,56.84,2783.83,5,1,64,month-to-month,bank_transfer,fiber,0
C002653,27,24.06,740.43,2,0,70,two-year,bank_transfer,fiber,0
C003503,15,79.87,1144.34,4,1,34,month-to-month,mailed_check,fiber,0
C001541,18,44.67,717.82,3,0,77,two-year,bank_transfer,none,0
C004165,49,59.73,2904.29,3,2,27,two-year,electronic_check,dsl,0
C008866,8,81.15,707.65,3,1,83,month-to-month,credit_card,fiber,1
C000322,45,106.38,4783.72,1,0,65,one-year,credit_card,none,0
C002031,13,42.89,498.83,1,1,51,two-year,mailed_check,dsl,0
C000813,21,91.65,1918.85,2,0,50,one-year,mailed_check,dsl,0
C008939,17,109.3,1860.71,3,1,10,month-to-month,bank_transfer,fiber,0
C009375,33,63.38,2063.83,4,0,24,two-year,bank_transfer,fiber,0
C001079,61,105.62,6458.47,4,0,4,month-to-month,credit_card,dsl,0
C002226,64,22.69,1410.74,5,1,79,month-to-month,bank_transfer,fiber,0
C009136,46,79.73,3579.17,2,1,48,two-year,electronic_check,fiber,0
C009531,20,29.62,588.85,1,0,53,month-to-month,electronic_check,fiber,0
C002705,21,70.95,1493.96,2,0,43,month-to-month,credit_card,none,0
C006824,39,89.55,3513.29,5,0,86,two-year,mailed_check,dsl,1
C007556,59,28.25,1666.43,1,0,88,one-year,mailed_check,none,0
C001164,38,109.16,4225.14,3,0,73,month-to-month,electronic_check,dsl,1
C003261,35,28.35,961.32,5,0,36,one-year,credit_card,dsl,0
C004687,21,106.32,2217.25,2,0,59,month-to-month,mailed_check,dsl,1
C001450,22,49.53,1065.03,1,2,88,month-to-month,credit_card,fiber,0
C003862,18,105.32,1925.37,1,1,13,month-to-month,mailed_check,none,0
C006103,8,81.26,712.57,1,0,37,one-year,electronic_check,fiber,0
C009215,16,52.11,802.0,1,1,29,month-to-month,bank_transfer,none,0
C007120,38,59.13,2236.38,5,2,17,one-year,mailed_check,dsl,0
C006398,41,34.86,1327.29,5,0,89,two-year,mailed_check,fiber,0
C009588,37,84.45,3126.3,2,0,37,month-to-month,bank_transfer,fiber,0
C006214,52,35.59,1839.41,3,0,59,one-year,mailed_check,fiber,0
C009645,48,112.26,5363.3,5,0,24,month-to-month,electronic_check,dsl,0
C005336,54,80.42,4442.07,1,0,41,month-to-month,credit_card,fiber,1
C004056,61,83.65,5083.58,4,0,49,month-to-month,bank_transfer,fiber,0
C009511,40,116.83,4632.92,2,0,26,month-to-month,mailed_check,dsl,0
C002999,48,115.21,5515.78,3,1,81,month-to-month,bank_transfer,fiber,1
C009024,62,75.78,4783.31,3,0,8,month-to-month,bank_transfer,dsl,0
C001231,53,68.99,3662.49,5,0,38,month-to-month,electronic_check,dsl,0
C001514,18,34.95,689.72,2,0,14,one-year,credit_card,dsl,0
C002313,4,81.8,350.56,1,0,76,month-to-month,electronic_check,fiber,1
C001451,3,48.47,196.13,5,0,46,one-year,credit_card,fiber,0
C005267,46,49.15,2282.25,4,1,23,month-to-month,credit_card,fiber,0
C006131,33,48.27,1548.9,5,0,83,month-to-month,electronic_check,dsl,0
C008531,37,27.46,999.21,1,1,37,two-year,credit_card,fiber,1
C006464,10,107.37,1087.17,1,0,60,month-to-month,mailed_check,none,0
C000838,2,67.34,138.43,4,0,74,month-to-month,credit_card,none,0
C009915,18,42.26,817.67,2,1,63,month-to-month,bank_transfer,fiber,0
C008261,53,36.53,1993.62,2,0,76,one-year,mailed_check,fiber,0
C006414,17,114.71,1943.06,5,1,45,month-to-month,credit_card,dsl,0
C008504,12,32.75,361.76,3,0,69,one-year,mailed_check,fiber,0
C003567,12,65.52,886.5,4,0,46,month-to-month,bank_transfer,fiber,1
C009264,45,89.23,4042.23,2,0,39,two-year,electronic_check,fiber,0
C003087,13,37.3,507.97,2,1,4,one-year,credit_card,none,0
C008643,40,34.85,1392.88,5,1,29,month-to-month,credit_card,dsl,0
C001714,47,82.68,3844.17,2,1,13,month-to-month,credit_card,fiber,0
C000339,69,47.71,3309.07,1,0,58,month-to-month,mailed_check,none,0
C009563,72,98.27,7014.63,5,0,33,month-to-month,mailed_check,fiber,0
C005942,15,67.44,1082.56,1,0,89,one-year,bank_transfer,dsl,0
C009869,46,49.83,2352.6,4,0,20,month-to-month,mailed_check,dsl,0
C008102,14,61.16,804.49,5,0,26,month-to-month,electronic_check,fiber,0
C008488,39,72.26,2836.84,4,1,77,two-year,credit_card,dsl,0
C000588,61,68.95,4218.93,1,0,48,two-year,mailed_check,none,0
C003365,54,118.14,6369.12,4,0,16,month-to-month,bank_transfer,fiber,0
C002670,58,119.19,6933.11,1,1,19,one-year,mailed_check,fiber,0
C003589,66,83.74,5536.05,3,0,5,two-year,credit_card,none,0
C000034,64,81.5,5292.08,2,0,72,two-year,bank_transfer,none,0
C000028,40,79.2,3184.39,4,0,43,two-year,bank_transfer,none,0
C008553,30,116.78,3555.11,1,0,87,one-year,bank_transfer,dsl,0
C008117,29,114.74,3311.34,5,1,42,month-to-month,bank_transfer,none,0
C002170,2,70.38,192.41,5,1,0,month-to-month,mailed_check,dsl,0
C008377,6,94.26,609.01,1,0,82,month-to-month,electronic_check,none,1
C005620,2,68.62,168.05,3,1,8,two-year,bank_transfer,dsl,0
C000889,20,28.49,581.08,3,0,14,month-to-month,credit_card,dsl,0
C006489,9,93.67,810.24,2,2,87,two-year,bank_transfer,fiber,0
C003322,57,26.34,1508.86,3,0,47,month-to-month,electronic_check,dsl,0
C009396,18,85.72,1496.66,4,0,43,one-year,mailed_check,dsl,0
C003514,19,59.4,1080.48,4,0,80,month-to-month,mailed_check,dsl,0
C004420,52,25.51,1293.47,4,0,45,month-to-month,mailed_check,fiber,0
C008351,41,108.93,4476.58,3,0,58,two-year,mailed_check,dsl,0
C005361,58,74.07,4213.15,4,0,66,two-year,electronic_check,fiber,0
C003733,68,68.04,4604.27,2,0,81,month-to-month,electronic_check,fiber,0
C009463,66,45.23,2971.32,4,0,19,month-to-month,credit_card,fiber,0
C007081,64,107.67,6856.63,3,0,49,month-to-month,electronic_check,fiber,1
C001654,12,72.09,841.22,4,0,86,month-to-month,electronic_check,dsl,0
C005032,26,92.6,2530.71,1,0,64,month-to-month,credit_card,fiber,0
C000223,15,30.29,455.87,5,0,42,month-to-month,electronic_check,dsl,0
C008625,19,81.45,1606.32,4,1,25,month-to-month,credit_card,none,0
C006194,24,84.77,2075.46,1,0,41,month-to-month,bank_transfer,dsl,0
C001590,53,45.42,2372.73,3,0,31,two-year,electronic_check,fiber,0
C005982,67,35.1,2331.3,1,0,40,month-to-month,electronic_check,fiber,0
C003256,13,96.68,1232.19,1,0,7,two-year,mailed_check,dsl,0
C006680,14,60.43,908.88,4,0,74,month-to-month,electronic_check,dsl,0
C004770,22,57.39,1201.63,2,0,89,two-year,credit_card,fiber,1
C002181,18,63.64,1207.4,4,0,15,month-to-month,mailed_check,dsl,0
C006803,61,94.01,5707.18,5,0,63,month-to-month,electronic_check,fiber,0
C004913,44,45.27,1973.63,2,0,43,month-to-month,credit_card,dsl,0
C006786,47,83.19,3895.54,1,0,14,month-to-month,credit_card,none,0
C004789,43,110.29,4748.71,2,1,82,one-year,credit_card,fiber,1
C001209,70,104.61,7368.62,4,0,51,one-year,credit_card,none,0
C000421,50,68.94,3401.43,2,0,54,month-to-month,electronic_check,fiber,0
C008740,3,74.37,180.07,4,0,16,two-year,mailed_check,fiber,0
C001706,71,36.68,2530.85,5,1,76,two-year,bank_transfer,fiber,0
C001158,28,20.39,522.15,1,0,69,one-year,bank_transfer,fiber,0
C002306,24,27.26,677.03,5,0,5,two-year,mailed_check,dsl,0
C000273,70,105.97,7466.14,5,2,10,one-year,mailed_check,dsl,0
C000171,7,82.57,603.08,1,0,44,month-to-month,mailed_check,fiber,0
C003956,38,87.32,3383.45,5,0,72,two-year,credit_card,none,0
C006696,64,93.21,5987.02,4,0,27,month-to-month,credit_card,dsl,0
C003188,5,82.4,396.64,3,1,6,one-year,credit_card,fiber,0
C008132,48,54.52,2590.21,1,0,51,month-to-month,credit_card,none,1
C004808,29,64.08,1894.97,1,0,5,one-year,mailed_check,none,0
C008083,55,82.51,4542.83,2,0,64,two-year,mailed_check,dsl,0
C001564,41,63.82,2680.67,1,0,12,month-to-month,electronic_check,fiber,0
C001782,2,81.7,122.31,4,2,77,month-to-month,mailed_check,none,0
C000843,3,76.74,328.1,4,0,51,month-to-month,credit_card,fiber,0
C009345,3,58.84,156.5,5,0,0,one-year,bank_transfer,fiber,0
C004461,25,22.53,669.99,5,0,6,one-year,mailed_check,fiber,0
C000904,34,66.49,2283.61,2,0,46,month-to-month,mailed_check,fiber,0
C005911,25,79.6,1951.79,2,0,84,two-year,electronic_check,none,0
C009950,30,95.84,2828.98,4,0,68,one-year,credit_card,fiber,0
C009297,23,56.48,1317.68,4,0,47,month-to-month,credit_card,dsl,0
C001547,62,75.95,4620.81,3,0,43,one-year,bank_transfer,dsl,0
C002080,60,100.9,6090.3,5,0,41,two-year,mailed_check,fiber,0
C009881,62,96.46,5990.42,4,1,86,two-year,electronic_check,dsl,0
C003985,25,94.86,2271.66,1,1,54,two-year,bank_transfer,dsl,0
C006389,47,49.21,2324.75,5,1,28,month-to-month,mailed_check,dsl,0
C007579,51,66.89,3338.48,2,0,8,month-to-month,electronic_check,fiber,0
C009245,46,81.0,3715.06,3,0,60,one-year,bank_transfer,dsl,0
C006567,7,93.33,697.79,4,0,71,two-year,bank_transfer,none,0
C008206,34,59.18,2005.71,5,0,64,month-to-month,mailed_check,dsl,0
C003820,10,58.42,592.37,3,0,43,one-year,credit_card,fiber,0
C002646,41,26.38,1072.46,1,0,78,month-to-month,bank_transfer,dsl,0
C004454,45,73.26,3261.7,3,0,48,one-year,credit_card,fiber,0
C007159,6,118.07,687.43,3,0,35,month-to-month,electronic_check,fiber,0
C008221,24,86.77,2207.55,2,1,28,month-to-month,electronic_check,fiber,1
C008596,72,52.41,3809.34,5,0,8,one-year,credit_card,dsl,0
C009589,23,65.09,1573.47,4,0,88,month-to-month,bank_transfer,none,0
C006071,51,31.73,1632.16,5,0,36,two-year,credit_card,dsl,0
C002155,36,94.43,3331.81,3,1,76,month-to-month,bank_transfer,fiber,1
C006712,41,29.53,1294.63,2,1,14,month-to-month,electronic_check,dsl,0
C003715,21,22.67,469.76,2,0,53,two-year,credit_card,none,0
C004057,39,119.49,4567.02,1,0,10,month-to-month,electronic_check,dsl,0
C005952,14,56.36,721.94,3,0,38,two-year,mailed_check,fiber,0
C003102,2,94.87,204.85,3,0,23,one-year,electronic_check,dsl,0
C000558,58,87.04,5068.31,1,1,76,month-to-month,bank_transfer,fiber,0
C004610,7,114.3,796.56,1,0,67,month-to-month,electronic_check,fiber,1
C006978,45,45.03,1951.52,4,0,56,two-year,electronic_check,fiber,0
C001436,31,70.69,2192.97,2,0,63,one-year,electronic_check,fiber,0
C000507,18,60.0,1074.79,5,1,6,month-to-month,mailed_check,dsl,0
C001869,56,76.35,4304.5,1,0,22,month-to-month,mailed_check,fiber,0
C000755,32,80.95,2688.26,5,0,38,one-year,credit_card,dsl,0
C005419,47,92.53,4269.27,4,2,87,month-to-month,electronic_check,fiber,0
C004050,24,28.92,742.95,3,0,82,month-to-month,electronic_check,fiber,1
C008089,35,102.8,3649.15,4,0,49,two-year,credit_card,fiber,0
C003836,15,84.81,1284.58,3,0,40,month-to-month,electronic_check,fiber,0
C002118,40,42.99,1780.93,5,0,16,month-to-month,electronic_check,none,0
C006152,48,43.03,2163.73,1,0,11,month-to-month,electronic_check,none,0
C007808,8,114.87,884.34,4,1,63,one-year,bank_transfer,fiber,1
C000501,47,70.68,3266.87,5,0,60,month-to-month,credit_card,dsl,0
C006259,68,46.94,3146.69,3,0,64,month-to-month,bank_transfer,none,0
C009743,18,74.48,1361.54,2,1,35,month-to-month,electronic_check,dsl,0
C001539,45,94.29,4212.25,5,1,47,two-year,credit_card,fiber,0
C006141,2,49.25,77.63,1,2,45,one-year,credit_card,fiber,1
C001211,57,95.0,5419.89,1,0,20,month-to-month,electronic_check,dsl,0
C009122,72,60.01,4297.24,5,1,88,two-year,mailed_check,dsl,0
C000672,46,56.17,2602.58,2,0,71,month-to-month,mailed_check,fiber,0
C003377,42,103.64,4360.53,3,0,29,month-to-month,bank_transfer,none,0
C008783,55,21.06,1098.65,2,0,47,one-year,bank_transfer,fiber,0
C001464,62,75.6,4640.61,4,1,41,month-to-month,mailed_check,none,0
C001192,13,39.48,524.11,5,0,89,one-year,mailed_check,fiber,0
C006984,69,37.87,2657.62,3,0,68,month-to-month,credit_card,fiber,0
C001872,44,63.79,2766.43,4,0,63,month-to-month,mailed_check,fiber,0
C003590,9,72.46,670.06,4,1,16,month-to-month,credit_card,none,0
C006726,63,65.36,4164.29,2,0,61,month-to-month,bank_transfer,fiber,0
C000505,33,56.25,1831.97,2,0,66,month-to-month,bank_transfer,none,0
C008118,31,73.8,2302.08,3,0,5,month-to-month,electronic_check,none,0
C000506,39,36.85,1435.22,2,0,17,month-to-month,electronic_check,dsl,0
C009449,6,93.05,565.02,3,0,31,one-year,mailed_check,none,0
C007131,59,37.64,2307.69,1,0,87,one-year,electronic_check,fiber,0
C004807,65,25.67,1742.88,4,0,59,month-to-month,bank_transfer,fiber,0
C007303,16,64.87,1029.4,5,1,23,month-to-month,electronic_check,dsl,0
C001773,29,117.71,3469.22,1,1,53,month-to-month,bank_transfer,fiber,0
C006854,63,43.91,2714.07,1,0,3,one-year,electronic_check,none,0
C004906,21,74.74,1619.8,4,0,36,month-to-month,credit_card,dsl,0
C000797,34,110.73,3756.16,3,0,61,two-year,electronic_check,dsl,0
C008785,38,90.32,3380.8,4,1,52,one-year,mailed_check,none,0
C007070,22,90.53,1976.02,4,0,50,month-to-month,bank_transfer,dsl,0
C002829,10,38.57,472.92,2,0,31,one-year,bank_transfer,dsl,0
C009319,12,72.99,891.37,3,0,17,month-to-month,mailed_check,fiber,0
C008737,11,57.11,544.78,4,0,41,month-to-month,bank_transfer,none,0
C000312,9,54.7,442.82,2,0,16,two-year,electronic_check,fiber,0
C000746,39,38.31,1557.06,3,0,8,month-to-month,bank_transfer,fiber,0
C003569,18,99.4,1765.21,4,0,87,one-year,mailed_check,dsl,0
C000790,7,102.0,788.92,3,0,88,one-year,bank_transfer,none,1
C002476,38,68.01,2518.55,5,1,10,month-to-month,credit_card,dsl,0
C009325,33,83.59,2766.02,4,0,71,month-to-month,electronic_check,none,0
C002570,58,85.01,4947.91,4,0,47,month-to-month,credit_card,none,0
C005286,21,109.03,2304.19,3,0,43,month-to-month,mailed_check,dsl,1
C005215,17,76.21,1263.31,4,0,7,two-year,credit_card,dsl,0
C002163,66,99.8,6589.96,5,0,77,month-to-month,mailed_check,fiber,0
C006577,7,41.9,364.62,4,0,24,two-year,electronic_check,fiber,0
C008449,16,26.21,507.07,4,0,44,one-year,credit_card,dsl,0
C000380,1,41.91,52.4,2,0,4,month-to-month,mailed_check,none,0
C008508,2,47.18,182.52,1,0,3,two-year,mailed_check,none,0
C001292,32,110.78,3543.11,2,0,36,two-year,mailed_check,dsl,0
C001912,1,86.66,106.67,2,0,17,month-to-month,mailed_check,dsl,0
C000599,47,67.5,3114.89,4,0,37,month-to-month,electronic_check,dsl,0
C003892,32,95.2,3069.91,3,0,22,month-to-month,electronic_check,fiber,0
C004141,62,114.4,6984.6,1,0,32,two-year,bank_transfer,dsl,0
C001652,4,86.95,384.66,4,0,83,one-year,electronic_check,fiber,0
C005224,39,93.96,3788.96,1,0,85,one-year,electronic_check,dsl,0
C001893,52,41.0,2119.99,1,0,68,month-to-month,mailed_check,none,0
C001944,28,58.26,1681.7,2,1,72,one-year,mailed_check,none,0
C003395,58,74.01,4275.51,3,0,83,one-year,credit_card,dsl,0
C005479,42,109.61,4530.55,5,0,81,month-to-month,bank_transfer,fiber,0
C009769,62,51.96,3321.96,3,0,36,month-to-month,bank_transfer,none,0
C000375,7,88.18,695.5,2,1,50,one-year,bank_transfer,fiber,0
C001966,27,73.78,1979.56,5,1,48,month-to-month,electronic_check,fiber,0
C003957,53,85.05,4565.31,4,0,11,two-year,bank_transfer,fiber,0
C007135,35,71.97,2519.2,3,0,85,one-year,mailed_check,dsl,0
C007478,58,116.61,6737.22,4,1,57,two-year,electronic_check,fiber,0
C004505,28,82.55,2341.82,3,0,27,month-to-month,mailed_check,fiber,0
C009580,33,97.74,3244.86,1,1,42,month-to-month,electronic_check,fiber,0
C005288,20,69.9,1426.42,5,0,28,two-year,electronic_check,fiber,0
C001471,51,80.72,4157.56,1,0,60,month-to-month,credit_card,none,1
C003346,44,82.7,3600.07,2,1,65,month-to-month,electronic_check,dsl,0
C006253,40,40.0,1606.67,3,0,80,month-to-month,electronic_check,fiber,0
C002853,7,68.34,423.18,3,2,80,month-to-month,electronic_check,none,0
C008988,1,103.83,63.64,4,1,71,two-year,credit_card,none,0
C009775,51,28.58,1458.96,4,0,43,month-to-month,mailed_check,fiber,0
C006459,35,20.53,676.78,5,0,62,month-to-month,credit_card,dsl,0
C004062,46,67.82,3177.02,4,0,60,one-year,credit_card,dsl,0
C005863,15,40.81,581.26,1,1,28,month-to-month,credit_card,dsl,0
C004306,54,104.38,5597.49,1,0,41,month-to-month,electronic_check,fiber,0
C004877,32,106.2,3362.42,5,0,16,month-to-month,credit_card,fiber,0
C007249,49,61.77,3057.67,1,0,48,month-to-month,electronic_check,dsl,0
C005273,34,55.42,1976.26,5,0,83,month-to-month,electronic_check,fiber,0
C003990,55,108.2,5996.48,5,0,17,month-to-month,bank_transfer,none,0
C001049,9,70.21,523.55,3,0,41,month-to-month,mailed_check,dsl,0
C006175,33,70.8,2292.78,3,1,57,month-to-month,mailed_check,fiber,0
C006926,28,59.23,1684.93,4,2,66,month-to-month,electronic_check,dsl,0
C007864,17,81.38,1335.87,3,0,75,one-year,credit_card,fiber,0
C002035,61,82.59,5020.65,2,0,2,month-to-month,credit_card,fiber,0
C004039,27,24.44,624.8,5,0,55,month-to-month,mailed_check,fiber,0
C006875,24,57.69,1428.91,5,1,17,month-to-month,bank_transfer,dsl,1
C009354,30,113.29,3356.03,1,0,11,one-year,credit_card,fiber,0
C001972,50,44.88,2126.11,3,1,9,two-year,mailed_check,dsl,0
C005072,13,51.13,697.6,2,0,28,month-to-month,credit_card,fiber,0
C002099,18,21.02,465.6,3,1,36,month-to-month,credit_card,dsl,0
C001499,61,78.64,4822.72,5,0,52,one-year,credit_card,none,0
C009612,6,54.24,405.91,3,0,40,month-to-month,bank_transfer,dsl,0
C000652,15,79.08,1166.79,3,1,63,one-year,bank_transfer,fiber,0
C000170,8,91.64,746.21,2,0,85,one-year,credit_card,dsl,0
C004085,46,29.31,1336.67,4,1,39,month-to-month,mailed_check,fiber,0
C000242,7,50.59,335.2,4,1,63,month-to-month,credit_card,fiber,0
C005710,20,103.04,2133.17,2,1,11,month-to-month,electronic_check,fiber,0
C006972,16,114.08,1805.08,4,2,86,two-year,electronic_check,dsl,0
C002756,64,32.04,2053.61,1,0,66,month-to-month,electronic_check,fiber,0
C006884,4,51.44,151.86,4,0,3,month-to-month,mailed_check,dsl,0
C005446,49,104.78,5184.52,1,1,1,one-year,mailed_check,fiber,0
C002076,34,42.77,1370.18,4,0,50,month-to-month,electronic_check,dsl,0
C004103,2,91.66,180.87,4,0,13,two-year,mailed_check,none,0
C009559,48,50.27,2411.31,3,1,54,two-year,mailed_check,fiber,0
C007571,67,111.38,7522.76,3,0,16,month-to-month,mailed_check,none,0
C009466,46,33.06,1592.47,2,2,23,month-to-month,electronic_check,none,0
C004894,35,74.39,2525.47,5,0,28,two-year,electronic_check,fiber,0
C006692,60,40.0,2385.67,3,0,25,month-to-month,mailed_check,none,0
C008054,51,48.15,2467.69,5,0,46,month-to-month,credit_card,none,0
C005389,63,39.33,2434.73,2,0,23,two-year,electronic_check,dsl,0
C009373,21,32.25,649.59,4,0,40,month-to-month,bank_transfer,none,0
C008021,19,64.32,1247.59,5,0,61,two-year,credit_card,fiber,0
C008604,14,39.96,500.29,5,0,8,one-year,electronic_check,dsl,0
C004480,34,116.62,4011.01,3,1,65,two-year,mailed_check,fiber,1
C008326,23,110.81,2620.51,1,1,15,month-to-month,mailed_check,dsl,0
C004078,18,23.05,466.72,4,0,34,one-year,bank_transfer,dsl,0
C000640,49,59.14,2884.49,2,0,32,one-year,electronic_check,fiber,0
C001270,27,66.13,1846.85,5,1,45,two-year,electronic_check,dsl,0
C002778,28,40.16,1029.25,1,1,64,two-year,bank_transfer,none,0
C009497,63,44.38,2846.94,1,0,29,two-year,bank_transfer,dsl,0
C003861,47,58.74,2800.81,3,0,12,month-to-month,bank_transfer,none,0
C003480,58,21.92,1297.55,3,0,15,month-to-month,bank_transfer,dsl,0
C001534,59,64.87,3783.14,5,1,18,one-year,mailed_check,fiber,0
C000325,17,34.64,582.51,3,0,5,two-year,bank_transfer,fiber,0
C002338,4,33.21,131.33,4,0,17,one-year,electronic_check,fiber,0
C003980,33,73.25,2345.65,1,0,17,month-to-month,bank_transfer,fiber,0
C006877,1,23.89,14.91,4,0,31,month-to-month,credit_card,none,0
C004054,1,103.62,89.09,1,1,37,month-to-month,bank_transfer,none,1
C002237,20,82.6,1671.48,5,0,37,month-to-month,credit_card,none,0
C007106,11,89.79,963.13,3,0,76,one-year,electronic_check,fiber,0
C009668,13,31.37,413.64,5,0,48,month-to-month,bank_transfer,dsl,0
C004745,22,99.28,2134.81,4,0,34,one-year,credit_card,dsl,0
C000864,61,87.3,5372.24,4,0,5,month-to-month,credit_card,fiber,0
C006203,15,37.84,614.96,5,0,31,month-to-month,bank_transfer,dsl,0
C005508,41,21.73,852.99,4,0,6,month-to-month,electronic_check,fiber,0
C007429,62,64.86,4036.43,4,0,35,month-to-month,electronic_check,fiber,0
C000371,48,119.7,5694.15,2,0,38,two-year,electronic_check,dsl,0
C006296,11,92.93,1006.57,4,0,87,two-year,bank_transfer,fiber,0
C005551,26,41.44,1128.03,5,1,86,two-year,credit_card,dsl,0
C005723,38,36.95,1459.38,3,1,1,month-to-month,mailed_check,fiber,0
C005899,64,30.41,1946.8,5,0,89,month-to-month,electronic_check,none,0
C009287,3,30.01,35.96,5,1,31,month-to-month,bank_transfer,fiber,0
C007871,19,31.8,729.58,2,0,85,month-to-month,credit_card,none,0
C002364,55,38.42,2163.27,2,1,45,month-to-month,electronic_check,dsl,0
C003213,70,80.71,5648.25,3,0,68,month-to-month,bank_transfer,none,0
C000911,14,30.48,395.33,5,0,18,one-year,mailed_check,dsl,0
C009047,62,113.7,6977.69,5,1,70,month-to-month,credit_card,none,0
C009790,15,96.39,1410.36,2,0,61,one-year,electronic_check,dsl,0
C007289,4,53.92,209.15,2,0,10,month-to-month,electronic_check,fiber,0
C009958,22,107.68,2284.3,5,0,4,two-year,mailed_check,dsl,0
C006536,25,69.88,1782.33,4,1,88,month-to-month,credit_card,fiber,0
C009192,63,92.05,5801.0,2,0,55,month-to-month,credit_card,fiber,0
C001423,49,98.29,4829.2,3,0,35,two-year,mailed_check,fiber,0
C009807,64,20.56,1286.4,1,0,18,month-to-month,bank_transfer,none,0
C000479,8,119.89,980.63,3,1,60,month-to-month,mailed_check,none,1
C000662,3,72.84,252.03,3,0,21,month-to-month,electronic_check,none,1
C004476,68,74.72,5062.94,4,0,50,two-year,credit_card,dsl,0
C008982,63,100.73,6355.33,5,0,55,month-to-month,electronic_check,fiber,0
C008077,28,98.17,2716.22,3,0,17,month-to-month,electronic_check,fiber,0
C002988,66,86.61,5620.59,4,0,80,one-year,electronic_check,dsl,0
C001119,36,20.04,784.59,2,1,87,two-year,credit_card,fiber,0
C002776,38,40.05,1591.27,3,0,51,month-to-month,credit_card,fiber,0
C009835,49,59.7,3001.81,3,0,71,month-to-month,bank_transfer,dsl,0
C005003,50,23.67,1237.01,2,1,63,one-year,mailed_check,none,0
C006649,44,103.4,4590.3,5,1,22,month-to-month,electronic_check,none,0
C007254,15,25.23,363.35,5,0,41,month-to-month,mailed_check,none,0
C004427,35,64.06,2318.27,1,2,29,month-to-month,bank_transfer,none,1
C007431,60,105.31,6312.38,3,0,29,month-to-month,credit_card,none,0
C003981,7,76.96,585.26,2,0,65,month-to-month,mailed_check,none,0
C006351,3,61.84,176.64,4,0,87,month-to-month,bank_transfer,none,1
C002893,66,34.97,2353.43,5,0,81,one-year,electronic_check,fiber,0
C002669,70,71.17,4976.26,4,0,56,one-year,mailed_check,none,0
C003977,72,111.89,8122.29,4,1,4,month-to-month,bank_transfer,fiber,0
C005259,18,111.41,1983.62,3,0,30,month-to-month,credit_card,dsl,0
C000279,6,93.14,493.24,4,0,85,two-year,electronic_check,none,0
C006730,50,105.8,5232.88,1,0,64,two-year,electronic_check,none,0
C006104,60,106.75,6398.34,1,0,51,month-to-month,bank_transfer,fiber,0
C007020,38,47.68,1798.5,5,0,56,month-to-month,credit_card,fiber,0
C001694,12,65.63,947.57,4,0,62,two-year,electronic_check,fiber,0
C008912,49,107.35,5210.43,1,0,52,two-year,electronic_check,fiber,0
C003479,57,101.07,5803.68,4,0,11,month-to-month,electronic_check,fiber,0
C004416,34,60.17,2056.49,4,1,18,month-to-month,bank_transfer,dsl,1
C007592,40,98.3,3889.47,2,1,75,two-year,credit_card,none,0
C006282,43,70.17,2962.44,4,0,40,month-to-month,electronic_check,none,0
C005603,36,99.16,3628.96,5,0,74,month-to-month,electronic_check,fiber,0
C008619,46,90.82,4150.35,5,0,22,two-year,credit_card,none,0
C007780,37,30.02,1044.39,2,1,1,one-year,credit_card,fiber,0
C004296,33,30.14,1010.7,5,1,52,one-year,mailed_check,dsl,0
C004593,53,83.73,4455.67,1,0,79,month-to-month,bank_transfer,none,0
C004844,55,41.01,2295.84,5,0,61,month-to-month,mailed_check,dsl,0
C002209,10,82.34,740.43,2,1,80,month-to-month,electronic_check,none,0
C007605,23,95.49,2094.2,2,0,65,two-year,credit_card,dsl,1
C005501,17,25.22,454.67,2,0,83,one-year,bank_transfer,dsl,0
C000184,36,25.43,988.6,4,0,19,month-to-month,bank_transfer,dsl,0
C004800,45,24.86,1077.31,2,0,69,month-to-month,mailed_check,none,0
C004845,56,75.31,4178.0,5,1,32,month-to-month,electronic_check,none,0
C002350,39,23.69,851.89,1,0,2,month-to-month,credit_card,dsl,0
C000553,23,37.61,865.77,3,0,41,month-to-month,credit_card,fiber,0
C001397,48,35.55,1661.24,3,0,26,two-year,credit_card,dsl,0
C001384,28,37.33,1100.49,2,0,71,two-year,mailed_check,fiber,0
C009182,63,77.13,4804.6,5,0,12,one-year,credit_card,none,0
C009817,50,114.26,5858.81,5,0,53,month-to-month,electronic_check,fiber,0
C000297,32,44.14,1401.21,3,1,51,one-year,credit_card,none,0
C000443,36,93.88,3423.34,4,1,44,month-to-month,credit_card,dsl,1
C007338,8,92.62,642.62,5,0,89,month-to-month,electronic_check,fiber,1
C002077,32,119.35,3843.65,1,0,49,month-to-month,bank_transfer,dsl,0
C007815,64,57.08,3647.21,2,0,33,two-year,bank_transfer,fiber,0
C002229,71,118.87,8412.48,3,2,23,two-year,electronic_check,fiber,0
C002842,56,26.99,1459.1,4,0,4,two-year,mailed_check,none,0
C002537,36,102.26,3687.18,3,1,77,month-to-month,electronic_check,none,0
C008145,31,22.62,671.35,4,0,69,month-to-month,credit_card,dsl,0
C009536,54,55.96,2983.43,1,0,1,two-year,mailed_check,none,0
C006443,59,25.06,1466.09,1,0,69,month-to-month,credit_card,fiber,0
C003367,21,95.69,2014.34,4,0,50,month-to-month,bank_transfer,fiber,0
C004486,40,84.31,3401.68,1,0,38,two-year,credit_card,fiber,0
C002578,70,21.81,1542.0,1,2,24,month-to-month,credit_card,fiber,0
C001131,49,84.12,4052.59,5,0,77,one-year,bank_transfer,none,0
C004818,39,59.96,2335.27,5,0,37,month-to-month,credit_card,none,0
C000320,24,28.65,658.81,1,0,36,one-year,electronic_check,fiber,0
C001371,25,25.16,550.34,1,0,42,two-year,bank_transfer,dsl,0
C004042,55,56.48,3076.95,5,0,78,month-to-month,credit_card,none,0
C009125,20,114.03,2391.91,3,0,17,month-to-month,mailed_check,fiber,0
C005145,55,112.08,6148.03,4,0,76,month-to-month,mailed_check,dsl,0
C000907,13,82.35,1064.88,4,0,47,month-to-month,electronic_check,dsl,0
C009426,32,30.86,966.7,1,0,20,two-year,mailed_check,fiber,0
C003950,28,49.51,1377.97,5,0,8,month-to-month,credit_card,none,0
C006145,59,88.29,5241.59,2,0,42,two-year,credit_card,none,0
C008886,49,119.09,5793.98,1,0,44,two-year,bank_transfer,fiber,0
C006695,43,104.6,4506.08,3,0,34,one-year,mailed_check,dsl,0
C004977,8,104.05,781.68,2,2,5,month-to-month,mailed_check,none,0
C006092,13,87.81,1171.74,1,1,23,two-year,electronic_check,fiber,0
C008408,3,31.62,141.14,1,0,22,two-year,electronic_check,fiber,0
C000926,39,101.94,3979.29,1,0,24,one-year,credit_card,fiber,0
C006143,70,22.57,1500.79,2,0,86,month-to-month,mailed_check,dsl,0
C000015,57,49.13,2790.46,3,0,63,one-year,mailed_check,fiber,0
C000143,30,112.94,3354.64,3,1,32,one-year,credit_card,fiber,0
C002363,9,102.34,926.58,4,0,45,one-year,bank_transfer,fiber,0
C000129,46,117.66,5373.49,5,2,10,two-year,credit_card,dsl,0
C001161,36,76.18,2712.3,1,0,7,one-year,electronic_check,fiber,0
C007551,36,57.68,1981.56,1,0,84,month-to-month,credit_card,dsl,0
C006129,27,99.0,2644.09,5,0,0,one-year,bank_transfer,dsl,0
C004665,60,94.07,5608.16,5,0,5,two-year,bank_transfer,dsl,0
C005660,10,33.2,418.23,5,1,44,month-to-month,credit_card,none,0
C006460,13,69.27,820.98,2,0,47,two-year,bank_transfer,dsl,0
C001876,17,22.61,326.38,4,0,28,one-year,mailed_check,fiber,0
C002488,38,36.07,1400.91,4,0,7,month-to-month,mailed_check,fiber,0
C005327,18,39.31,724.49,2,0,61,one-year,credit_card,fiber,0
C009361,68,35.02,2360.24,4,0,76,month-to-month,mailed_check,fiber,0
C001182,50,101.14,4996.73,4,0,79,month-to-month,electronic_check,dsl,0
C006135,14,112.99,1635.29,3,1,75,two-year,mailed_check,fiber,0
C006377,11,50.08,487.7,2,0,30,month-to-month,credit_card,none,0
C001170,46,118.1,5384.78,2,0,43,one-year,electronic_check,fiber,0
C002182,44,88.99,3904.85,1,0,57,month-to-month,electronic_check,fiber,0
C003371,18,74.88,1310.73,4,0,59,two-year,mailed_check,fiber,0
C008040,65,117.56,7668.12,1,1,28,month-to-month,credit_card,dsl,0
C001859,53,31.23,1666.55,1,1,86,month-to-month,bank_transfer,none,0
C004860,5,35.31,217.57,3,0,7,one-year,electronic_check,dsl,0
C009255,24,115.0,2824.21,1,0,27,two-year,bank_transfer,dsl,0
C008345,72,104.79,7568.87,5,1,24,month-to-month,electronic_check,fiber,0
C007347,25,35.59,803.26,3,0,34,one-year,mailed_check,none,0
C004864,64,25.8,1697.64,3,0,62,two-year,bank_transfer,fiber,0
C009886,46,76.19,3501.2,2,1,50,two-year,bank_transfer,dsl,0
C006388,16,36.83,509.05,3,0,83,month-to-month,mailed_check,none,0
C003121,72,77.87,5639.41,2,0,56,two-year,electronic_check,fiber,0
C000387,60,39.08,2315.02,5,1,85,month-to-month,bank_transfer,fiber,0
C007785,38,53.59,2067.6,4,1,57,one-year,mailed_check,fiber,0
C001032,53,32.44,1680.6,1,0,85,one-year,credit_card,none,0
C007852,18,34.58,662.67,1,0,7,two-year,mailed_check,fiber,0
C005418,41,21.78,815.89,2,1,22,month-to-month,electronic_check,fiber,0
C000931,51,44.78,2314.11,3,0,64,month-to-month,bank_transfer,dsl,0
C004019,50,101.62,5023.07,4,0,86,month-to-month,credit_card,none,0
C000691,58,30.56,1833.62,1,0,54,month-to-month,electronic_check,fiber,0
C005298,13,78.31,981.89,4,0,73,one-year,mailed_check,fiber,1
C006658,42,34.57,1456.59,4,0,58,month-to-month,electronic_check,dsl,0
C000829,3,99.18,235.02,4,0,1,one-year,credit_card,fiber,0
C003498,9,75.67,665.87,2,0,21,month-to-month,electronic_check,fiber,0
C002081,7,103.89,732.25,3,0,2,month-to-month,mailed_check,dsl,0
C009440,31,41.38,1251.47,1,0,88,two-year,bank_transfer,fiber,0
C000044,5,44.58,246.83,4,1,26,one-year,bank_transfer,none,0
C003939,37,113.36,4165.18,4,0,10,month-to-month,electronic_check,none,0
C005257,21,61.08,1332.25,5,0,33,month-to-month,electronic_check,fiber,0
C008437,71,50.14,3574.37,3,0,38,one-year,credit_card,fiber,0
C004319,4,29.55,102.4,3,0,85,month-to-month,credit_card,dsl,0
C002965,43,101.41,4370.78,5,0,11,one-year,mailed_check,fiber,0
C003969,45,73.43,3264.95,3,0,17,two-year,credit_card,none,0
C001187,44,46.25,2008.56,5,0,78,month-to-month,credit_card,fiber,0
C000284,32,39.97,1338.33,4,0,44,month-to-month,electronic_check,none,0
C008873,60,109.63,6572.22,4,0,26,two-year,mailed_check,fiber,0
C004159,3,60.75,206.15,2,1,83,one-year,credit_card,dsl,0
C003092,52,46.45,2468.98,4,0,35,two-year,electronic_check,dsl,0
C004556,12,56.34,656.23,3,0,58,month-to-month,mailed_check,none,0
C004584,43,100.97,4352.92,5,0,55,one-year,electronic_check,dsl,0
C004323,20,87.82,1821.73,5,0,20,month-to-month,bank_transfer,dsl,0
C005504,39,97.51,3750.74,5,0,4,one-year,mailed_check,dsl,0
C007074,52,75.66,3824.88,3,1,22,two-year,credit_card,fiber,0
C003364,12,75.37,877.17,1,0,84,two-year,credit_card,dsl,0
C008025,67,26.74,1775.94,5,2,31,one-year,bank_transfer,fiber,0
C003195,13,71.91,936.65,4,1,21,two-year,electronic_check,none,0
C008810,66,29.08,1991.36,1,0,1,month-to-month,bank_transfer,fiber,0
C000969,3,99.92,276.29,4,1,33,one-year,credit_card,none,1
C003734,24,96.32,2311.09,2,0,75,one-year,mailed_check,none,0
C000925,69,36.93,2475.71,3,1,29,one-year,mailed_check,fiber,0
C009496,29,119.91,3402.46,2,0,59,month-to-month,mailed_check,fiber,0
C006451,59,116.04,6826.47,5,0,19,one-year,bank_transfer,none,0
C008797,12,59.17,726.84,2,0,54,month-to-month,credit_card,dsl,0
C002851,29,103.98,3093.79,4,0,84,month-to-month,credit_card,none,0
C005180,62,107.3,6585.68,4,0,51,month-to-month,mailed_check,none,1
C006723,25,50.77,1187.3,2,0,37,two-year,bank_transfer,fiber,0
C009322,60,106.33,6379.11,3,1,62,month-to-month,mailed_check,dsl,0
C007810,37,91.69,3379.02,4,1,59,one-year,mailed_check,dsl,0
C004471,64,29.7,1889.36,1,0,50,month-to-month,bank_transfer,dsl,0
C005168,26,109.28,2864.61,4,0,30,one-year,electronic_check,none,0
C004348,56,89.84,5001.53,1,1,60,one-year,mailed_check,fiber,0
C007903,70,115.43,8077.08,1,0,62,month-to-month,electronic_check,dsl,0
C003626,56,50.23,2857.08,3,1,74,two-year,credit_card,none,0
C001789,55,104.63,5756.98,1,0,71,month-to-month,electronic_check,fiber,1
C008293,3,39.43,133.49,5,0,25,month-to-month,electronic_check,dsl,0
C002059,30,60.66,1713.69,4,2,73,month-to-month,electronic_check,none,0
C004013,36,49.92,1761.23,3,0,57,month-to-month,mailed_check,dsl,0
C001902,52,89.58,4719.83,2,0,12,month-to-month,credit_card,dsl,0
C005573,50,60.07,2926.73,2,0,84,one-year,credit_card,none,0
C006925,1,54.91,47.8,5,1,76,one-year,mailed_check,dsl,0
C000075,35,42.33,1549.02,5,0,33,month-to-month,mailed_check,fiber,0
C002345,19,73.68,1360.76,5,0,21,one-year,credit_card,fiber,0
C005484,39,46.14,1713.93,2,0,32,two-year,bank_transfer,dsl,0
C000430,7,55.73,477.2,2,0,74,month-to-month,mailed_check,fiber,0
C004586,16,52.61,847.19,4,0,14,one-year,credit_card,dsl,0
C008099,52,58.16,3050.51,5,1,22,one-year,bank_transfer,none,0
C008457,41,99.61,4092.27,2,0,88,month-to-month,credit_card,fiber,0
C008156,5,61.49,244.75,1,0,84,month-to-month,electronic_check,dsl,0
C007893,16,31.91,622.33,5,0,83,one-year,bank_transfer,fiber,0
C001553,45,27.85,1259.58,2,0,62,month-to-month,mailed_check,dsl,0
C000240,11,33.87,325.93,2,0,34,month-to-month,electronic_check,dsl,0
C000783,9,106.61,922.55,2,0,78,month-to-month,electronic_check,fiber,1
C003066,60,32.75,1978.43,2,0,9,month-to-month,mailed_check,fiber,0
C000977,42,54.5,2243.49,1,1,30,two-year,mailed_check,fiber,0
C002941,68,56.27,3841.56,3,0,45,month-to-month,bank_transfer,fiber,0
C005377,19,45.5,811.45,3,1,30,one-year,bank_transfer,dsl,0
C004730,67,49.84,3439.76,3,0,74,month-to-month,electronic_check,dsl,0
C001620,20,100.85,2048.4,1,0,38,two-year,mailed_check,fiber,0
C002146,13,53.93,657.07,5,0,70,one-year,electronic_check,fiber,0
C001801,34,86.4,2958.52,4,0,66,month-to-month,mailed_check,fiber,0
C002095,57,46.35,2597.61,3,0,15,month-to-month,bank_transfer,fiber,0
C006074,66,115.65,7620.88,2,0,18,one-year,credit_card,fiber,0
C005245,17,98.56,1695.81,1,0,8,one-year,bank_transfer,dsl,0
C001357,10,114.28,1215.5,2,0,48,two-year,bank_transfer,fiber,1
C008063,26,116.12,3044.98,5,0,20,month-to-month,bank_transfer,dsl,0
C006050,30,33.34,916.52,4,0,42,one-year,credit_card,dsl,0
C008368,36,87.39,3195.39,3,1,73,month-to-month,bank_transfer,fiber,0
C006017,6,60.35,347.78,2,1,41,month-to-month,bank_transfer,fiber,0
C009931,1,39.94,58.58,1,0,9,two-year,mailed_check,fiber,0
C008769,61,55.15,3318.32,5,0,49,two-year,electronic_check,dsl,0
C007503,37,108.59,4036.84,4,0,33,month-to-month,bank_transfer,none,0
C001609,10,21.01,150.99,2,2,60,one-year,mailed_check,none,0
C003096,13,27.75,356.98,5,2,50,one-year,bank_transfer,dsl,0
C009771,61,90.85,5541.47,1,0,84,month-to-month,bank_transfer,dsl,0
C002415,36,103.56,3713.79,1,0,75,two-year,credit_card,fiber,1
C002017,53,22.73,1202.89,1,0,36,one-year,bank_transfer,fiber,0
C006018,55,33.63,1891.17,1,0,29,month-to-month,electronic_check,fiber,0
C004125,37,115.85,4256.69,2,1,16,month-to-month,mailed_check,fiber,1
C009802,46,48.31,2250.55,4,0,24,month-to-month,bank_transfer,none,0
C003246,56,35.47,1983.64,2,0,12,two-year,electronic_check,fiber,0
C000124,62,75.25,4701.05,1,1,24,month-to-month,credit_card,none,0
C006425,57,89.29,5091.17,1,0,57,month-to-month,credit_card,fiber,0
C005308,5,90.32,464.75,5,0,32,one-year,electronic_check,none,0
C007463,66,27.91,1834.12,3,0,81,month-to-month,electronic_check,dsl,0
C009157,36,105.16,3799.38,2,1,4,month-to-month,mailed_check,dsl,0
C003341,23,76.65,1695.34,4,0,38,month-to-month,credit_card,fiber,0
C000598,46,77.45,3562.51,4,0,42,one-year,bank_transfer,none,0
C002123,44,106.84,4792.42,5,0,17,month-to-month,credit_card,fiber,1
C009498,67,67.29,4519.74,5,1,47,two-year,credit_card,dsl,0
C007685,47,66.33,3130.12,3,1,68,one-year,bank_transfer,dsl,0
C007049,37,90.33,3317.47,3,0,81,two-year,credit_card,dsl,0
C009661,43,67.31,2954.02,2,0,16,month-to-month,bank_transfer,dsl,0
C002197,62,108.39,6791.81,1,1,77,one-year,bank_transfer,fiber,0
C004051,29,78.11,2260.94,3,1,43,month-to-month,credit_card,none,0
C006054,62,51.73,3205.69,3,0,24,month-to-month,credit_card,none,0
C003362,4,68.46,352.82,4,0,72,month-to-month,mailed_check,none,1
C006851,39,45.14,1847.69,1,0,81,month-to-month,bank_transfer,none,0
C000725,9,108.16,934.58,1,0,37,month-to-month,electronic_check,dsl,0
C004934,28,107.77,2989.06,2,0,33,month-to-month,bank_transfer,fiber,0
C000978,26,36.03,902.39,3,0,86,one-year,mailed_check,fiber,0
C000808,29,26.26,835.52,2,0,34,one-year,mailed_check,none,0
C009603,16,112.63,1834.25,3,1,4,month-to-month,mailed_check,none,0
C001475,22,24.54,430.74,3,1,25,one-year,mailed_check,dsl,0
C005935,21,32.38,671.33,4,0,21,one-year,credit_card,fiber,0
C009036,45,111.2,5040.83,4,0,79,one-year,electronic_check,fiber,1
C007335,10,68.95,687.79,2,0,52,month-to-month,bank_transfer,fiber,0
C003962,48,90.63,4408.38,4,0,46,one-year,electronic_check,fiber,0
C006422,13,85.1,1124.23,4,0,76,two-year,electronic_check,fiber,0
C004905,47,90.85,4366.24,5,0,63,one-year,mailed_check,fiber,0
C001235,25,27.51,677.24,5,0,48,month-to-month,electronic_check,dsl,0
C001225,70,31.34,2207.84,1,0,12,one-year,electronic_check,none,0
C008049,58,27.31,1645.41,5,0,5,month-to-month,electronic_check,fiber,0
C009278,71,83.65,5927.72,1,0,11,month-to-month,credit_card,none,0
C008671,6,112.54,664.63,1,0,2,month-to-month,bank_transfer,fiber,0
C005229,20,56.11,1195.55,2,0,86,two-year,bank_transfer,none,0
C006950,50,105.49,5261.97,1,0,89,one-year,mailed_check,none,1
C003217,31,77.4,2379.37,4,0,18,two-year,bank_transfer,fiber,0
C000287,42,75.48,3083.38,2,0,50,month-to-month,bank_transfer,fiber,0
C005023,31,119.64,3653.29,5,0,86,month-to-month,electronic_check,dsl,0
C002966,18,71.03,1196.31,1,1,65,one-year,electronic_check,fiber,0
C003164,10,58.14,548.58,4,0,41,two-year,mailed_check,dsl,0
C006003,43,116.86,5033.77,4,2,52,two-year,electronic_check,dsl,0
C008887,66,109.99,7268.62,4,0,67,two-year,credit_card,fiber,0
C001657,63,115.88,7276.31,2,0,40,month-to-month,mailed_check,dsl,0
C001975,4,22.71,0.0,5,1,7,month-to-month,credit_card,fiber,0
C002397,21,51.94,1178.54,2,0,7,two-year,bank_transfer,dsl,0
C000452,36,94.75,3408.48,4,0,6,one-year,mailed_check,fiber,0
C008030,19,20.63,382.71,4,0,21,one-year,mailed_check,fiber,0
C004696,6,66.49,448.94,2,1,13,one-year,mailed_check,fiber,0
C003681,3,80.82,224.64,5,1,40,month-to-month,mailed_check,dsl,0
C000422,56,98.54,5523.07,4,0,82,month-to-month,credit_card,fiber,0
C009725,20,94.17,1903.24,5,0,52,month-to-month,bank_transfer,fiber,0
C000657,46,99.95,4549.59,4,0,72,one-year,electronic_check,none,0
C003301,20,59.31,1200.64,3,0,58,two-year,bank_transfer,none,1
C006394,42,107.11,4576.39,1,0,20,two-year,bank_transfer,fiber,0
C002845,33,47.67,1599.99,2,0,63,one-year,mailed_check,fiber,0
C008291,19,72.38,1378.26,4,0,8,month-to-month,electronic_check,fiber,0
C007497,23,59.08,1370.13,3,0,78,one-year,bank_transfer,fiber,0
C001001,54,31.89,1691.2,4,0,34,one-year,electronic_check,fiber,0
C004198,69,49.36,3441.64,2,0,85,month-to-month,credit_card,dsl,0
C002418,21,66.15,1251.39,2,2,74,month-to-month,credit_card,dsl,0
C007482,34,28.42,987.91,3,0,78,month-to-month,credit_card,none,0
C005706,30,118.07,3519.22,3,0,5,one-year,electronic_check,dsl,0
C003847,26,79.15,2090.48,1,0,31,month-to-month,credit_card,fiber,0
C000961,30,35.56,1106.36,5,1,36,two-year,electronic_check,fiber,0
C001580,22,102.07,2242.36,4,1,53,month-to-month,electronic_check,fiber,1
C005007,60,117.93,7033.19,5,0,73,month-to-month,electronic_check,dsl,0
C002206,10,74.38,823.18,3,0,89,month-to-month,bank_transfer,dsl,0
C006312,4,76.09,217.07,2,0,18,month-to-month,credit_card,dsl,1
C009562,47,119.81,5587.3,3,0,49,one-year,electronic_check,fiber,0
C004231,67,99.27,6655.97,4,0,46,two-year,bank_transfer,none,0
C000757,28,69.32,1933.2,3,0,50,one-year,bank_transfer,none,0
C002284,50,113.25,5732.16,1,0,64,two-year,bank_transfer,fiber,0
C006663,20,58.78,1050.64,3,0,39,one-year,electronic_check,fiber,0
C004755,44,63.84,2803.48,4,0,53,month-to-month,mailed_check,fiber,0
C008211,7,55.11,382.82,5,0,77,month-to-month,bank_transfer,none,0
C000807,8,103.03,768.86,2,0,33,month-to-month,mailed_check,none,1
C006575,31,26.8,860.65,1,0,71,two-year,electronic_check,dsl,0
C007719,6,43.28,195.74,5,0,13,month-to-month,bank_transfer,dsl,0
C001956,39,48.82,1902.78,4,0,32,two-year,bank_transfer,fiber,0
C002445,65,85.39,5531.82,2,0,3,two-year,bank_transfer,dsl,0
C005875,7,76.33,566.69,3,1,15,month-to-month,mailed_check,fiber,0
C008163,20,35.32,657.81,5,1,8,one-year,credit_card,fiber,0
C006138,5,67.9,315.81,2,0,3,month-to-month,credit_card,fiber,0
C002402,54,52.13,2814.9,4,2,55,month-to-month,bank_transfer,fiber,0
C001073,38,38.3,1546.9,3,0,29,month-to-month,electronic_check,fiber,0
C006557,24,116.11,2717.57,2,0,70,month-to-month,bank_transfer,fiber,1
C004240,25,49.54,1234.33,2,0,89,month-to-month,electronic_check,dsl,0
C008509,61,101.85,6189.22,4,1,83,month-to-month,mailed_check,dsl,1
C002091,24,77.38,1906.76,5,0,52,month-to-month,credit_card,none,0
C004527,7,28.28,222.0,1,0,5,month-to-month,credit_card,none,0
C007202,20,82.82,1660.01,3,1,88,month-to-month,credit_card,dsl,0
C006795,8,93.7,797.79,1,0,82,month-to-month,bank_transfer,fiber,1
C007237,24,44.6,1079.27,5,1,74,month-to-month,mailed_check,none,0
C007422,14,68.31,941.47,3,0,73,one-year,electronic_check,dsl,0
C006849,12,25.82,255.79,2,0,76,month-to-month,electronic_check,none,0
C006836,52,72.51,3780.11,2,1,89,month-to-month,electronic_check,fiber,0
C001003,64,35.64,2214.82,4,0,12,month-to-month,bank_transfer,dsl,0
C009099,21,72.9,1557.74,3,0,4,two-year,credit_card,none,0
C006562,35,64.15,2292.71,2,0,32,month-to-month,credit_card,fiber,0
C005614,42,78.41,3287.75,3,0,69,month-to-month,electronic_check,dsl,0
C004651,71,100.1,7129.47,3,0,27,month-to-month,mailed_check,fiber,0
C005313,29,119.91,3521.14,2,0,41,month-to-month,mailed_check,fiber,0
C001485,63,108.85,6828.73,5,2,50,two-year,mailed_check,fiber,0
C007607,13,110.51,1413.99,4,0,58,month-to-month,mailed_check,fiber,0
C001411,41,95.86,3916.91,5,0,47,month-to-month,electronic_check,fiber,1
C009303,58,47.82,2754.54,5,2,32,month-to-month,mailed_check,none,0
C000709,34,81.61,2717.39,2,0,68,one-year,mailed_check,none,0
C009806,64,71.73,4590.48,5,0,28,month-to-month,credit_card,none,0
C008042,71,30.79,2156.14,3,2,22,two-year,bank_transfer,dsl,0
C007211,1,25.54,73.74,4,0,62,month-to-month,electronic_check,fiber,0
C003076,8,20.88,207.2,5,0,13,month-to-month,electronic_check,dsl,0
C008314,3,37.5,170.53,5,1,56,two-year,bank_transfer,dsl,0
C004101,72,72.02,5174.96,2,0,10,month-to-month,credit_card,none,0
C005114,18,21.05,443.66,5,0,82,month-to-month,credit_card,fiber,1
C002722,9,25.68,269.93,4,0,40,month-to-month,credit_card,none,1
C009359,63,65.47,4026.2,4,0,29,one-year,credit_card,fiber,0
C001268,69,23.73,1631.3,2,0,26,two-year,mailed_check,fiber,0
C002462,35,23.84,811.58,2,0,22,month-to-month,credit_card,dsl,0
C005464,15,45.09,638.87,2,0,89,month-to-month,credit_card,fiber,0
C000268,45,111.7,4957.09,3,0,15,one-year,electronic_check,fiber,0
C003580,64,78.41,5091.12,1,0,82,one-year,electronic_check,fiber,0
C005349,42,102.85,4360.37,1,0,39,two-year,mailed_check,fiber,0
C007290,49,89.35,4272.18,5,0,20,two-year,bank_transfer,none,0
C005157,9,99.06,855.68,3,1,7,month-to-month,credit_card,dsl,0
C006601,68,32.76,2303.27,3,1,37,month-to-month,credit_card,none,0
C002821,60,77.8,4621.58,5,1,56,month-to-month,bank_transfer,fiber,0
C005807,72,49.31,3545.39,1,0,43,month-to-month,mailed_check,fiber,0
C000589,61,81.37,5050.03,5,0,56,two-year,bank_transfer,fiber,0
C005955,52,117.04,6124.62,5,0,21,month-to-month,bank_transfer,fiber,0
C005254,25,89.16,2198.73,5,0,7,one-year,mailed_check,dsl,0
C006661,68,61.73,4171.51,5,0,69,one-year,mailed_check,dsl,0
C007656,58,40.0,2289.13,4,0,12,month-to-month,mailed_check,fiber,0
C008725,48,119.24,5748.1,5,0,52,month-to-month,mailed_check,dsl,0
C006896,19,54.26,909.22,2,0,6,one-year,bank_transfer,none,1
C007594,36,83.22,3083.16,3,0,36,one-year,mailed_check,none,0
C002028,38,81.21,3099.37,5,0,4,one-year,credit_card,dsl,0
C006818,53,24.71,1259.66,1,2,10,two-year,mailed_check,dsl,0
C000677,7,77.81,558.26,2,0,8,one-year,bank_transfer,none,0
C005763,7,102.33,678.47,2,1,74,month-to-month,bank_transfer,none,1
C001232,70,101.85,7067.35,2,0,83,two-year,electronic_check,fiber,0
C005296,1,93.95,62.42,1,0,17,one-year,bank_transfer,fiber,0
C007103,40,80.06,3134.51,2,0,6,month-to-month,credit_card,none,0
C005034,2,119.95,268.56,5,1,77,two-year,bank_transfer,fiber,0
C005452,61,99.01,6120.47,2,0,73,one-year,mailed_check,none,0
C002432,12,91.55,1113.99,5,0,6,month-to-month,electronic_check,dsl,0
C006319,23,44.77,1074.06,3,0,8,month-to-month,credit_card,dsl,0
C006119,20,86.89,1780.06,2,0,36,month-to-month,bank_transfer,fiber,1
C009158,43,93.94,4055.19,5,0,23,two-year,bank_transfer,fiber,0
C009953,34,52.33,1814.25,5,0,38,month-to-month,credit_card,dsl,0
C000896,37,31.66,1188.38,4,0,73,month-to-month,mailed_check,dsl,0
C001611,11,45.66,615.77,3,0,52,month-to-month,credit_card,dsl,0
C006474,18,25.39,465.57,5,0,25,two-year,credit_card,fiber,0
C007661,35,52.53,1852.99,2,1,65,one-year,bank_transfer,dsl,0
C007460,40,100.81,4095.88,3,0,58,month-to-month,mailed_check,dsl,0
C003806,8,22.36,171.21,1,0,5,month-to-month,bank_transfer,dsl,1
C008273,37,42.15,1608.65,1,0,64,month-to-month,credit_card,none,0
C009451,25,111.14,2817.96,5,0,66,one-year,bank_transfer,fiber,1
C004701,5,31.53,110.84,3,0,0,month-to-month,bank_transfer,fiber,0
C003961,62,57.52,3635.08,1,1,13,month-to-month,mailed_check,fiber,0
C005417,13,28.36,434.63,4,0,76,month-to-month,mailed_check,fiber,0
C000890,8,116.65,924.04,4,0,78,two-year,credit_card,fiber,0
C004999,36,68.09,2473.49,5,0,8,two-year,credit_card,fiber,0
C007506,12,90.43,1055.45,3,0,30,month-to-month,credit_card,dsl,1
C007881,6,88.75,605.66,2,0,39,month-to-month,credit_card,fiber,0
C005095,13,86.04,1058.36,1,0,13,month-to-month,electronic_check,dsl,0
C006932,6,33.99,214.88,5,1,36,month-to-month,bank_transfer,none,0
C009617,32,91.17,2885.19,2,0,23,month-to-month,electronic_check,fiber,0
C002799,29,47.11,1474.81,1,0,54,month-to-month,mailed_check,fiber,0
C000584,30,91.67,2678.93,5,0,21,month-to-month,electronic_check,dsl,0
C003268,10,93.12,818.66,1,1,70,month-to-month,bank_transfer,fiber,1
C003932,51,34.14,1737.36,1,0,83,month-to-month,bank_transfer,dsl,0
C001260,20,108.49,2177.57,4,0,43,two-year,electronic_check,fiber,0
C006205,70,36.25,2566.94,1,0,83,one-year,mailed_check,dsl,0
C000310,48,62.54,2972.06,5,1,69,two-year,mailed_check,fiber,0
C007789,67,46.95,3113.88,3,0,48,month-to-month,electronic_check,dsl,0
C006458,25,109.81,2709.1,4,0,4,month-to-month,electronic_check,fiber,0
C006206,51,70.84,3596.67,4,0,28,month-to-month,credit_card,dsl,0
C005882,61,96.73,5951.68,2,0,38,one-year,electronic_check,none,0
C004668,53,112.38,5906.39,4,0,89,one-year,mailed_check,fiber,0
C004298,3,85.23,240.36,5,0,48,month-to-month,electronic_check,fiber,0
C003783,55,45.22,2593.17,2,0,25,month-to-month,electronic_check,fiber,0
C001008,53,98.28,5250.34,2,0,8,month-to-month,credit_card,fiber,0
C008354,41,100.41,4159.81,1,0,14,month-to-month,electronic_check,dsl,0
C002185,21,60.28,1259.83,3,1,53,month-to-month,credit_card,fiber,0
C003623,32,87.95,2848.21,5,0,31,month-to-month,electronic_check,dsl,0
C007039,56,77.79,4368.52,1,0,15,one-year,credit_card,none,0
C004922,40,79.48,3167.61,4,0,39,month-to-month,electronic_check,dsl,0
C009673,6,66.07,395.12,5,0,19,month-to-month,mailed_check,fiber,0
C007950,46,58.89,2770.55,3,1,6,month-to-month,mailed_check,none,0
C006125,18,51.52,887.5,3,1,6,two-year,electronic_check,dsl,0
C004756,42,94.96,3914.93,4,1,23,month-to-month,credit_card,none,0
C005074,11,36.92,391.54,3,0,28,one-year,mailed_check,fiber,0
C000090,32,61.22,2032.86,1,0,83,one-year,mailed_check,fiber,1
C005974,70,80.81,5645.66,4,1,3,month-to-month,mailed_check,dsl,0
C006418,71,101.55,7206.11,1,1,5,month-to-month,credit_card,none,0
C008640,43,33.07,1441.35,2,0,56,month-to-month,electronic_check,none,0
C008690,25,20.4,556.97,2,0,30,one-year,mailed_check,fiber,0
C002117,40,89.0,3593.0,3,0,54,one-year,credit_card,none,0
C002937,52,42.88,2163.91,2,0,17,month-to-month,electronic_check,fiber,0
C006842,36,83.53,2977.95,3,0,74,one-year,electronic_check,fiber,0
C000983,47,53.65,2554.29,1,0,61,month-to-month,mailed_check,fiber,1
C007260,15,61.76,862.1,1,0,60,two-year,bank_transfer,fiber,0
C009985,51,102.53,5261.91,4,1,65,one-year,credit_card,none,0
C002925,14,39.38,616.7,2,0,63,month-to-month,electronic_check,none,0
C006061,57,77.68,4340.92,4,0,22,two-year,credit_card,dsl,0
C003214,41,43.71,1750.18,5,0,43,month-to-month,mailed_check,fiber,0
C006447,51,45.59,2332.65,5,0,47,month-to-month,credit_card,fiber,0
C006779,20,114.86,2329.13,3,0,80,month-to-month,credit_card,none,1
C007038,59,92.24,5515.24,1,0,18,month-to-month,credit_card,dsl,0
C005663,33,97.79,3232.45,2,0,73,one-year,electronic_check,dsl,0
C000627,27,96.87,2615.04,5,0,17,one-year,electronic_check,fiber,0
C008008,22,95.77,2148.55,1,1,40,one-year,bank_transfer,dsl,1
C005125,54,50.2,2722.63,5,0,33,month-to-month,electronic_check,fiber,0
C004765,11,73.1,762.07,2,0,29,month-to-month,electronic_check,fiber,0
C008143,47,95.02,4466.54,3,1,1,month-to-month,mailed_check,none,0
C009594,33,33.65,1165.4,4,0,32,month-to-month,mailed_check,fiber,0
C001269,4,22.81,145.84,5,0,15,month-to-month,credit_card,fiber,0
C000128,42,111.67,4663.58,5,1,37,one-year,mailed_check,dsl,0
C006112,34,30.68,1013.89,3,1,5,month-to-month,credit_card,fiber,0
C001711,34,105.63,3533.48,2,2,13,month-to-month,mailed_check,dsl,0
C007862,57,44.11,2469.07,4,0,14,month-to-month,bank_transfer,fiber,0
C004235,3,50.51,258.13,3,0,43,month-to-month,bank_transfer,fiber,0
C005192,36,50.48,1804.98,2,0,26,month-to-month,credit_card,dsl,0
C002398,19,119.99,2214.69,5,0,48,one-year,mailed_check,dsl,1
C005434,38,49.77,1898.43,5,0,20,month-to-month,credit_card,fiber,0
C006057,44,45.63,1959.67,1,0,80,month-to-month,bank_transfer,fiber,0
C009318,33,82.12,2760.19,5,0,78,two-year,credit_card,fiber,0
C001186,11,91.95,1020.33,3,1,28,two-year,bank_transfer,none,0
C006013,43,48.85,2066.46,4,0,47,one-year,mailed_check,fiber,0
C009793,16,104.39,1619.19,5,1,89,month-to-month,credit_card,fiber,1
C006014,39,117.5,4590.22,1,1,81,month-to-month,electronic_check,dsl,0
C001977,25,39.68,1005.23,1,0,28,month-to-month,mailed_check,none,0
C009887,71,102.06,7368.16,1,0,33,one-year,electronic_check,fiber,0
C004247,14,56.45,809.79,3,0,68,one-year,credit_card,dsl,0
C007672,52,34.1,1693.09,1,0,78,month-to-month,mailed_check,fiber,0
C000915,34,79.46,2756.08,1,0,25,two-year,mailed_check,dsl,0
C001305,49,28.89,1402.01,5,1,41,month-to-month,credit_card,fiber,0
C005455,10,98.02,1007.13,5,0,70,one-year,bank_transfer,fiber,0
C003049,51,89.22,4566.99,5,0,44,month-to-month,credit_card,none,0
C009521,37,50.14,1917.92,5,0,81,month-to-month,credit_card,fiber,0
C001273,49,22.58,1106.39,5,0,40,month-to-month,credit_card,dsl,0
C008055,48,44.34,2037.84,1,0,1,month-to-month,credit_card,dsl,0
C002796,63,44.32,2802.88,5,2,55,one-year,mailed_check,fiber,0
C001398,2,75.69,195.8,3,1,21,two-year,electronic_check,fiber,0
C003358,14,109.55,1541.86,4,1,80,one-year,mailed_check,none,0
C000183,51,87.39,4441.3,1,0,16,one-year,credit_card,fiber,0
C006867,18,98.44,1759.5,3,0,56,month-to-month,electronic_check,none,0
C005695,5,31.12,166.8,3,0,69,two-year,electronic_check,dsl,0
C008835,2,98.89,177.94,2,0,45,two-year,bank_transfer,fiber,0
C009626,28,96.16,2649.48,5,1,14,month-to-month,electronic_check,dsl,0
C006170,39,27.18,1052.46,1,0,13,month-to-month,mailed_check,dsl,0
C006987,44,38.86,1711.67,5,2,8,one-year,credit_card,fiber,0
C004567,51,101.08,5202.42,2,0,65,month-to-month,credit_card,dsl,1
C008955,18,82.91,1494.14,1,0,83,one-year,bank_transfer,dsl,0
C002656,5,99.34,448.8,5,0,37,two-year,bank_transfer,fiber,0
C008309,42,51.76,2098.16,1,0,84,one-year,mailed_check,dsl,0
C006857,67,74.57,5030.46,1,0,79,month-to-month,bank_transfer,fiber,0
C001961,72,37.57,2734.0,1,0,69,month-to-month,electronic_check,dsl,1
C006383,2,73.35,114.64,5,0,8,two-year,mailed_check,fiber,0
C008853,14,56.17,721.96,2,0,86,two-year,bank_transfer,dsl,0
C009973,46,104.13,4741.76,2,0,19,month-to-month,credit_card,fiber,0
C001251,30,40.47,1236.15,3,0,71,two-year,bank_transfer,none,0
C003176,45,82.55,3666.51,3,0,3,month-to-month,mailed_check,dsl,0
C007760,26,101.73,2700.16,4,0,84,month-to-month,bank_transfer,fiber,0
C005013,68,36.17,2454.09,4,0,75,month-to-month,mailed_check,fiber,0
C009705,59,22.66,1313.61,1,0,31,one-year,bank_transfer,dsl,0
C006539,11,100.74,1179.07,3,1,59,month-to-month,electronic_check,dsl,0
C003289,14,44.98,648.06,2,1,8,month-to-month,mailed_check,fiber,0
C006448,14,89.02,1312.48,4,0,15,month-to-month,mailed_check,dsl,0
C008726,65,65.94,4199.6,2,0,16,one-year,electronic_check,none,0
C007611,12,39.55,378.47,1,0,45,one-year,mailed_check,none,0
C006275,5,55.3,357.71,3,0,24,month-to-month,bank_transfer,none,0
C006887,27,30.75,747.23,5,1,16,month-to-month,mailed_check,fiber,1
C001051,27,74.5,1965.93,4,0,5,two-year,mailed_check,fiber,0
C004069,8,54.71,441.65,3,0,9,one-year,bank_transfer,fiber,0
C006022,23,116.51,2659.75,5,0,43,one-year,mailed_check,dsl,0
C005552,48,112.82,5466.53,5,0,64,one-year,mailed_check,dsl,1
C000272,11,102.52,1088.16,4,0,37,month-to-month,electronic_check,none,0
C002042,54,28.53,1565.4,1,0,27,two-year,bank_transfer,dsl,0
C004763,18,49.19,880.77,5,0,3,month-to-month,electronic_check,fiber,0
C008997,62,65.47,3938.58,5,1,79,month-to-month,bank_transfer,dsl,0
C005204,38,90.17,3447.43,5,0,84,month-to-month,bank_transfer,fiber,0
C009509,67,112.39,7476.01,4,1,29,month-to-month,electronic_check,dsl,1
C001086,58,69.16,3951.84,4,0,5,month-to-month,credit_card,dsl,0
C008373,8,87.74,727.35,2,0,45,two-year,mailed_check,dsl,0
C007732,21,44.37,917.68,3,1,64,month-to-month,electronic_check,dsl,0
C007515,21,94.74,1933.05,4,0,77,one-year,bank_transfer,dsl,0
C006678,65,70.7,4539.44,3,0,16,one-year,mailed_check,fiber,0
C004322,34,33.56,1136.73,5,0,32,month-to-month,mailed_check,fiber,0
C006946,34,34.21,1136.58,1,0,64,two-year,electronic_check,fiber,0
C007747,9,54.31,587.97,4,0,23,month-to-month,credit_card,fiber,0
C006772,70,54.16,3837.42,1,0,16,one-year,credit_card,dsl,0
C005518,41,79.45,3300.92,5,0,13,month-to-month,credit_card,fiber,0
C005117,34,74.26,2546.7,1,0,16,one-year,electronic_check,fiber,0
C006179,67,79.98,5365.71,2,0,61,month-to-month,credit_card,dsl,0
C004709,31,81.26,2549.5,1,0,63,month-to-month,electronic_check,fiber,0
C008121,70,74.06,5148.84,5,1,62,month-to-month,bank_transfer,fiber,1
C005969,5,60.46,226.82,5,0,3,month-to-month,bank_transfer,dsl,0
C006784,18,83.87,1526.8,5,0,6,two-year,mailed_check,fiber,0
C003478,30,48.03,1415.9,1,0,30,one-year,credit_card,fiber,0
C008414,50,43.5,2224.95,2,0,60,month-to-month,mailed_check,fiber,0
C003924,46,64.03,2938.76,3,0,63,month-to-month,bank_transfer,fiber,0
C001748,58,65.55,3834.53,2,1,88,two-year,electronic_check,dsl,0
C000732,67,88.08,5938.76,5,0,10,two-year,electronic_check,fiber,0
C002553,14,42.12,565.04,1,0,41,month-to-month,electronic_check,fiber,0
C005458,38,59.61,2223.64,3,0,14,month-to-month,electronic_check,dsl,0
C005873,24,46.14,1111.29,3,0,29,month-to-month,mailed_check,fiber,0
C002662,11,85.41,996.13,3,0,81,month-to-month,electronic_check,dsl,1
C009398,64,39.41,2573.3,4,0,16,two-year,mailed_check,none,0
C006455,15,22.13,231.63,4,1,52,one-year,credit_card,fiber,0
C003113,67,92.78,6156.02,5,0,43,month-to-month,bank_transfer,none,0
C003303,20,66.4,1371.42,3,0,13,month-to-month,electronic_check,none,0
C001344,14,48.41,693.59,1,0,76,month-to-month,bank_transfer,none,0
C001690,56,65.11,3693.6,3,0,59,month-to-month,credit_card,dsl,0
C007180,33,50.41,1716.07,3,0,83,two-year,electronic_check,fiber,0
C006499,35,59.39,2115.9,1,0,19,two-year,credit_card,fiber,0
C003308,2,57.07,71.5,3,0,34,two-year,electronic_check,dsl,0
C001504,44,97.3,4259.13,5,0,37,month-to-month,bank_transfer,dsl,0
C001806,1,72.63,49.59,3,0,20,two-year,credit_card,dsl,0
C008469,5,44.55,241.23,5,0,14,one-year,electronic_check,fiber,0
C005369,21,118.74,2436.58,2,2,55,one-year,bank_transfer,dsl,1
C003791,13,105.51,1387.69,5,0,9,month-to-month,bank_transfer,fiber,1
C009520,24,51.42,1199.11,3,1,30,one-year,mailed_check,dsl,0
C007329,18,76.11,1296.09,3,1,83,two-year,credit_card,fiber,0
C005909,38,112.92,4257.96,3,0,78,month-to-month,mailed_check,fiber,0
C006825,37,48.57,1727.93,1,0,60,month-to-month,mailed_check,dsl,0
C007263,70,40.21,2829.36,2,0,83,one-year,electronic_check,none,0
C001848,38,40.18,1574.32,4,0,11,two-year,mailed_check,none,0
C004512,9,45.03,412.18,5,0,11,month-to-month,mailed_check,fiber,0
C002431,38,84.79,3196.95,2,0,40,month-to-month,electronic_check,dsl,0
C004660,60,56.1,3364.28,3,0,7,month-to-month,mailed_check,none,0
C008885,64,76.99,4923.97,4,0,5,two-year,credit_card,fiber,0
C005584,34,63.11,2269.22,3,0,59,month-to-month,electronic_check,dsl,0
C000142,20,51.9,991.66,1,0,51,two-year,electronic_check,fiber,0
C008760,70,65.62,4545.48,5,0,46,one-year,mailed_check,dsl,0
C009211,24,72.0,1722.56,2,1,73,month-to-month,bank_transfer,none,1
C005264,60,50.09,3002.27,3,0,47,month-to-month,credit_card,fiber,0
C003409,35,88.1,2986.34,2,0,80,one-year,mailed_check,fiber,0
C001117,43,33.18,1382.72,5,0,74,month-to-month,bank_transfer,dsl,0
C001756,26,99.87,2506.63,2,1,88,one-year,bank_transfer,fiber,1
C000497,27,50.63,1444.64,4,0,41,month-to-month,electronic_check,dsl,0
C008031,40,55.11,2272.45,5,0,53,two-year,credit_card,fiber,0
C000870,33,83.71,2749.37,1,0,58,month-to-month,credit_card,fiber,0
C003357,64,31.55,2036.24,1,0,54,one-year,mailed_check,dsl,0
C000912,28,72.9,2039.87,2,0,32,month-to-month,bank_transfer,fiber,0
C000721,68,26.44,1844.31,5,0,65,month-to-month,bank_transfer,fiber,0
C002805,70,88.61,6146.74,1,0,79,two-year,electronic_check,none,0
C009943,6,37.83,237.84,2,1,47,month-to-month,mailed_check,dsl,0
C000886,4,46.06,234.95,5,0,82,one-year,credit_card,fiber,0
C009592,72,97.41,6953.66,5,0,21,month-to-month,mailed_check,fiber,0
C006587,36,41.71,1524.71,2,0,47,month-to-month,bank_transfer,dsl,0
C008100,32,23.51,738.02,3,0,20,month-to-month,electronic_check,none,0
C001520,63,116.9,7385.56,2,0,15,one-year,bank_transfer,dsl,0
C008689,53,51.55,2799.67,2,0,7,month-to-month,electronic_check,dsl,0
C002746,17,74.14,1218.4,5,1,57,month-to-month,electronic_check,dsl,0
C006700,65,58.98,3842.89,5,1,34,month-to-month,credit_card,dsl,0
C005775,68,53.53,3604.36,3,0,0,one-year,electronic_check,dsl,0
C000314,18,54.5,953.75,4,0,41,two-year,electronic_check,fiber,0
C001799,38,35.81,1332.0,5,0,7,month-to-month,mailed_check,dsl,0
C000327,3,112.12,263.4,2,0,3,one-year,bank_transfer,fiber,0
C005642,49,98.61,4818.39,2,0,64,two-year,credit_card,dsl,0
C004204,22,22.92,505.74,5,0,83,month-to-month,mailed_check,dsl,0
C003129,57,64.01,3674.69,1,0,64,month-to-month,credit_card,dsl,0
C006860,53,115.19,6174.86,5,0,21,month-to-month,bank_transfer,dsl,0
C009905,18,84.35,1501.61,2,0,20,one-year,electronic_check,dsl,0
C003968,43,111.29,4790.38,5,2,46,month-to-month,electronic_check,fiber,0
C005743,33,101.85,3365.43,5,0,59,month-to-month,credit_card,fiber,0
C006226,43,49.33,2110.6,1,0,89,two-year,bank_transfer,dsl,0
C001973,25,115.12,2896.38,3,0,18,two-year,credit_card,fiber,0
C000336,70,89.51,6247.94,1,0,26,one-year,credit_card,fiber,0
C002764,15,83.48,1237.73,1,0,23,month-to-month,bank_transfer,fiber,0
C007660,45,115.32,5193.03,5,0,6,month-to-month,bank_transfer,fiber,1
C000275,35,95.65,3364.32,2,0,89,month-to-month,mailed_check,dsl,1
C002985,47,40.2,1909.89,5,0,62,month-to-month,credit_card,fiber,0
C005646,64,69.79,4481.15,4,0,23,one-year,bank_transfer,dsl,0
C005849,5,70.64,412.39,2,2,25,two-year,bank_transfer,none,0
C003477,39,64.93,2639.41,2,1,9,month-to-month,bank_transfer,fiber,0
C007558,8,80.59,566.68,1,0,79,one-year,electronic_check,fiber,0
C003558,13,50.0,611.33,5,0,15,month-to-month,mailed_check,none,0
C002809,14,23.06,324.04,5,0,41,month-to-month,mailed_check,none,0
C009113,56,42.02,2322.87,2,3,75,two-year,mailed_check,fiber,0
C004861,60,70.06,4151.37,5,0,85,month-to-month,bank_transfer,dsl,0
C006586,40,97.64,3905.28,5,2,40,month-to-month,bank_transfer,fiber,1
C003416,45,114.31,5182.56,3,0,73,one-year,electronic_check,fiber,1
C000307,40,49.45,1931.53,5,0,36,two-year,mailed_check,none,0
C003908,15,64.29,904.84,2,0,52,month-to-month,mailed_check,fiber,0
C000348,14,86.62,1304.72,5,0,75,one-year,bank_transfer,fiber,0
C000826,50,88.67,4373.09,1,0,60,two-year,electronic_check,dsl,0
C009501,15,112.82,1777.62,1,0,81,one-year,bank_transfer,dsl,1
C004482,61,119.91,7299.72,1,1,78,month-to-month,bank_transfer,dsl,0
C006576,3,53.42,153.6,2,0,53,one-year,credit_card,fiber,0
C003682,16,97.69,1553.13,5,0,87,month-to-month,mailed_check,none,0
C005876,66,43.26,2786.25,4,0,13,one-year,bank_transfer,fiber,0
C008387,61,104.71,6432.45,5,1,28,one-year,mailed_check,fiber,0
C002053,69,62.94,4308.17,3,0,59,two-year,credit_card,none,0
C000071,14,54.36,768.77,1,0,73,month-to-month,electronic_check,fiber,0
C005507,6,28.48,146.33,2,1,19,month-to-month,credit_card,dsl,0
C008514,41,40.1,1659.21,1,0,16,month-to-month,mailed_check,fiber,0
C007510,27,20.44,542.85,3,0,81,month-to-month,electronic_check,none,0
C008151,30,97.67,2924.54,2,0,60,month-to-month,mailed_check,fiber,0
C001666,55,100.62,5512.77,4,1,19,month-to-month,electronic_check,fiber,0
C007861,39,107.99,4283.52,2,0,85,month-to-month,electronic_check,dsl,1
C009159,6,114.71,677.38,3,0,3,two-year,credit_card,dsl,0
C005688,55,68.05,3750.46,4,0,49,one-year,credit_card,fiber,0
C001445,3,35.31,146.85,2,0,34,one-year,credit_card,dsl,0
C005227,56,27.4,1634.37,2,0,37,month-to-month,bank_transfer,dsl,0
C006982,72,65.13,4711.27,3,0,43,month-to-month,mailed_check,fiber,0
C001695,50,47.94,2407.35,3,1,41,one-year,bank_transfer,fiber,0
C002892,27,30.31,830.42,3,0,55,month-to-month,electronic_check,fiber,0
C001574,11,63.31,670.35,2,0,17,two-year,electronic_check,fiber,0
C003203,11,79.31,785.64,5,0,18,month-to-month,mailed_check,dsl,0
C004405,65,81.05,5218.95,5,0,43,two-year,mailed_check,fiber,0
C001630,42,87.73,3662.34,5,0,32,one-year,mailed_check,dsl,0
C008380,17,45.96,800.55,4,0,30,month-to-month,electronic_check,fiber,0
C001881,20,85.22,1812.89,4,0,52,two-year,electronic_check,fiber,0
C008821,27,111.01,3094.84,4,0,69,month-to-month,credit_card,fiber,1
C006463,9,48.97,480.58,1,0,18,one-year,bank_transfer,none,0
C000848,60,30.01,1700.24,3,0,69,month-to-month,electronic_check,dsl,0
C009923,12,43.85,628.32,3,0,51,month-to-month,credit_card,dsl,0
C006188,10,42.07,381.68,4,0,65,month-to-month,bank_transfer,dsl,0
C005869,49,117.31,5744.15,3,1,8,two-year,mailed_check,dsl,0
C002877,68,97.72,6648.43,2,0,38,month-to-month,credit_card,none,0
C000186,12,22.27,237.42,5,1,37,two-year,credit_card,fiber,0
C003779,33,43.73,1474.06,5,0,79,month-to-month,electronic_check,fiber,0
C001830,26,69.39,1846.22,4,0,37,month-to-month,electronic_check,none,0
C008325,62,79.01,4898.75,2,2,82,month-to-month,credit_card,fiber,0
C009241,16,26.69,520.53,2,1,17,month-to-month,credit_card,fiber,0
C006378,42,79.7,3444.15,4,1,88,one-year,electronic_check,fiber,0
C001234,46,55.21,2590.75,1,0,57,month-to-month,electronic_check,fiber,0
C006964,6,45.32,370.91,5,1,82,one-year,credit_card,fiber,0
C003915,6,46.39,238.18,4,0,41,month-to-month,credit_card,fiber,0
C000446,23,102.66,2380.63,2,0,12,one-year,bank_transfer,fiber,0
C000844,1,66.23,104.75,2,1,24,month-to-month,bank_transfer,fiber,0
C008062,13,79.13,981.47,2,0,69,month-to-month,mailed_check,dsl,0
C005402,49,70.6,3524.63,5,0,80,month-to-month,electronic_check,dsl,0
C002440,27,108.01,2876.95,4,0,72,month-to-month,bank_transfer,fiber,0
C003103,32,92.57,2996.87,1,0,46,month-to-month,credit_card,fiber,0
C008585,6,116.58,714.81,4,2,63,two-year,bank_transfer,fiber,0
C006791,67,82.55,5453.8,3,0,82,one-year,bank_transfer,fiber,0
C005650,67,92.48,6181.68,5,0,80,month-to-month,bank_transfer,fiber,0
C001294,69,33.17,2255.24,3,0,5,one-year,bank_transfer,dsl,0
C005079,37,91.38,3368.58,1,0,49,month-to-month,mailed_check,none,0
C009016,28,57.78,1579.02,1,1,85,one-year,bank_transfer,dsl,1
C005067,2,116.01,317.02,2,0,20,one-year,mailed_check,none,0
C003442,33,52.15,1746.54,3,0,14,two-year,bank_transfer,fiber,0
C008451,63,83.17,5236.7,5,0,60,month-to-month,mailed_check,dsl,0
C007273,60,33.81,2047.11,3,1,42,two-year,credit_card,fiber,0
C006105,47,37.27,1695.42,3,1,53,two-year,mailed_check,none,0
C000776,31,90.78,2841.14,3,0,25,one-year,electronic_check,dsl,0
C009716,45,73.11,3249.82,3,0,58,month-to-month,mailed_check,fiber,0
C002153,40,77.86,3127.72,1,1,59,one-year,credit_card,fiber,0
C004920,71,40.47,2854.1,1,0,24,one-year,credit_card,fiber,0
C005360,48,102.33,4970.59,4,0,11,two-year,mailed_check,fiber,0
C009735,18,47.41,862.43,2,2,31,month-to-month,bank_transfer,fiber,0
C005957,52,75.51,3891.64,4,0,21,month-to-month,mailed_check,dsl,0
C008411,55,43.52,2432.47,2,0,13,month-to-month,bank_transfer,fiber,0
C008432,6,54.82,359.79,5,0,58,two-year,credit_card,fiber,0
C003183,5,23.39,73.68,2,0,51,one-year,electronic_check,dsl,0
C006792,62,85.23,5301.16,4,0,38,one-year,electronic_check,dsl,0
C003199,20,40.27,747.33,1,0,88,one-year,electronic_check,dsl,0
C009369,72,110.56,7898.84,4,0,50,one-year,mailed_check,fiber,0
C001289,45,109.08,4887.32,1,0,44,one-year,credit_card,fiber,0
C004581,70,26.35,1914.78,5,1,29,one-year,mailed_check,dsl,0
C006192,20,86.08,1762.3,2,1,83,two-year,electronic_check,none,0
C008935,48,61.5,2967.44,1,1,18,month-to-month,electronic_check,fiber,0
C007149,24,74.19,1729.54,3,1,3,month-to-month,mailed_check,dsl,0
C009846,42,40.96,1651.95,3,0,77,one-year,bank_transfer,dsl,0
C004106,8,40.15,420.53,2,0,61,month-to-month,mailed_check,fiber,0
C004126,4,45.72,259.96,3,0,19,month-to-month,credit_card,none,0
C008300,71,85.58,6068.54,3,0,46,month-to-month,credit_card,fiber,0
C003966,57,70.55,4028.8,4,1,34,month-to-month,electronic_check,fiber,0
C001879,8,30.87,197.66,2,1,52,month-to-month,bank_transfer,dsl,0
C008496,71,46.23,3225.95,2,0,86,one-year,mailed_check,dsl,0
C009299,34,76.09,2481.06,4,0,9,month-to-month,bank_transfer,none,0
C006348,35,62.54,2176.86,3,0,82,one-year,mailed_check,fiber,0
C003587,50,63.79,3155.27,2,0,6,two-year,bank_transfer,none,0
C007372,43,35.4,1428.86,4,0,2,two-year,mailed_check,fiber,0
C003865,56,67.3,3730.32,2,0,17,two-year,mailed_check,dsl,0
C008487,37,34.88,1289.48,3,0,73,month-to-month,electronic_check,dsl,0
C004131,67,93.42,6284.86,2,0,9,month-to-month,bank_transfer,fiber,0
C001036,66,111.23,7378.47,1,1,69,month-to-month,bank_transfer,dsl,0
C000636,17,46.26,844.32,3,1,28,month-to-month,bank_transfer,none,0
C006153,25,95.09,2391.03,5,0,24,month-to-month,mailed_check,none,0
C004134,72,22.59,1645.25,1,0,15,month-to-month,bank_transfer,dsl,0
C005338,29,51.01,1550.95,5,1,19,one-year,electronic_check,dsl,0
C001083,41,28.33,1115.61,4,0,28,month-to-month,mailed_check,dsl,0
C000861,67,23.07,1598.51,3,0,0,month-to-month,credit_card,fiber,0
C000903,64,99.78,6428.75,5,0,1,month-to-month,mailed_check,dsl,0
C000191,46,88.16,4109.58,4,0,0,one-year,electronic_check,none,0
C000109,51,103.67,5364.63,4,0,21,two-year,mailed_check,none,0
C004455,5,33.75,141.74,3,0,75,two-year,electronic_check,dsl,0
C001942,63,74.86,4748.23,5,1,50,two-year,electronic_check,dsl,0
C005856,35,83.08,2943.82,4,0,57,month-to-month,bank_transfer,none,0
C004331,20,24.72,315.15,5,2,17,two-year,electronic_check,dsl,0
C008541,72,117.77,8433.6,5,1,66,two-year,credit_card,dsl,0
C002040,21,86.02,1821.66,2,0,12,two-year,mailed_check,fiber,0
C007331,31,83.97,2565.73,5,1,61,month-to-month,electronic_check,dsl,1
C007317,64,73.31,4715.86,2,1,58,month-to-month,bank_transfer,dsl,0
C007779,19,96.7,1856.44,4,0,81,month-to-month,credit_card,fiber,1
C004659,36,59.59,2132.38,4,1,55,month-to-month,bank_transfer,dsl,0
C007313,12,68.32,804.27,1,1,75,month-to-month,bank_transfer,fiber,1
C002775,22,62.76,1391.76,4,0,55,month-to-month,credit_card,none,0
C004145,21,91.81,1861.15,3,0,39,two-year,electronic_check,dsl,0
C002323,47,113.02,5374.92,4,0,34,two-year,credit_card,fiber,0
C000762,69,94.46,6466.44,5,0,53,one-year,electronic_check,fiber,0
C002617,4,88.48,350.44,4,0,23,two-year,mailed_check,fiber,0
C002411,4,93.73,351.7,4,0,39,month-to-month,electronic_check,dsl,0
C001094,24,117.25,2768.24,1,1,37,month-to-month,bank_transfer,none,0
C006173,15,115.66,1787.89,3,0,10,month-to-month,mailed_check,dsl,0
C007048,58,73.92,4327.55,4,0,0,month-to-month,credit_card,fiber,0
C009272,62,108.24,6661.5,5,0,67,two-year,bank_transfer,dsl,0
C003135,2,61.94,136.07,2,1,51,month-to-month,mailed_check,fiber,0
C007787,38,97.97,3691.17,1,1,11,two-year,bank_transfer,fiber,0
C005040,26,21.49,495.55,4,1,5,month-to-month,electronic_check,fiber,0
C003805,62,74.98,4715.66,2,1,20,two-year,mailed_check,fiber,0
C000884,59,69.25,4058.79,3,0,5,month-to-month,credit_card,fiber,0
C002654,62,41.43,2661.43,2,1,26,one-year,bank_transfer,dsl,0
C005921,58,85.29,4869.89,2,0,47,one-year,mailed_check,fiber,0
C006187,70,70.17,4907.54,5,0,11,month-to-month,mailed_check,none,0
C008085,10,92.88,992.79,4,0,45,month-to-month,electronic_check,none,0
C006742,39,119.31,4611.23,2,0,63,month-to-month,bank_transfer,fiber,0
C007626,16,72.0,1131.67,5,1,18,one-year,mailed_check,dsl,0
C005680,14,69.88,943.22,5,0,0,two-year,credit_card,fiber,0
C007007,47,110.79,5173.14,2,0,48,one-year,electronic_check,fiber,0
C009686,50,42.54,2140.74,3,1,68,month-to-month,electronic_check,fiber,0
C002202,3,20.56,111.08,2,0,23,one-year,mailed_check,fiber,0
C006107,57,65.01,3777.31,1,0,75,month-to-month,bank_transfer,fiber,0
C006417,8,70.91,510.78,2,0,1,two-year,mailed_check,dsl,0
C001262,33,25.43,833.0,3,1,56,month-to-month,mailed_check,none,0
C008379,36,106.44,3967.87,4,0,69,month-to-month,mailed_check,none,0
C000975,17,42.1,681.61,4,0,7,one-year,credit_card,dsl,0
C005831,12,24.21,272.55,2,1,26,month-to-month,credit_card,none,0
C004925,7,117.17,754.08,2,0,32,one-year,mailed_check,fiber,1
C000941,30,79.43,2366.38,3,0,27,one-year,bank_transfer,fiber,0
C004723,4,57.12,229.66,3,0,38,two-year,electronic_check,fiber,0
C002387,71,32.85,2213.03,3,1,50,month-to-month,electronic_check,fiber,0
C009728,62,114.94,7160.08,3,0,24,month-to-month,mailed_check,none,0
C005021,34,48.48,1643.36,1,0,56,month-to-month,credit_card,none,0
C004391,59,104.48,6114.68,2,1,53,two-year,credit_card,fiber,0
C005148,27,61.7,1665.6,4,0,87,month-to-month,mailed_check,fiber,0
C003221,19,98.36,1777.78,4,0,77,month-to-month,bank_transfer,fiber,1
C003882,42,83.43,3438.78,4,0,66,month-to-month,bank_transfer,fiber,0
C009438,25,57.17,1491.92,2,0,37,month-to-month,mailed_check,dsl,0
C006624,39,102.23,3991.52,1,0,82,month-to-month,bank_transfer,none,0
C005918,50,100.28,4979.24,5,0,55,one-year,credit_card,fiber,0
C002789,61,43.9,2670.4,4,0,0,one-year,credit_card,dsl,0
C000944,10,23.73,202.01,5,0,42,one-year,electronic_check,dsl,0
C008908,24,65.6,1546.0,2,1,38,month-to-month,mailed_check,none,0
C001857,43,52.81,2279.32,1,0,69,month-to-month,bank_transfer,fiber,0
C009080,67,69.99,4702.16,4,2,59,month-to-month,mailed_check,fiber,1
C004108,37,101.12,3667.0,4,0,52,month-to-month,electronic_check,dsl,0
C008513,3,71.03,173.18,2,1,3,month-to-month,electronic_check,fiber,0
C003255,14,40.05,580.09,2,0,61,month-to-month,mailed_check,fiber,0
C002690,53,23.17,1205.95,5,0,38,two-year,credit_card,dsl,0
C009512,35,84.58,2946.23,1,0,4,month-to-month,mailed_check,fiber,0
C006961,32,37.8,1247.29,1,0,6,month-to-month,bank_transfer,fiber,0
C001319,29,80.03,2351.37,2,0,68,month-to-month,mailed_check,dsl,0
C008882,20,67.85,1391.72,2,0,12,month-to-month,mailed_check,fiber,0
C009880,29,21.05,607.03,2,0,87,month-to-month,mailed_check,fiber,0
C005162,21,57.51,1217.75,2,0,84,month-to-month,mailed_check,fiber,0
C005829,33,63.34,2073.31,3,0,71,one-year,electronic_check,fiber,0
C007953,4,73.46,322.47,4,0,51,one-year,electronic_check,fiber,0
C005958,45,69.19,3183.24,2,0,54,one-year,credit_card,dsl,0
C009271,4,100.13,372.65,1,0,16,one-year,credit_card,fiber,0
C003475,16,43.17,648.59,5,0,66,two-year,bank_transfer,dsl,0
C003505,64,47.94,3024.25,2,1,68,one-year,credit_card,fiber,0
C004749,27,33.32,929.3,3,0,1,month-to-month,mailed_check,fiber,0
C002477,13,47.46,632.77,5,0,52,one-year,electronic_check,fiber,0
C009490,17,96.57,1584.69,4,0,26,month-to-month,credit_card,fiber,0
C006615,2,34.48,0.0,5,2,9,month-to-month,mailed_check,fiber,0
C007413,24,114.91,2819.03,3,0,45,two-year,bank_transfer,dsl,0
C007586,60,25.96,1532.18,5,1,48,month-to-month,credit_card,fiber,0
C005344,21,59.16,1225.6,4,0,72,one-year,mailed_check,dsl,0
C009863,46,35.19,1630.39,5,0,89,two-year,credit_card,dsl,0
C007111,58,62.94,3721.51,4,0,70,one-year,mailed_check,fiber,0
C001874,30,42.64,1289.07,1,0,37,month-to-month,mailed_check,fiber,0
C008516,37,54.02,1938.29,4,0,22,month-to-month,mailed_check,fiber,0
C005270,14,89.65,1308.64,2,0,88,month-to-month,bank_transfer,fiber,0
C005096,45,23.62,1137.11,1,1,61,one-year,electronic_check,fiber,0
C002904,47,115.48,5361.08,4,0,31,month-to-month,bank_transfer,none,0
C000570,69,34.8,2422.52,1,1,76,month-to-month,credit_card,fiber,0
C001448,54,88.37,4812.28,3,0,54,two-year,mailed_check,none,0
C005964,54,73.63,3962.88,3,0,77,two-year,mailed_check,dsl,0
C006242,67,70.05,4733.95,1,0,18,two-year,credit_card,none,0
C006347,71,25.72,1836.08,1,0,15,month-to-month,mailed_check,dsl,0
C007874,21,56.25,1196.38,5,0,54,month-to-month,credit_card,fiber,0
C009816,18,95.86,1690.8,4,0,33,month-to-month,electronic_check,dsl,0
C003226,42,89.81,3808.55,5,0,53,month-to-month,electronic_check,fiber,0
C009744,38,113.85,4274.93,4,1,38,month-to-month,mailed_check,dsl,0
C003978,40,91.69,3738.52,1,0,67,one-year,credit_card,fiber,0
C004383,41,112.8,4611.91,1,2,46,two-year,mailed_check,fiber,0
C007856,8,23.8,152.05,4,0,27,month-to-month,bank_transfer,fiber,0
C003539,60,45.71,2758.22,1,0,43,one-year,credit_card,fiber,0
C005682,28,101.42,2838.08,2,1,61,one-year,bank_transfer,none,0
C002827,68,34.66,2396.53,1,0,53,one-year,mailed_check,dsl,0
C007658,46,114.83,5315.67,4,0,12,month-to-month,bank_transfer,dsl,0
C004996,54,50.93,2750.69,5,1,83,month-to-month,mailed_check,fiber,0
C001338,56,35.09,2009.25,2,1,18,one-year,credit_card,none,0
C003262,54,102.75,5582.32,5,0,52,two-year,credit_card,fiber,0
C006386,36,34.02,1292.25,2,0,17,one-year,credit_card,none,0
C007951,15,32.91,504.61,2,0,39,month-to-month,credit_card,fiber,0
C000650,36,108.34,3960.58,4,2,33,month-to-month,bank_transfer,none,0
C002902,63,114.52,7199.54,5,0,19,month-to-month,bank_transfer,dsl,0
C002258,1,91.17,86.51,1,0,71,one-year,electronic_check,fiber,1
C007402,7,85.05,599.92,5,0,17,one-year,bank_transfer,dsl,0
C003521,24,56.57,1317.36,4,0,89,month-to-month,bank_transfer,none,0
C002730,70,85.49,5920.56,3,0,7,two-year,bank_transfer,fiber,0
C005496,56,54.42,2965.98,2,0,58,month-to-month,credit_card,fiber,0
C004478,63,52.15,3290.01,4,1,16,month-to-month,bank_transfer,fiber,0
C001596,48,44.44,2137.01,4,0,3,month-to-month,bank_transfer,fiber,0
C007066,1,36.83,67.72,1,0,67,one-year,electronic_check,dsl,0
C002584,26,75.45,1862.33,1,0,77,one-year,bank_transfer,dsl,0
C005441,37,58.1,2055.4,1,0,55,month-to-month,electronic_check,dsl,0
C003196,17,82.47,1376.57,1,0,58,month-to-month,bank_transfer,fiber,0
C008523,64,42.37,2748.07,3,0,87,month-to-month,mailed_check,fiber,0
C007682,63,23.49,1528.45,5,0,75,month-to-month,electronic_check,dsl,0
C005376,13,76.55,1032.26,3,0,58,two-year,mailed_check,fiber,0
C001258,39,68.22,2622.15,2,0,18,two-year,bank_transfer,fiber,0
C005277,60,66.91,4042.54,5,0,61,month-to-month,credit_card,fiber,0
C000991,40,88.78,3624.69,2,0,13,month-to-month,mailed_check,dsl,0
C003504,2,88.11,203.61,1,1,46,month-to-month,bank_transfer,fiber,0
C000113,34,113.6,3840.0,4,1,68,one-year,mailed_check,fiber,0
C000919,46,49.29,2267.82,1,1,25,month-to-month,credit_card,none,0
C002509,9,78.36,696.32,3,1,42,two-year,electronic_check,dsl,0
C009404,55,112.95,6202.07,3,0,19,month-to-month,bank_transfer,dsl,0
C000165,59,93.35,5487.64,3,1,29,month-to-month,mailed_check,dsl,0
C005263,36,44.33,1612.52,2,1,42,one-year,bank_transfer,dsl,0
C004603,55,59.2,3180.37,3,1,64,month-to-month,credit_card,dsl,0
C000949,21,85.2,1750.53,5,0,44,month-to-month,credit_card,fiber,0
C004594,45,69.33,3153.86,5,1,0,two-year,mailed_check,fiber,0
C005727,8,81.19,706.19,4,0,33,two-year,bank_transfer,fiber,0
C003770,31,30.29,926.71,2,0,0,month-to-month,electronic_check,none,0
C002506,34,116.45,4073.84,1,0,34,one-year,mailed_check,dsl,0
C005107,69,114.73,7891.4,2,0,36,month-to-month,credit_card,none,0
C002850,15,74.7,1190.64,5,0,80,one-year,electronic_check,fiber,0
C006485,67,71.93,4831.58,2,0,85,one-year,bank_transfer,fiber,0
C005362,42,39.33,1696.42,5,0,27,two-year,electronic_check,fiber,0
C007442,41,63.19,2711.9,1,1,31,month-to-month,bank_transfer,none,0
C004446,23,74.27,1675.76,1,1,2,month-to-month,credit_card,none,0
C004460,8,107.72,824.74,5,1,41,two-year,bank_transfer,fiber,0
C009513,30,83.33,2472.66,2,0,38,month-to-month,credit_card,none,0
C002505,9,93.56,820.72,5,0,64,two-year,bank_transfer,fiber,0
C001114,14,61.16,932.56,5,1,63,two-year,bank_transfer,fiber,0
C008397,13,59.12,690.82,4,1,49,month-to-month,mailed_check,fiber,0
C000298,21,46.23,1018.54,2,1,5,month-to-month,bank_transfer,fiber,0
C001675,71,33.72,2484.63,2,0,87,month-to-month,credit_card,none,0
C003347,10,34.09,268.25,2,0,1,month-to-month,credit_card,fiber,0
C002735,11,59.67,695.1,5,1,84,one-year,electronic_check,none,0
C007819,60,73.0,4314.42,5,0,40,month-to-month,mailed_check,fiber,0
C004988,68,53.95,3635.82,4,0,76,month-to-month,credit_card,fiber,0
C009894,35,61.56,2064.54,4,0,16,month-to-month,credit_card,fiber,0
C005817,67,92.67,6265.09,3,1,64,month-to-month,electronic_check,dsl,0
C004325,29,73.01,2095.72,1,0,55,month-to-month,bank_transfer,fiber,0
C006719,49,118.34,5828.84,2,0,3,one-year,bank_transfer,dsl,0
C008786,18,76.1,1391.74,1,0,15,one-year,mailed_check,dsl,0
C004550,4,111.92,452.41,4,2,9,two-year,credit_card,none,0
C008572,66,115.91,7633.41,1,0,63,month-to-month,electronic_check,dsl,1
C007847,67,99.7,6652.5,2,0,66,month-to-month,mailed_check,dsl,0
C002103,10,26.23,335.61,2,1,78,one-year,electronic_check,dsl,0
C005813,70,90.27,6267.42,4,0,47,one-year,bank_transfer,dsl,1
C009104,17,106.3,1824.21,2,0,37,one-year,electronic_check,fiber,0
C007453,70,90.67,6349.51,4,0,38,two-year,credit_card,dsl,0
C001837,22,83.62,1893.09,5,0,8,month-to-month,electronic_check,dsl,0
C007902,25,98.59,2451.18,2,0,16,month-to-month,bank_transfer,fiber,0
C008318,17,96.04,1739.8,5,0,6,month-to-month,electronic_check,none,0
C008723,40,94.77,3740.13,5,1,31,one-year,bank_transfer,none,0
C000607,38,79.8,3060.57,5,0,5,month-to-month,bank_transfer,dsl,0
C008374,66,113.58,7486.4,1,0,25,month-to-month,electronic_check,none,0
C001093,29,80.7,2327.45,5,0,23,month-to-month,bank_transfer,fiber,0
C006387,51,90.61,4599.62,4,0,59,two-year,electronic_check,fiber,0
C006505,20,50.17,1067.49,2,1,47,month-to-month,bank_transfer,fiber,0
C008964,63,104.06,6537.71,2,0,7,one-year,mailed_check,dsl,0
C004487,19,71.1,1261.64,2,0,10,month-to-month,mailed_check,dsl,1
C000160,72,119.12,8522.87,4,1,69,month-to-month,credit_card,fiber,0
C000203,51,65.92,3281.8,4,1,15,two-year,bank_transfer,dsl,0
C007040,39,26.96,1010.6,2,1,42,month-to-month,credit_card,fiber,0
C005893,24,66.38,1519.11,1,0,60,two-year,electronic_check,fiber,0
C004933,60,40.49,2430.68,1,0,44,one-year,credit_card,fiber,0
C002934,59,82.29,4843.13,1,0,30,two-year,credit_card,none,0
C007322,66,30.37,2017.78,2,0,35,one-year,bank_transfer,fiber,0
C002435,41,63.41,2555.75,4,0,35,month-to-month,bank_transfer,dsl,0
C001230,60,110.79,6702.16,2,1,84,month-to-month,mailed_check,fiber,0
C008675,2,119.55,351.41,5,0,40,two-year,electronic_check,none,1
C003046,53,91.52,4887.66,4,0,4,one-year,credit_card,fiber,0
C009654,71,28.19,1999.09,3,0,89,one-year,bank_transfer,dsl,0
C008419,15,73.66,1185.44,3,0,2,month-to-month,credit_card,fiber,0
C007666,41,26.78,1132.14,3,0,48,month-to-month,credit_card,dsl,0
C006407,47,57.24,2706.22,4,0,52,one-year,credit_card,fiber,0
C004251,28,54.29,1512.39,3,0,29,month-to-month,mailed_check,none,0
C005577,68,62.11,4196.8,5,0,36,one-year,electronic_check,fiber,0
C003293,21,20.86,385.07,4,0,86,month-to-month,credit_card,fiber,1
C004034,31,66.24,2074.46,2,0,39,two-year,electronic_check,dsl,0
C008112,14,25.25,284.93,1,0,14,one-year,bank_transfer,dsl,0
C004290,5,60.52,327.02,1,1,44,two-year,mailed_check,dsl,0
C004334,67,85.67,5727.81,4,1,64,one-year,mailed_check,none,0
C005931,40,98.88,3900.98,1,2,74,two-year,bank_transfer,fiber,0
C003877,18,89.04,1549.15,5,0,10,two-year,credit_card,fiber,0
C005428,3,62.59,244.19,2,0,72,one-year,electronic_check,none,0
C004753,63,22.02,1369.49,2,1,35,one-year,mailed_check,dsl,0
C004886,50,94.83,4721.77,2,0,84,two-year,electronic_check,fiber,0
C000857,5,71.37,367.78,4,0,15,month-to-month,mailed_check,dsl,0
C008233,43,85.29,3606.34,1,1,24,month-to-month,bank_transfer,fiber,0
C008375,10,110.75,1106.42,1,1,8,one-year,electronic_check,dsl,0
C002561,26,49.32,1258.53,4,0,66,one-year,mailed_check,dsl,0
C003801,42,48.01,1980.89,4,1,14,month-to-month,credit_card,dsl,0
C002640,18,23.09,367.29,4,1,42,month-to-month,mailed_check,dsl,0
C009663,22,71.25,1658.85,1,0,74,month-to-month,electronic_check,fiber,0
C004490,14,59.67,861.6,2,0,41,month-to-month,bank_transfer,fiber,0
C002347,55,67.67,3658.03,4,2,86,month-to-month,credit_card,none,0
C000649,62,38.27,2285.29,2,0,53,one-year,electronic_check,dsl,0
C002781,68,49.47,3305.0,1,0,41,two-year,bank_transfer,fiber,0
C005652,5,101.66,526.54,5,0,24,month-to-month,bank_transfer,dsl,0
C008543,35,46.62,1566.94,5,0,16,two-year,credit_card,dsl,0
C008677,37,53.09,1931.68,1,0,57,two-year,mailed_check,fiber,0
C006433,26,104.77,2618.4,2,2,39,one-year,mailed_check,none,0
C000615,47,42.68,2007.82,1,0,32,month-to-month,credit_card,fiber,0
C008448,60,108.49,6521.53,3,0,12,month-to-month,mailed_check,none,0
C002575,24,118.12,2841.86,5,0,24,month-to-month,credit_card,none,0
C000053,34,32.03,1130.98,5,0,84,one-year,bank_transfer,fiber,0
C003340,39,36.37,1467.97,4,0,30,month-to-month,credit_card,none,0
C007037,40,73.18,2945.7,3,0,81,month-to-month,credit_card,dsl,0
C001705,62,69.42,4268.2,1,0,70,one-year,mailed_check,none,0
C009060,49,35.3,1664.66,5,0,65,two-year,credit_card,none,0
C009352,3,77.31,260.16,4,0,52,one-year,electronic_check,none,0
C001493,24,36.05,795.74,1,0,19,month-to-month,mailed_check,dsl,0
C009963,17,117.67,2072.44,1,0,21,month-to-month,bank_transfer,fiber,0
C005632,38,118.99,4475.35,3,0,25,month-to-month,credit_card,dsl,0
C000803,67,76.44,5051.03,5,0,80,two-year,mailed_check,dsl,0
C004953,11,68.65,650.36,3,0,62,month-to-month,mailed_check,dsl,0
C006933,45,83.55,3720.1,2,0,45,one-year,mailed_check,fiber,0
C007104,21,80.89,1692.59,5,0,85,two-year,electronic_check,dsl,0
C000990,25,30.82,814.18,3,1,31,month-to-month,electronic_check,none,0
C002774,40,88.41,3456.44,3,1,5,one-year,mailed_check,fiber,0
C007470,53,93.31,4935.18,1,2,60,month-to-month,electronic_check,dsl,0
C006419,7,114.21,819.73,1,1,63,month-to-month,electronic_check,none,0
C003513,11,116.0,1315.07,3,1,67,two-year,mailed_check,dsl,1
C005478,7,39.7,331.51,5,0,39,one-year,electronic_check,dsl,0
C008400,50,42.53,2106.25,1,0,88,one-year,bank_transfer,fiber,0
C000219,65,32.27,2113.68,4,0,83,month-to-month,electronic_check,fiber,0
C006969,51,53.22,2744.86,5,1,65,one-year,mailed_check,fiber,0
C001288,8,53.45,444.33,5,0,60,one-year,electronic_check,none,0
C003163,23,42.23,1012.11,2,0,72,month-to-month,mailed_check,none,0
C004678,48,60.4,2930.06,4,2,87,one-year,credit_card,fiber,0
C002618,48,92.62,4436.12,5,0,6,month-to-month,credit_card,dsl,0
C003612,44,84.28,3677.83,2,0,68,one-year,mailed_check,dsl,0
C000043,26,59.8,1567.18,2,0,52,two-year,bank_transfer,none,0
C008094,25,59.01,1504.98,3,0,19,one-year,electronic_check,none,0
C008372,47,23.62,1060.0,4,0,86,one-year,credit_card,fiber,0
C003792,19,53.08,967.89,5,0,21,month-to-month,electronic_check,fiber,0
C003571,61,114.37,6977.04,1,0,74,month-to-month,credit_card,none,1
C009980,33,22.56,759.11,4,0,82,month-to-month,credit_card,fiber,0
C001503,24,107.75,2578.58,4,0,12,one-year,bank_transfer,dsl,0
C005556,8,59.41,407.92,1,0,67,one-year,mailed_check,dsl,0
C009830,5,62.45,314.18,3,1,74,month-to-month,bank_transfer,dsl,0
C003439,60,37.22,2349.62,5,0,24,one-year,electronic_check,dsl,0
C001892,64,26.38,1646.06,5,1,32,one-year,mailed_check,dsl,0
C009323,66,53.63,3549.78,5,0,50,one-year,mailed_check,fiber,0
C005255,25,50.66,1319.13,4,0,7,month-to-month,bank_transfer,fiber,0
C001955,29,67.72,2005.23,3,0,45,month-to-month,bank_transfer,fiber,0
C005167,15,102.64,1576.62,5,0,44,month-to-month,credit_card,fiber,1
C004814,54,116.69,6331.59,5,0,81,two-year,credit_card,fiber,0
C006264,39,26.2,1010.76,4,0,4,two-year,credit_card,dsl,0
C001505,18,24.07,528.12,5,0,56,month-to-month,bank_transfer,fiber,0
C000670,69,81.52,5590.89,5,0,60,one-year,electronic_check,dsl,0
C008907,48,64.95,3251.56,5,0,63,month-to-month,mailed_check,fiber,0
C007055,12,75.78,903.98,3,0,39,two-year,mailed_check,dsl,0
C000897,4,104.08,415.01,4,0,61,month-to-month,bank_transfer,dsl,0
C006178,58,112.08,6536.64,5,0,32,month-to-month,electronic_check,none,0
C002666,18,97.16,1773.65,2,1,56,two-year,credit_card,dsl,0
C003193,14,112.46,1533.85,4,0,32,month-to-month,electronic_check,none,0
C002890,11,73.55,808.12,5,1,51,one-year,bank_transfer,dsl,0
C007773,72,22.83,1536.29,2,0,72,one-year,electronic_check,none,0
C002621,29,94.19,2802.25,4,1,4,one-year,bank_transfer,dsl,0
C006008,6,53.88,300.54,2,0,82,month-to-month,bank_transfer,fiber,0
C005956,16,114.77,1810.36,5,1,77,month-to-month,electronic_check,dsl,1
C000002,48,96.69,4657.64,5,0,15,month-to-month,mailed_check,none,0
C002370,4,49.82,217.76,4,0,84,month-to-month,electronic_check,fiber,0
C007914,10,35.3,413.2,1,0,71,two-year,electronic_check,fiber,0
C001769,15,59.19,841.99,2,1,6,month-to-month,electronic_check,none,0
C008506,33,33.41,1128.21,4,0,24,one-year,credit_card,dsl,0
C006025,55,91.6,5055.35,3,0,49,month-to-month,electronic_check,dsl,0
C000531,12,104.14,1168.8,1,0,56,month-to-month,bank_transfer,dsl,0
C008724,68,104.81,7127.77,5,2,59,month-to-month,electronic_check,fiber,0
C008649,15,65.81,998.53,1,1,63,month-to-month,mailed_check,fiber,0
C007873,25,97.49,2290.07,3,0,60,month-to-month,credit_card,dsl,0
C008890,66,111.9,7368.08,4,0,8,one-year,credit_card,dsl,0
C003120,45,57.63,2538.83,2,0,43,one-year,credit_card,none,0
C009022,57,91.15,5141.02,2,0,78,month-to-month,credit_card,fiber,0
C000731,31,108.64,3408.85,5,1,3,month-to-month,credit_card,none,0
C003406,26,38.9,1084.89,1,0,35,month-to-month,credit_card,fiber,0
C002339,7,110.19,830.64,2,0,27,month-to-month,credit_card,fiber,1
C005967,44,114.42,5008.92,2,1,24,one-year,bank_transfer,dsl,0
C006580,34,69.49,2374.29,4,0,4,two-year,mailed_check,fiber,0
C002565,32,108.39,3488.56,4,0,6,month-to-month,credit_card,fiber,0
C007726,1,107.1,54.68,2,1,45,month-to-month,mailed_check,dsl,0
C007820,12,39.23,572.45,4,0,78,month-to-month,bank_transfer,fiber,0
C006713,41,55.14,2279.5,5,0,47,two-year,mailed_check,fiber,0
C006995,55,100.47,5458.24,2,0,82,month-to-month,credit_card,none,0
C006942,37,43.99,1664.37,3,0,46,two-year,electronic_check,fiber,0
C007794,3,39.36,132.75,3,0,32,one-year,credit_card,fiber,1
C008975,9,101.86,898.52,5,0,64,two-year,mailed_check,none,0
C001255,7,111.98,736.13,4,1,23,two-year,credit_card,dsl,0
C002104,63,47.05,2962.11,4,1,71,two-year,electronic_check,dsl,0
C006734,24,103.65,2543.93,5,0,54,two-year,credit_card,dsl,0
C009778,47,111.8,5248.28,5,0,2,month-to-month,bank_transfer,none,0
C006224,28,29.65,788.17,3,0,30,month-to-month,mailed_check,fiber,0
C009150,61,47.3,2908.99,3,0,31,two-year,mailed_check,fiber,0
C004994,47,55.59,2624.23,4,1,24,month-to-month,electronic_check,none,0
C008969,63,100.08,6321.13,4,0,1,month-to-month,credit_card,dsl,0
C006839,62,21.58,1415.8,2,0,79,one-year,mailed_check,fiber,0
C005057,60,58.81,3496.66,3,1,14,month-to-month,credit_card,none,0
C005846,9,90.66,901.4,2,0,42,month-to-month,bank_transfer,fiber,0
C004434,43,97.19,4162.26,1,1,50,two-year,mailed_check,none,0
C003484,30,97.36,2948.48,1,1,82,two-year,electronic_check,dsl,0
C009493,32,109.21,3632.77,5,1,62,month-to-month,electronic_check,none,0
C005318,55,117.43,6489.49,3,1,49,one-year,credit_card,fiber,0
C003816,33,106.34,3521.32,1,1,10,two-year,electronic_check,dsl,0
C005729,30,109.66,3280.69,1,0,60,one-year,bank_transfer,fiber,0
C008903,71,70.89,5007.9,4,0,5,one-year,credit_card,fiber,0
C007840,36,76.66,2779.46,5,0,46,month-to-month,mailed_check,dsl,0
C009889,39,65.75,2549.77,1,0,28,month-to-month,mailed_check,none,0
C001621,1,47.33,46.33,3,1,72,two-year,electronic_check,fiber,0
C009423,18,114.21,2041.61,5,0,54,month-to-month,electronic_check,fiber,1
C006307,9,107.54,1007.33,4,1,7,two-year,bank_transfer,none,0
C009304,33,113.11,3695.21,4,0,60,month-to-month,credit_card,fiber,1
C008902,42,84.77,3536.02,5,0,15,month-to-month,electronic_check,dsl,0
C001096,61,26.51,1612.02,4,1,13,month-to-month,electronic_check,fiber,0
C008057,35,76.63,2688.03,5,0,61,month-to-month,bank_transfer,fiber,0
C009481,16,87.47,1428.13,5,1,19,month-to-month,mailed_check,none,0
C002463,43,110.62,4756.21,2,1,15,month-to-month,electronic_check,dsl,0
C008289,35,119.97,4141.27,3,0,48,month-to-month,electronic_check,fiber,0
C001788,35,95.83,3328.8,2,1,6,month-to-month,credit_card,fiber,0
C000250,13,67.93,901.65,4,0,20,month-to-month,mailed_check,dsl,0
C009926,42,66.99,2760.32,2,0,28,month-to-month,mailed_check,dsl,0
C006191,4,31.73,91.28,1,0,22,one-year,mailed_check,none,0
C009650,22,79.83,1760.28,2,0,16,month-to-month,mailed_check,none,0
C000192,44,32.24,1411.32,1,0,21,one-year,electronic_check,none,0
C000820,2,89.59,111.14,2,1,31,month-to-month,credit_card,fiber,0
C009627,68,75.16,5155.97,4,0,80,month-to-month,mailed_check,fiber,0
C005714,69,81.47,5604.03,4,0,79,one-year,electronic_check,fiber,0
C007195,64,34.59,2141.38,1,1,20,one-year,credit_card,fiber,0
C005715,32,49.58,1610.96,5,0,86,month-to-month,bank_transfer,dsl,0
C004400,28,86.48,2382.17,1,0,47,month-to-month,mailed_check,fiber,0
C009290,42,108.34,4586.68,2,0,71,two-year,electronic_check,none,0
C005388,36,34.32,1262.55,4,0,31,month-to-month,credit_card,none,0
C004166,34,81.22,2824.19,4,1,16,month-to-month,electronic_check,fiber,0
C004951,4,119.43,500.41,5,0,46,one-year,credit_card,fiber,0
C002687,41,87.32,3603.84,3,0,38,month-to-month,mailed_check,fiber,0
C004390,14,82.95,1146.52,3,0,37,month-to-month,electronic_check,dsl,1
C005860,38,59.1,2145.95,1,0,5,month-to-month,bank_transfer,dsl,0
C005981,57,47.21,2658.74,1,0,10,month-to-month,mailed_check,none,0
C004927,43,23.36,1090.01,5,0,26,two-year,mailed_check,dsl,0
C006735,47,110.83,5300.75,5,0,64,one-year,electronic_check,fiber,0
C002607,19,26.52,496.01,5,0,74,month-to-month,electronic_check,none,0
C007466,48,48.8,2295.26,4,0,36,month-to-month,bank_transfer,fiber,0
C000238,23,63.76,1442.24,1,1,84,month-to-month,mailed_check,fiber,0
C004015,11,104.45,1116.16,1,1,9,month-to-month,mailed_check,dsl,0
C009262,11,40.25,402.61,3,0,1,month-to-month,electronic_check,none,0
C002977,65,115.84,7511.68,1,0,39,one-year,credit_card,dsl,0
C005712,34,69.75,2343.8,1,0,9,month-to-month,bank_transfer,fiber,0
C009856,24,81.47,1974.62,2,0,20,month-to-month,electronic_check,none,0
C005473,14,103.5,1537.68,2,0,14,one-year,bank_transfer,none,0
C000945,9,46.42,398.37,2,0,75,month-to-month,credit_card,fiber,0
C008251,11,21.3,177.08,1,0,47,two-year,electronic_check,none,0
C007681,50,51.6,2540.08,5,0,5,month-to-month,electronic_check,dsl,0
C005097,24,117.04,2772.22,2,0,13,month-to-month,electronic_check,none,0
C006805,38,87.35,3469.79,5,1,37,two-year,credit_card,fiber,0
C005803,68,26.14,1766.38,2,0,83,month-to-month,credit_card,fiber,0
C003552,68,99.92,6707.33,1,1,88,month-to-month,electronic_check,dsl,0
C009969,23,116.15,2582.75,4,0,49,two-year,mailed_check,none,0
C003360,71,37.18,2646.34,3,0,3,one-year,mailed_check,dsl,0
C008249,72,33.89,2398.81,3,1,25,month-to-month,credit_card,none,0
C002410,39,96.5,3790.14,5,2,32,month-to-month,bank_transfer,dsl,0
C004507,43,38.62,1669.54,1,0,15,month-to-month,credit_card,fiber,0
C008462,50,76.36,3780.83,1,2,13,month-to-month,credit_card,fiber,0
C003982,49,83.87,4178.74,5,0,31,month-to-month,credit_card,none,0
C000146,3,109.59,377.3,1,0,30,month-to-month,credit_card,fiber,1
C006648,40,53.89,2040.07,2,0,46,month-to-month,mailed_check,fiber,0
C002294,52,84.62,4416.5,5,0,44,one-year,electronic_check,none,0
C002253,37,81.09,2948.2,3,0,34,two-year,credit_card,dsl,0
C003611,50,92.93,4618.08,5,0,72,month-to-month,bank_transfer,dsl,0
C005353,34,94.25,3231.01,2,0,72,two-year,electronic_check,fiber,0
C001736,37,21.47,776.87,1,0,8,two-year,electronic_check,none,0
C007915,69,113.42,7838.03,3,1,10,two-year,electronic_check,dsl,0
C007659,45,42.17,1917.6,4,0,9,month-to-month,bank_transfer,fiber,0
C000114,37,31.67,1145.97,4,0,57,month-to-month,mailed_check,dsl,0
C008860,70,65.25,4562.92,2,0,15,month-to-month,electronic_check,dsl,0
C005649,71,43.14,3003.85,2,0,46,two-year,bank_transfer,none,0
C009844,53,23.79,1264.84,5,0,10,month-to-month,mailed_check,dsl,0
C000498,67,22.35,1489.56,3,0,84,month-to-month,mailed_check,none,0
C007822,3,26.5,108.51,3,0,41,two-year,credit_card,none,0
C000720,11,96.34,1001.44,2,0,1,two-year,electronic_check,fiber,0
C007258,11,51.2,557.45,1,0,21,month-to-month,credit_card,dsl,0
C008843,13,81.1,1076.95,3,1,2,one-year,bank_transfer,fiber,0
C005730,61,71.93,4368.9,3,1,23,month-to-month,mailed_check,dsl,0
C003089,34,30.2,1040.65,5,0,50,one-year,mailed_check,fiber,0
C007226,2,21.3,67.68,1,0,65,month-to-month,bank_transfer,dsl,0
C007306,39,51.97,2034.17,1,0,24,month-to-month,mailed_check,dsl,1
C006508,49,105.98,5214.92,3,1,78,two-year,electronic_check,dsl,0
C000596,42,111.53,4699.88,3,0,51,month-to-month,mailed_check,dsl,0
C009092,51,113.34,5735.75,4,0,55,month-to-month,credit_card,none,0
C006095,47,101.61,4814.33,1,0,32,one-year,bank_transfer,dsl,0
C006053,20,61.88,1211.82,4,0,15,month-to-month,electronic_check,fiber,0
C005164,26,30.77,894.36,3,1,29,month-to-month,credit_card,dsl,0
C001647,48,22.57,1126.32,2,0,43,month-to-month,electronic_check,none,0
C008167,23,50.31,1225.15,4,3,75,one-year,mailed_check,fiber,0
C006920,19,94.15,1855.01,5,0,40,two-year,bank_transfer,dsl,0
C002700,64,36.0,2334.17,4,1,10,one-year,mailed_check,fiber,0
C008203,48,45.95,2231.06,5,0,50,month-to-month,mailed_check,none,0
C001700,20,43.41,830.58,4,0,50,two-year,mailed_check,dsl,0
C008943,21,40.7,960.09,3,0,80,month-to-month,credit_card,dsl,0
C005404,2,40.99,122.97,3,1,4,two-year,bank_transfer,fiber,0
C007219,17,89.13,1495.66,5,0,27,one-year,credit_card,dsl,0
C007502,54,44.27,2417.85,2,0,80,month-to-month,mailed_check,dsl,0
C002942,55,88.79,4946.81,3,0,29,two-year,electronic_check,dsl,0
C006301,1,118.76,149.29,1,1,0,two-year,electronic_check,dsl,1
C000086,8,98.39,766.26,3,0,24,month-to-month,bank_transfer,none,0
C002308,23,32.64,773.32,1,0,82,month-to-month,mailed_check,fiber,0
C002677,64,116.37,7449.01,4,0,13,one-year,credit_card,dsl,0
C008216,43,113.64,4909.82,5,0,76,month-to-month,electronic_check,fiber,1
C007729,69,84.9,5881.72,4,1,51,month-to-month,mailed_check,fiber,1
C002594,23,81.62,1921.17,4,1,27,month-to-month,bank_transfer,dsl,0
C005884,10,109.5,1110.51,1,0,61,one-year,bank_transfer,dsl,0
C001029,25,37.38,953.08,3,0,78,two-year,bank_transfer,fiber,0
C000136,44,25.54,1178.76,2,1,22,one-year,electronic_check,dsl,0
C006831,17,41.05,688.39,2,0,51,one-year,mailed_check,none,0
C007814,34,40.68,1342.19,1,0,7,month-to-month,mailed_check,dsl,0
C002854,53,46.13,2427.5,3,0,36,month-to-month,electronic_check,dsl,0
C004409,24,84.6,2030.84,2,0,63,two-year,bank_transfer,fiber,0
C001200,64,70.59,4506.1,2,1,39,one-year,credit_card,fiber,0
C004717,72,28.62,2064.8,2,0,55,one-year,electronic_check,dsl,0
C009517,5,24.24,265.96,3,0,54,two-year,bank_transfer,dsl,0
C006594,69,61.67,4193.3,2,0,69,two-year,electronic_check,fiber,0
C000566,17,86.23,1436.68,1,0,42,month-to-month,mailed_check,fiber,1
C007328,29,42.37,1149.77,2,2,37,one-year,mailed_check,fiber,0
C005430,70,20.39,1354.06,2,1,72,two-year,credit_card,fiber,0
C003927,12,116.28,1430.96,1,0,30,two-year,electronic_check,none,0
C006055,62,93.91,5816.54,1,0,12,month-to-month,credit_card,dsl,0
C007589,41,97.07,4018.24,5,0,69,month-to-month,electronic_check,dsl,0
C007122,44,39.92,1743.21,2,1,10,month-to-month,mailed_check,fiber,0
C006572,3,52.25,193.09,1,1,71,month-to-month,bank_transfer,none,0
C006535,55,44.18,2377.18,2,0,30,month-to-month,electronic_check,dsl,0
C008913,11,30.24,419.55,5,0,10,one-year,credit_card,fiber,0
C008275,62,114.8,7045.16,2,0,74,month-to-month,mailed_check,none,0
C002330,5,41.15,135.33,3,0,11,two-year,credit_card,fiber,0
C003515,71,76.22,5331.91,5,0,17,one-year,credit_card,none,0
C002187,19,52.49,992.95,3,0,53,two-year,mailed_check,fiber,0
C000195,7,117.42,901.43,5,1,38,month-to-month,credit_card,dsl,0
C007257,47,20.42,958.51,3,1,83,two-year,mailed_check,none,0
C005666,15,49.5,651.92,5,0,44,month-to-month,credit_card,fiber,0
C005059,46,117.17,5446.62,1,0,76,two-year,credit_card,none,0
C000802,38,96.03,3598.46,1,0,32,one-year,mailed_check,none,0
C008848,26,107.68,2844.69,3,1,58,month-to-month,bank_transfer,dsl,0
C009928,16,65.77,998.59,2,0,21,two-year,bank_transfer,none,0
C002068,24,62.7,1529.58,4,0,75,one-year,electronic_check,none,0
C009082,14,54.0,800.65,4,0,26,month-to-month,credit_card,none,0
C008744,30,75.32,2248.88,5,0,4,one-year,mailed_check,fiber,0
C000644,56,82.27,4592.02,1,1,40,month-to-month,credit_card,fiber,0
C009374,21,36.88,737.82,4,0,42,two-year,mailed_check,fiber,0
C005103,36,100.66,3605.92,4,0,75,two-year,electronic_check,dsl,0
C005460,65,117.32,7774.25,1,0,66,two-year,mailed_check,fiber,0
C001637,45,90.24,4069.61,2,1,52,one-year,electronic_check,dsl,0
C000120,32,82.26,2647.09,3,0,75,month-to-month,credit_card,dsl,0
C002981,5,109.62,539.02,2,0,32,month-to-month,bank_transfer,fiber,1
C005069,69,30.56,2124.51,2,0,18,month-to-month,mailed_check,fiber,0
C003074,42,118.47,4946.25,3,0,49,one-year,electronic_check,none,0
C008927,70,52.46,3683.2,3,0,47,one-year,mailed_check,fiber,0
C003278,72,112.57,8124.29,4,0,61,one-year,bank_transfer,none,0
C002135,50,87.68,4360.83,5,0,41,two-year,mailed_check,dsl,0
C008941,66,54.26,3668.07,2,0,81,two-year,credit_card,dsl,0
C004970,62,92.28,5785.18,5,0,63,one-year,credit_card,dsl,0
C006195,29,81.08,2383.17,2,0,23,month-to-month,mailed_check,none,0
C000134,58,107.45,6178.61,1,0,17,one-year,bank_transfer,fiber,0
C007731,24,29.94,722.25,2,1,0,month-to-month,electronic_check,dsl,0
C005324,66,41.81,2703.58,2,0,20,month-to-month,bank_transfer,fiber,0
C009640,26,84.24,2163.36,5,0,46,one-year,mailed_check,none,0
C006160,18,38.86,651.57,1,1,20,one-year,mailed_check,fiber,0
C002559,43,109.34,4689.02,1,0,47,one-year,electronic_check,dsl,0
C000062,27,50.21,1383.17,1,0,49,month-to-month,bank_transfer,none,0
C001358,8,70.8,602.06,1,0,68,month-to-month,electronic_check,dsl,0
C006725,43,25.21,1185.59,4,0,76,month-to-month,bank_transfer,dsl,0
C002467,49,38.02,1858.4,5,0,75,two-year,bank_transfer,dsl,0
C000679,68,57.0,3806.47,4,0,60,month-to-month,electronic_check,dsl,0
C006797,50,54.04,2661.59,4,1,60,one-year,bank_transfer,dsl,0
C000741,55,84.03,4613.47,1,0,20,month-to-month,mailed_check,dsl,0
C005307,54,32.3,1668.17,2,0,35,two-year,bank_transfer,fiber,0
C007627,5,47.37,314.99,5,1,41,month-to-month,electronic_check,dsl,0
C003641,67,118.96,7904.71,5,0,49,month-to-month,credit_card,dsl,0
C000444,37,116.05,4265.98,1,0,79,one-year,electronic_check,none,0
C008140,56,90.07,4974.97,5,0,78,month-to-month,credit_card,dsl,0
C003258,41,95.95,3955.49,1,1,23,two-year,bank_transfer,none,0
C004663,28,103.47,2839.73,1,0,24,one-year,electronic_check,none,0
C001873,68,55.01,3754.51,5,0,79,month-to-month,bank_transfer,none,0
C006366,60,37.17,2265.45,3,0,71,one-year,credit_card,fiber,0
C002596,37,49.93,1806.68,1,1,21,month-to-month,bank_transfer,dsl,0
C001717,28,104.06,2895.31,4,0,44,one-year,credit_card,none,0
C002912,34,61.09,2067.13,1,1,36,month-to-month,mailed_check,fiber,0
C002843,35,79.99,2833.58,2,0,14,month-to-month,credit_card,fiber,0
C004027,32,102.7,3275.43,1,0,67,month-to-month,mailed_check,fiber,1
C005488,62,119.35,7509.46,3,0,3,month-to-month,electronic_check,fiber,0
C008634,59,95.17,5586.2,5,0,5,two-year,electronic_check,none,0
C008037,7,82.15,591.85,4,0,21,month-to-month,mailed_check,fiber,0
C009232,42,99.57,4138.33,4,1,70,month-to-month,mailed_check,fiber,0
C000489,44,94.59,4182.58,1,0,32,two-year,electronic_check,none,0
C000493,44,52.34,2358.05,5,0,89,month-to-month,credit_card,fiber,1
C000690,72,74.56,5369.18,3,0,41,month-to-month,bank_transfer,fiber,0
C003821,1,60.01,79.46,2,0,43,two-year,credit_card,fiber,0
C000602,54,109.73,5937.04,1,0,1,month-to-month,credit_card,none,0
C001911,64,80.28,5138.76,5,0,12,month-to-month,mailed_check,none,0
C001014,38,32.05,1198.65,3,0,52,one-year,credit_card,fiber,0
C006156,7,110.59,694.2,1,0,51,month-to-month,electronic_check,fiber,0
C001993,47,71.86,3314.23,4,0,24,month-to-month,electronic_check,fiber,0
C005769,40,99.62,4009.08,2,0,84,month-to-month,bank_transfer,fiber,0
C003757,40,36.61,1515.39,4,1,9,month-to-month,mailed_check,dsl,0
C002366,25,36.94,929.88,3,0,54,month-to-month,mailed_check,fiber,0
C005283,55,115.54,6360.68,4,1,74,one-year,bank_transfer,fiber,0
C004370,41,108.85,4534.88,5,1,84,two-year,bank_transfer,dsl,0
C006883,14,114.94,1595.55,4,0,42,month-to-month,bank_transfer,dsl,1
C007011,41,25.28,1081.22,4,0,82,month-to-month,mailed_check,fiber,0
C001361,5,83.94,353.58,5,0,26,month-to-month,bank_transfer,dsl,0
C008461,71,69.98,4997.08,1,0,34,month-to-month,electronic_check,fiber,0
C001526,23,50.27,1146.9,5,0,37,month-to-month,credit_card,dsl,0
C001327,7,77.9,532.41,5,1,77,month-to-month,bank_transfer,none,0
C008507,39,98.2,3799.3,4,0,22,one-year,electronic_check,fiber,0
C009031,22,89.05,1958.17,4,0,15,month-to-month,mailed_check,dsl,0
C001551,62,44.03,2696.52,2,0,80,month-to-month,credit_card,fiber,0
C007769,71,33.48,2468.57,2,0,65,month-to-month,bank_transfer,fiber,0
C009908,46,62.02,2755.1,3,0,21,two-year,electronic_check,fiber,0
C001337,22,53.69,1156.5,3,0,72,one-year,bank_transfer,none,0
C003901,69,110.15,7608.87,4,0,68,two-year,credit_card,fiber,0
C003010,27,116.59,3077.33,2,0,25,month-to-month,electronic_check,dsl,0
C005041,12,69.95,868.23,2,0,27,one-year,bank_transfer,fiber,0
C008825,54,87.77,4759.26,1,1,48,month-to-month,mailed_check,fiber,0
C002250,37,73.48,2648.63,4,0,68,month-to-month,bank_transfer,fiber,0
C006533,14,92.73,1352.14,4,0,11,two-year,credit_card,fiber,0
C005039,16,73.63,1267.51,2,1,20,one-year,credit_card,dsl,0
C002346,24,53.98,1305.8,5,0,72,one-year,credit_card,dsl,0
C009282,9,94.47,794.68,4,1,58,month-to-month,electronic_check,fiber,0
C005485,13,83.52,1182.29,4,1,56,one-year,bank_transfer,none,0
C002784,66,57.89,3796.25,3,0,4,month-to-month,credit_card,dsl,0
C005119,3,51.24,122.43,2,1,16,one-year,bank_transfer,fiber,0
C007550,26,73.42,1847.22,4,0,70,month-to-month,mailed_check,fiber,0
C005555,38,111.97,4249.95,3,0,53,month-to-month,credit_card,fiber,0
C005599,56,109.79,6098.05,4,0,81,month-to-month,mailed_check,fiber,0
C007630,23,53.48,1222.7,3,1,23,month-to-month,credit_card,fiber,0
C000150,62,85.84,5401.64,1,0,51,month-to-month,bank_transfer,none,0
C002804,13,42.28,544.57,5,0,79,month-to-month,mailed_check,fiber,0
C005874,52,119.56,6222.22,4,0,64,one-year,mailed_check,fiber,0
C002086,53,94.57,5086.56,3,0,78,month-to-month,bank_transfer,fiber,0
C003751,58,61.39,3578.26,1,0,52,month-to-month,bank_transfer,none,0
C005612,47,107.98,5061.16,4,0,31,one-year,electronic_check,dsl,0
C002259,72,25.1,1793.22,2,0,6,two-year,credit_card,dsl,0
C004017,11,59.19,617.96,4,0,36,one-year,credit_card,none,0
C006113,45,62.51,2815.19,5,0,5,month-to-month,bank_transfer,dsl,0
C006058,47,113.59,5348.36,5,0,28,two-year,bank_transfer,dsl,0
C002424,26,94.88,2349.04,4,2,89,month-to-month,mailed_check,dsl,1
C008034,59,20.45,1251.28,5,0,78,month-to-month,credit_card,none,0
C003856,26,108.21,2824.81,2,0,68,one-year,bank_transfer,fiber,0
C000859,58,45.25,2608.3,1,1,27,two-year,mailed_check,none,0
C008170,64,119.24,7581.7,4,0,62,month-to-month,credit_card,fiber,0
C007591,48,107.13,5202.2,3,0,20,month-to-month,electronic_check,fiber,0
C008097,27,37.49,1001.9,4,1,76,month-to-month,mailed_check,fiber,0
C007320,16,66.29,1118.53,1,1,68,month-to-month,bank_transfer,dsl,1
C008563,26,57.64,1511.69,4,0,31,month-to-month,mailed_check,fiber,0
C004739,38,85.95,3305.38,3,2,26,month-to-month,mailed_check,fiber,0
C008594,13,99.59,1251.67,2,0,88,one-year,bank_transfer,fiber,0
C004462,43,47.37,2135.5,2,2,23,month-to-month,bank_transfer,dsl,0
C005528,2,30.95,28.21,4,0,5,month-to-month,credit_card,fiber,0
C001364,40,106.92,4273.21,3,1,46,two-year,bank_transfer,fiber,1
C001779,50,92.29,4580.76,2,0,1,month-to-month,electronic_check,dsl,0
C009221,63,51.78,3251.89,5,0,34,two-year,bank_transfer,dsl,0
C004785,26,83.84,2238.3,1,0,67,month-to-month,credit_card,none,0
C006334,5,30.62,189.86,5,1,9,two-year,mailed_check,dsl,0
C001818,10,32.35,330.25,1,0,82,month-to-month,credit_card,dsl,0
C007799,14,83.68,1181.08,5,1,66,month-to-month,mailed_check,none,1
C004937,43,47.28,1975.79,1,0,63,month-to-month,bank_transfer,fiber,0
C002704,5,62.74,351.07,4,0,48,month-to-month,mailed_check,none,0
C005285,42,38.51,1574.51,3,0,23,month-to-month,bank_transfer,dsl,0
C000175,34,24.85,879.34,4,0,17,month-to-month,mailed_check,none,0
C007481,16,84.6,1379.19,2,0,51,two-year,mailed_check,dsl,0
C002093,15,96.9,1296.81,3,0,49,month-to-month,mailed_check,dsl,1
C008750,16,82.07,1322.14,5,0,10,one-year,bank_transfer,dsl,0
C003491,46,113.17,5250.5,5,0,11,two-year,electronic_check,fiber,0
C001920,29,95.12,2763.93,2,0,35,one-year,electronic_check,dsl,0
C000082,12,61.67,783.22,2,0,1,month-to-month,mailed_check,dsl,0
C000816,4,50.02,243.99,3,0,45,one-year,credit_card,dsl,1
C008601,34,25.28,892.91,4,0,42,month-to-month,mailed_check,none,0
C007354,67,41.5,2775.3,3,1,40,month-to-month,electronic_check,none,0
C004396,22,76.5,1723.62,5,1,43,month-to-month,credit_card,fiber,0
C009181,17,103.8,1839.85,4,0,84,one-year,electronic_check,fiber,0
C005568,23,52.47,1192.09,2,0,36,month-to-month,electronic_check,fiber,0
C000283,36,57.84,2100.05,3,0,9,two-year,bank_transfer,dsl,0
C004120,53,80.92,4338.54,3,0,57,one-year,electronic_check,dsl,0
C007480,47,106.01,4929.29,4,0,6,month-to-month,bank_transfer,fiber,0
C000609,62,90.9,5707.85,5,0,24,one-year,credit_card,none,0
C002915,32,118.04,3824.75,3,0,47,two-year,mailed_check,dsl,0
C001813,36,30.58,1013.77,3,1,58,two-year,electronic_check,fiber,0
C001271,8,42.13,401.42,5,1,88,one-year,electronic_check,none,0
C005924,66,49.56,3259.81,4,0,16,month-to-month,credit_card,none,0
C009595,35,85.45,3052.69,4,0,32,one-year,bank_transfer,dsl,0
C002994,56,25.55,1442.42,3,1,18,month-to-month,electronic_check,fiber,0
C007109,22,21.73,484.6,1,2,16,two-year,credit_card,dsl,0
C008613,40,89.59,3510.37,5,0,80,month-to-month,credit_card,fiber,0
C007356,22,113.85,2600.02,4,1,52,one-year,bank_transfer,fiber,1
C002642,15,52.72,743.63,4,0,41,month-to-month,bank_transfer,fiber,0
C006553,35,31.15,1066.05,5,0,76,month-to-month,mailed_check,fiber,0
C004508,20,92.31,1843.85,3,0,26,two-year,bank_transfer,fiber,0
C002305,7,65.24,421.47,2,0,85,month-to-month,mailed_check,none,0
C006502,37,67.02,2478.56,3,0,70,month-to-month,electronic_check,none,0
C006260,9,76.06,713.99,1,0,34,month-to-month,electronic_check,none,0
C004195,36,34.61,1244.78,3,0,23,one-year,credit_card,fiber,0
C005562,57,100.95,5767.14,4,0,25,one-year,electronic_check,fiber,0
C004840,55,79.49,4417.12,4,0,30,month-to-month,mailed_check,dsl,0
C004655,15,101.98,1555.46,5,2,89,one-year,credit_card,none,0
C008147,13,35.12,471.49,4,1,14,month-to-month,electronic_check,dsl,0
C004168,37,36.25,1444.06,5,1,15,month-to-month,electronic_check,none,0
C003849,17,117.65,2045.82,1,0,42,month-to-month,mailed_check,fiber,1
C009847,64,64.05,4121.55,4,0,83,one-year,mailed_check,fiber,0
C008401,15,66.62,1019.53,1,0,16,one-year,credit_card,fiber,1
C005253,41,51.58,2142.93,1,0,70,month-to-month,electronic_check,none,0
C007884,60,111.9,6635.47,1,0,88,one-year,mailed_check,fiber,0
C005533,33,91.71,3088.1,5,0,82,two-year,electronic_check,fiber,0
C002414,27,85.82,2442.34,5,0,9,month-to-month,bank_transfer,dsl,0
C003554,30,99.18,2969.99,4,0,55,month-to-month,credit_card,none,1
C004691,5,38.57,281.89,4,1,65,one-year,electronic_check,fiber,0
C004498,18,117.7,2193.31,1,0,74,one-year,mailed_check,dsl,0
C002195,59,115.6,6804.33,2,0,83,two-year,mailed_check,none,0
C005045,27,67.13,1824.09,4,2,32,one-year,mailed_check,fiber,0
C002600,63,119.82,7602.41,5,0,16,month-to-month,bank_transfer,fiber,0
C001518,36,41.06,1406.38,3,1,79,one-year,mailed_check,fiber,0
C004764,32,65.26,2075.75,2,0,70,month-to-month,electronic_check,fiber,1
C004314,55,37.17,1966.21,2,2,62,one-year,electronic_check,fiber,0
C003366,45,31.96,1452.76,2,2,4,month-to-month,electronic_check,fiber,0
C006065,19,54.52,1032.92,4,0,14,month-to-month,bank_transfer,dsl,0
C006582,45,53.33,2411.89,2,0,86,month-to-month,mailed_check,fiber,0
C002633,41,77.7,3223.7,2,0,54,month-to-month,bank_transfer,fiber,0
C007337,28,71.52,1951.0,4,0,1,month-to-month,mailed_check,dsl,0
C005633,21,83.44,1848.31,5,0,1,one-year,bank_transfer,dsl,0
C009168,49,74.36,3620.44,1,0,14,month-to-month,mailed_check,dsl,0
C008789,26,82.84,2135.15,1,0,9,two-year,electronic_check,fiber,0
C002434,33,20.97,673.58,5,1,41,month-to-month,credit_card,none,0
C008277,52,117.69,6041.62,1,0,12,two-year,mailed_check,dsl,0
C006758,22,49.98,1060.67,4,0,78,one-year,credit_card,dsl,0
C006611,4,72.27,263.52,5,1,15,month-to-month,mailed_check,none,0
C004520,72,111.63,8145.08,2,0,76,one-year,electronic_check,fiber,0
C005587,72,117.21,8356.07,4,1,5,two-year,bank_transfer,fiber,0
C003545,46,70.43,3204.86,1,0,60,month-to-month,bank_transfer,fiber,0
C005965,8,33.2,235.06,1,0,11,month-to-month,bank_transfer,dsl,0
C005992,60,76.09,4644.21,5,0,61,month-to-month,electronic_check,dsl,0
C008805,2,22.21,71.56,4,0,16,month-to-month,electronic_check,fiber,0
C005531,69,26.54,1913.51,3,0,37,month-to-month,mailed_check,dsl,0
C005444,19,74.48,1444.75,5,0,20,one-year,electronic_check,dsl,0
C000517,5,39.27,209.12,3,0,71,month-to-month,electronic_check,dsl,0
C006110,63,58.56,3572.07,3,1,34,month-to-month,credit_card,fiber,0
C006864,65,56.61,3734.55,2,0,85,two-year,credit_card,dsl,0
C007960,27,34.97,796.82,5,0,30,month-to-month,bank_transfer,fiber,0
C001415,57,35.75,2025.62,3,0,7,month-to-month,credit_card,fiber,0
C004664,23,27.61,663.16,1,0,34,one-year,electronic_check,dsl,0
C004456,43,40.46,1734.71,2,0,40,two-year,bank_transfer,dsl,0
C002761,32,114.21,3751.12,4,0,19,two-year,credit_card,fiber,0
C004855,50,29.51,1437.03,3,0,60,month-to-month,electronic_check,none,0
C000127,56,41.38,2363.98,5,1,58,month-to-month,bank_transfer,fiber,0
C003474,22,48.3,1099.28,3,0,51,two-year,credit_card,none,0
C007969,27,56.95,1562.67,3,0,11,month-to-month,electronic_check,dsl,0
C004310,38,42.68,1569.46,3,1,85,two-year,bank_transfer,dsl,0
C002438,61,42.37,2640.19,2,0,18,two-year,electronic_check,dsl,0
C003765,30,62.15,1851.62,5,1,69,month-to-month,mailed_check,none,0
C006876,32,99.24,3218.77,5,0,9,one-year,electronic_check,dsl,0
C005896,2,49.92,53.64,1,0,64,month-to-month,mailed_check,dsl,0
C005840,57,97.55,5592.68,5,0,37,month-to-month,electronic_check,dsl,0
C008842,47,92.02,4314.58,3,0,16,month-to-month,credit_card,fiber,0
C009770,10,47.73,472.18,1,1,71,one-year,electronic_check,dsl,0
C001473,15,76.84,1189.11,2,0,86,one-year,mailed_check,dsl,0
C004821,50,111.2,5512.07,2,0,4,two-year,mailed_check,none,0
C006915,65,101.64,6661.61,1,0,7,month-to-month,credit_card,fiber,0
C003560,5,50.47,250.55,2,0,1,month-to-month,mailed_check,none,0
C003951,16,70.11,1169.53,2,0,49,two-year,credit_card,fiber,0
C000049,57,118.02,6785.39,1,0,23,month-to-month,mailed_check,dsl,0
C005437,1,111.29,120.95,1,2,72,one-year,bank_transfer,none,1
C009897,48,31.11,1507.58,5,0,78,one-year,mailed_check,fiber,0
C000887,14,35.81,574.88,1,0,2,month-to-month,mailed_check,none,0
C002616,72,49.38,3577.12,2,0,87,one-year,bank_transfer,fiber,0
C000516,64,37.6,2451.22,4,1,82,one-year,bank_transfer,dsl,0
C003168,60,40.24,2311.84,5,2,12,month-to-month,electronic_check,none,0
C002949,38,110.43,4182.85,5,0,9,month-to-month,mailed_check,none,0
C001424,19,28.01,539.2,1,0,32,one-year,electronic_check,none,0
C000139,32,104.28,3362.76,2,0,78,two-year,mailed_check,dsl,0
C001924,27,53.38,1454.84,1,0,43,two-year,credit_card,dsl,0
C002378,72,62.58,4569.52,3,0,34,two-year,credit_card,fiber,0
C003197,59,41.28,2515.67,3,0,40,two-year,mailed_check,dsl,0
C005131,29,30.66,906.8,2,1,29,month-to-month,electronic_check,dsl,0
C000112,41,95.34,3877.36,3,0,87,one-year,mailed_check,fiber,0
C004559,47,87.45,4113.33,3,0,6,one-year,credit_card,fiber,0
C004595,4,68.47,205.87,5,0,87,two-year,bank_transfer,fiber,0
C007997,25,55.47,1445.96,4,2,70,two-year,mailed_check,fiber,0
C003250,25,59.47,1521.02,2,0,6,two-year,mailed_check,dsl,0
C004690,1,64.79,17.52,5,0,1,month-to-month,credit_card,none,0
C008115,69,103.57,7145.25,5,0,85,month-to-month,credit_card,dsl,0
C007767,34,52.6,1818.12,1,1,38,two-year,mailed_check,none,0
C004546,43,87.45,3749.7,2,0,59,one-year,electronic_check,dsl,0
C007084,39,108.62,4218.51,4,0,39,one-year,bank_transfer,dsl,0
C003277,18,94.75,1734.73,1,0,28,one-year,bank_transfer,fiber,0
C007542,27,28.3,703.11,3,1,75,month-to-month,credit_card,none,0
C006593,55,87.07,4801.08,1,1,36,month-to-month,credit_card,none,0
C004068,54,87.56,4751.87,2,1,28,one-year,mailed_check,fiber,0
C004408,19,90.19,1647.05,2,0,56,two-year,credit_card,fiber,0
C008644,3,43.0,134.43,3,1,31,one-year,electronic_check,fiber,0
C008588,38,85.81,3293.91,1,1,8,month-to-month,electronic_check,dsl,0
C007384,45,76.47,3420.79,5,1,19,month-to-month,bank_transfer,fiber,0
C003222,56,52.8,2968.4,5,0,7,two-year,electronic_check,dsl,0
C008210,49,92.67,4509.05,4,0,45,month-to-month,electronic_check,fiber,0
C000451,67,77.45,5235.11,1,0,23,two-year,electronic_check,dsl,0
C003731,62,73.1,4514.25,4,0,21,month-to-month,mailed_check,fiber,0
C008953,39,103.34,3982.69,4,1,36,month-to-month,electronic_check,fiber,1
C004986,70,103.2,7254.72,2,1,1,one-year,credit_card,dsl,0
C003663,70,112.37,7787.66,4,0,57,one-year,bank_transfer,dsl,0
C002763,3,48.12,126.56,3,0,87,month-to-month,electronic_check,fiber,0
C000658,6,33.33,184.89,5,0,26,one-year,electronic_check,fiber,0
C007678,32,43.32,1365.63,4,0,52,one-year,credit_card,none,0
C007676,55,29.39,1562.7,2,0,56,month-to-month,credit_card,fiber,0
C004620,45,36.79,1677.7,5,0,12,one-year,mailed_check,fiber,0
C000999,37,101.88,3870.27,2,0,15,one-year,electronic_check,none,0
C000389,12,113.02,1336.65,5,0,86,one-year,electronic_check,fiber,1
C003407,46,91.26,4232.48,1,0,44,month-to-month,mailed_check,fiber,0
C001476,36,99.03,3584.83,4,0,84,month-to-month,electronic_check,fiber,0
C002240,17,76.9,1335.31,4,1,11,month-to-month,mailed_check,fiber,0
C002386,69,74.94,5133.02,5,0,60,month-to-month,credit_card,fiber,0
C009139,42,99.25,4182.37,5,1,86,two-year,electronic_check,dsl,0
C000992,15,116.34,1685.58,4,0,89,one-year,electronic_check,dsl,1
C004997,60,36.53,2330.04,2,1,67,month-to-month,bank_transfer,fiber,0
C003922,35,20.7,656.94,3,0,76,month-to-month,mailed_check,none,0
C002972,44,72.49,3214.01,5,1,16,month-to-month,mailed_check,fiber,0
C003386,56,117.34,6567.21,4,0,6,one-year,electronic_check,dsl,0
C007885,14,104.91,1457.41,3,0,11,month-to-month,credit_card,dsl,0
C008812,40,89.27,3485.65,3,0,9,month-to-month,mailed_check,fiber,0
C004769,4,28.51,161.41,5,0,56,month-to-month,bank_transfer,dsl,0
C001293,1,119.1,64.94,4,0,0,one-year,electronic_check,dsl,0
C001824,56,77.44,4278.32,3,0,40,month-to-month,bank_transfer,dsl,0
C002873,16,28.35,434.49,2,0,34,one-year,credit_card,none,0
C004173,26,36.02,923.38,4,2,39,month-to-month,mailed_check,fiber,0
C002535,71,116.15,8173.44,3,0,57,two-year,bank_transfer,dsl,0
C009132,71,104.75,7460.14,3,0,83,one-year,credit_card,dsl,0
C001907,12,100.84,1303.87,5,0,88,one-year,mailed_check,fiber,0
C000042,51,51.62,2686.95,1,0,43,month-to-month,credit_card,fiber,0
C009491,3,90.5,289.03,1,0,69,month-to-month,bank_transfer,dsl,0
C000368,2,102.82,229.41,3,2,67,month-to-month,bank_transfer,fiber,1
C001151,37,92.1,3333.62,4,0,34,month-to-month,bank_transfer,none,0
C007752,15,77.43,1223.12,5,1,63,two-year,credit_card,dsl,0
C006358,3,40.04,78.73,5,0,12,month-to-month,mailed_check,fiber,0
C005912,50,85.7,4201.07,3,0,50,month-to-month,credit_card,dsl,0
C006507,36,20.36,639.6,3,0,22,one-year,electronic_check,fiber,0
C007525,7,35.25,286.89,4,0,24,month-to-month,electronic_check,fiber,0
C004160,30,52.54,1637.84,1,0,37,month-to-month,electronic_check,dsl,0
C004287,59,76.05,4491.23,4,0,19,month-to-month,mailed_check,none,0
C007775,62,25.23,1569.35,4,0,8,two-year,bank_transfer,none,0
C006714,68,104.27,7050.59,3,1,27,month-to-month,electronic_check,none,0
C000174,51,37.44,1957.31,3,1,43,one-year,bank_transfer,fiber,0
C001903,18,51.72,915.36,4,0,85,two-year,electronic_check,fiber,0
C001099,32,33.96,1050.08,2,0,34,month-to-month,bank_transfer,fiber,0
C008114,23,30.48,749.05,5,1,86,month-to-month,bank_transfer,none,0
C003408,48,108.02,5090.01,2,0,29,month-to-month,bank_transfer,none,0
C001538,51,70.57,3650.86,4,0,47,month-to-month,electronic_check,none,0
C002292,17,102.89,1756.42,2,0,52,month-to-month,bank_transfer,dsl,0
C009300,15,115.73,1737.89,3,0,65,one-year,electronic_check,fiber,0
C001363,15,32.9,476.09,4,0,13,one-year,electronic_check,dsl,0
C007188,19,34.74,628.68,2,0,80,month-to-month,electronic_check,fiber,0
C006627,45,117.85,5317.87,1,0,40,month-to-month,mailed_check,none,0
C005260,72,103.67,7605.35,3,1,76,month-to-month,mailed_check,dsl,0
C006815,19,92.44,1712.28,5,0,84,month-to-month,credit_card,dsl,0
C009461,23,81.02,1916.59,2,0,72,one-year,electronic_check,dsl,0
C000680,53,106.76,5550.73,2,0,78,month-to-month,credit_card,fiber,0
C009315,8,28.39,309.27,4,0,13,one-year,electronic_check,fiber,0
C009298,62,29.47,1765.89,2,1,2,month-to-month,credit_card,dsl,0
C003664,37,27.59,1004.43,4,0,61,one-year,mailed_check,fiber,0
C001661,44,108.35,4765.54,5,0,2,month-to-month,credit_card,fiber,0
C000508,20,98.6,1940.24,5,0,28,month-to-month,mailed_check,dsl,0
C000166,24,56.64,1356.19,5,0,73,one-year,electronic_check,dsl,0
C005497,36,89.6,3260.78,5,1,10,month-to-month,bank_transfer,dsl,0
C008299,30,85.79,2495.33,2,0,15,month-to-month,credit_card,fiber,0
C001006,62,85.54,5408.47,2,0,39,month-to-month,credit_card,none,0
C009739,46,98.69,4489.62,4,0,24,two-year,electronic_check,none,0
C001914,24,94.97,2372.14,4,0,67,month-to-month,electronic_check,dsl,0
C003494,67,80.51,5339.32,2,0,71,month-to-month,bank_transfer,fiber,0
C009633,18,101.48,1772.44,5,2,4,one-year,electronic_check,fiber,0
C009750,22,39.12,880.58,5,0,28,month-to-month,bank_transfer,fiber,0
C006444,3,48.11,179.89,5,2,3,two-year,credit_card,fiber,0
C004990,47,49.17,2314.5,4,3,31,month-to-month,credit_card,none,0
C002536,24,70.75,1626.11,2,1,50,one-year,mailed_check,fiber,0
C001104,23,62.96,1468.44,5,1,74,month-to-month,mailed_check,fiber,0
C003875,44,50.43,2122.37,2,1,76,one-year,bank_transfer,dsl,0
C007523,24,43.97,921.43,2,0,82,one-year,credit_card,fiber,0
C001752,46,97.74,4525.08,3,0,37,two-year,bank_transfer,dsl,0
C005310,66,22.66,1511.17,1,0,43,month-to-month,mailed_check,dsl,0
C007296,20,119.99,2431.31,2,1,15,one-year,mailed_check,fiber,0
C002916,45,108.48,4887.54,5,0,12,month-to-month,credit_card,fiber,0
C008974,13,37.0,468.87,1,1,58,month-to-month,mailed_check,none,0
C005754,11,84.48,1012.28,1,1,2,two-year,bank_transfer,fiber,0
C000152,67,67.39,4538.81,3,0,82,one-year,bank_transfer,none,0
C007690,65,50.12,3246.92,5,0,23,two-year,mailed_check,fiber,0
C005679,4,62.82,185.6,1,0,50,two-year,electronic_check,fiber,0
C003907,70,101.35,7075.39,2,1,32,month-to-month,credit_card,fiber,0
C009135,3,68.11,228.58,4,0,35,month-to-month,bank_transfer,none,0
C002552,16,49.83,693.95,2,0,88,month-to-month,credit_card,fiber,0
C002773,51,115.26,5807.38,4,0,69,two-year,mailed_check,fiber,0
C006098,57,35.67,2026.9,3,0,20,month-to-month,mailed_check,dsl,0
C003551,38,84.96,3241.19,5,1,71,month-to-month,credit_card,none,0
C003722,55,92.8,5036.78,3,0,28,one-year,mailed_check,dsl,0
C009870,47,75.25,3531.91,1,0,88,month-to-month,mailed_check,fiber,0
C000520,26,64.37,1690.84,3,0,3,month-to-month,credit_card,dsl,0
C008033,19,32.84,475.31,4,0,85,two-year,mailed_check,none,0
C004538,61,90.75,5485.9,5,0,60,one-year,mailed_check,none,0
C006778,11,56.17,630.88,1,0,89,month-to-month,credit_card,fiber,0
C001822,22,68.99,1437.64,5,0,50,two-year,credit_card,dsl,0
C004086,20,46.63,963.57,3,0,35,month-to-month,electronic_check,dsl,0
C006148,7,30.92,197.58,5,1,9,month-to-month,bank_transfer,none,0
C008742,64,82.99,5343.08,1,0,88,two-year,credit_card,dsl,0
C009472,55,34.16,1860.31,5,0,7,month-to-month,electronic_check,dsl,0
C007741,27,37.08,1013.35,5,0,6,two-year,credit_card,fiber,0
C000309,8,48.18,357.72,4,0,34,one-year,credit_card,fiber,0
C007720,2,49.51,157.31,4,0,29,month-to-month,bank_transfer,fiber,0
C008222,45,85.5,3865.63,3,0,33,one-year,credit_card,fiber,0
C008656,28,115.39,3185.32,5,1,0,one-year,mailed_check,dsl,0
C003599,45,61.05,2691.04,3,0,19,month-to-month,electronic_check,fiber,0
C003622,24,39.61,951.87,1,1,17,month-to-month,credit_card,dsl,0
C003811,33,119.22,3923.22,4,0,84,month-to-month,credit_card,fiber,1
C003450,35,114.19,4026.26,1,1,18,two-year,bank_transfer,fiber,0
C004591,3,29.75,92.36,3,1,45,two-year,mailed_check,none,0
C000205,20,21.97,426.42,3,0,41,month-to-month,credit_card,fiber,0
C009840,72,26.53,1900.21,2,0,61,month-to-month,mailed_check,dsl,0
C001135,5,44.69,180.37,4,1,67,two-year,bank_transfer,fiber,0
C009384,31,24.86,809.67,5,2,2,month-to-month,credit_card,none,0
C002749,71,101.18,7136.26,1,1,38,month-to-month,credit_card,none,0
C003613,6,26.98,213.77,4,0,83,one-year,electronic_check,dsl,0
C000305,11,83.22,861.43,4,0,54,one-year,bank_transfer,dsl,0
C001849,12,115.35,1439.75,2,0,73,one-year,mailed_check,none,0
C007669,21,109.16,2275.86,4,0,14,month-to-month,credit_card,dsl,0
C001988,16,20.52,326.2,1,0,17,two-year,mailed_check,dsl,0
C003240,16,25.91,431.27,5,0,76,month-to-month,electronic_check,dsl,0
C002798,51,57.96,2933.42,1,0,78,two-year,mailed_check,fiber,0
C004515,58,113.3,6499.46,1,0,32,month-to-month,credit_card,fiber,0
C005630,35,36.49,1368.37,4,1,69,month-to-month,mailed_check,fiber,0
C009372,2,112.56,308.08,4,0,74,two-year,credit_card,dsl,0
C003109,17,80.22,1347.52,3,0,8,two-year,electronic_check,fiber,0
C004939,25,90.61,2309.37,5,0,24,month-to-month,mailed_check,dsl,0
C004059,43,103.48,4469.94,3,0,85,two-year,electronic_check,none,0
C001987,16,25.45,334.86,3,0,72,month-to-month,bank_transfer,fiber,0
C007157,54,91.53,4974.45,5,0,60,two-year,mailed_check,fiber,0
C008874,28,72.49,1988.09,3,0,16,one-year,credit_card,fiber,0
C006613,5,97.76,460.98,1,1,21,month-to-month,mailed_check,none,0
C000383,18,38.89,725.8,4,0,85,month-to-month,bank_transfer,dsl,0
C005634,56,83.61,4713.11,2,0,64,one-year,electronic_check,fiber,0
C004307,58,112.81,6547.48,5,0,75,month-to-month,mailed_check,dsl,0
C003388,21,62.94,1280.27,1,0,70,month-to-month,bank_transfer,fiber,0
C003156,56,107.14,5966.56,1,0,76,one-year,mailed_check,dsl,0
C009995,34,107.5,3679.64,3,1,57,month-to-month,mailed_check,dsl,0
C002727,3,46.59,37.47,3,1,65,month-to-month,electronic_check,fiber,0
C006333,7,61.5,433.21,3,0,78,one-year,electronic_check,fiber,0
C009899,50,80.2,4036.27,1,1,89,one-year,electronic_check,fiber,0
C008751,13,72.34,1002.97,3,1,15,month-to-month,credit_card,fiber,1
C008302,36,116.63,4216.61,1,1,37,one-year,credit_card,dsl,0
C006037,24,65.57,1559.01,5,0,62,month-to-month,credit_card,dsl,0
C003832,59,29.02,1776.29,2,0,50,month-to-month,bank_transfer,dsl,0
C008917,4,76.24,343.47,4,0,86,one-year,credit_card,dsl,0
C004776,25,31.82,797.85,2,1,18,month-to-month,bank_transfer,none,0
C004276,5,105.6,504.14,2,1,67,two-year,bank_transfer,dsl,1
C000253,24,100.4,2386.61,2,0,73,month-to-month,mailed_check,dsl,0
C007895,7,79.02,577.5,3,1,29,month-to-month,electronic_check,dsl,1
C009590,17,112.66,2064.5,4,0,54,month-to-month,electronic_check,dsl,0
C007288,32,113.98,3647.0,5,0,57,month-to-month,mailed_check,fiber,1
C000278,5,37.78,203.13,3,0,77,two-year,bank_transfer,none,0
C003252,12,93.05,1185.26,3,1,15,month-to-month,bank_transfer,none,0
C002480,47,70.29,3268.41,2,0,14,month-to-month,credit_card,fiber,0
C000289,35,80.85,2854.78,3,2,16,two-year,credit_card,dsl,0
C006086,33,93.18,3043.06,3,0,22,two-year,mailed_check,dsl,0
C003075,54,68.87,3775.27,5,0,35,month-to-month,credit_card,none,0
C008123,51,113.14,5804.1,2,0,26,two-year,mailed_check,fiber,0
C007598,2,84.83,251.07,3,0,29,month-to-month,mailed_check,dsl,0
C006403,67,37.27,2495.17,3,1,19,month-to-month,electronic_check,dsl,0
C005089,38,69.7,2692.22,5,0,0,month-to-month,mailed_check,fiber,0
C007283,3,47.61,141.49,3,0,32,month-to-month,electronic_check,dsl,0
C009717,2,94.15,302.58,1,0,20,month-to-month,electronic_check,fiber,0
C008402,6,56.09,315.76,4,0,5,one-year,electronic_check,dsl,0
C006121,44,75.04,3334.26,4,0,69,one-year,bank_transfer,dsl,0
C007754,12,112.86,1384.41,4,1,69,two-year,bank_transfer,dsl,1
C000270,22,115.63,2591.49,5,0,67,two-year,credit_card,fiber,0
C006009,7,108.4,750.73,2,0,67,one-year,credit_card,none,1
C004570,50,32.04,1606.93,1,0,45,month-to-month,credit_card,dsl,0
C009116,29,105.86,3015.21,5,1,8,month-to-month,bank_transfer,dsl,0
C009803,21,26.93,498.89,3,1,28,one-year,mailed_check,fiber,0
C002971,4,35.0,187.09,2,0,56,month-to-month,electronic_check,fiber,0
C006193,7,79.22,551.97,5,0,54,two-year,credit_card,fiber,0
C008768,8,53.65,372.81,5,1,49,two-year,bank_transfer,dsl,0
C004207,68,61.64,4231.92,3,0,33,month-to-month,bank_transfer,dsl,0
C003218,71,61.44,4271.47,4,0,8,month-to-month,electronic_check,dsl,0
C001391,39,82.6,3274.95,1,0,50,month-to-month,electronic_check,fiber,0
C003975,50,27.82,1429.1,4,0,36,month-to-month,mailed_check,dsl,0
C004316,71,108.69,7737.0,2,0,87,month-to-month,credit_card,dsl,0
C007959,47,104.52,4952.57,4,1,57,month-to-month,bank_transfer,dsl,1
C007344,54,100.01,5424.83,3,0,70,one-year,mailed_check,fiber,0
C007448,53,101.01,5433.85,1,0,48,month-to-month,bank_transfer,none,0
C000083,60,25.16,1552.64,2,1,76,two-year,electronic_check,dsl,0
C000873,9,35.5,284.49,2,0,5,month-to-month,mailed_check,dsl,0
C009605,4,104.91,382.67,4,0,33,one-year,bank_transfer,dsl,0
C007635,21,86.65,1801.7,2,0,72,month-to-month,electronic_check,dsl,1
C004557,62,83.96,5147.32,2,0,19,month-to-month,mailed_check,fiber,0
C004500,50,89.09,4544.77,2,0,80,one-year,bank_transfer,dsl,0
C004647,6,70.07,435.35,2,1,17,month-to-month,mailed_check,fiber,1
C002038,72,108.7,7826.49,5,0,54,month-to-month,electronic_check,none,0
C009694,9,97.91,802.65,5,0,61,month-to-month,mailed_check,dsl,0
C006909,72,80.67,5806.47,3,1,23,month-to-month,electronic_check,dsl,0
C002450,61,43.99,2645.26,1,1,50,month-to-month,bank_transfer,dsl,0
C003954,43,67.47,2909.02,2,0,65,month-to-month,mailed_check,fiber,0
C002329,11,62.64,716.61,4,0,82,month-to-month,credit_card,dsl,0
C009124,1,84.09,97.92,1,0,43,one-year,mailed_check,none,0
C007044,61,32.12,1928.68,3,0,23,two-year,credit_card,dsl,0
C005042,29,82.38,2407.09,4,0,85,one-year,credit_card,fiber,0
C009364,25,45.92,1165.75,1,0,79,month-to-month,mailed_check,dsl,0
C004746,56,86.48,4839.58,4,1,87,one-year,electronic_check,dsl,0
C009367,54,111.76,6039.69,3,0,16,one-year,credit_card,fiber,0
C009402,71,109.81,7819.93,1,2,75,month-to-month,bank_transfer,dsl,0
C006491,41,22.67,1004.71,5,1,17,two-year,mailed_check,dsl,0
C006637,7,90.98,583.64,3,0,51,one-year,electronic_check,dsl,0
C007225,45,42.26,1843.22,4,1,18,one-year,credit_card,fiber,0
C002401,41,45.48,1879.51,5,1,8,month-to-month,electronic_check,none,0
C005520,32,110.65,3499.59,4,1,86,one-year,credit_card,fiber,0
C001216,37,73.34,2727.23,2,1,16,month-to-month,credit_card,dsl,0
C008695,64,53.14,3423.23,3,0,88,month-to-month,mailed_check,dsl,0
C006020,19,63.08,1225.6,3,0,82,month-to-month,electronic_check,fiber,0
C006865,71,77.98,5516.93,2,0,1,one-year,electronic_check,none,0
C001064,55,53.24,2958.53,1,1,73,month-to-month,credit_card,none,0
C003786,13,81.61,1100.97,1,0,35,one-year,credit_card,none,0
C004410,9,54.22,494.65,1,0,23,month-to-month,electronic_check,none,0
C006859,60,73.21,4472.03,5,0,15,month-to-month,credit_card,dsl,0
C006760,3,62.94,205.28,5,0,68,one-year,mailed_check,fiber,0
C005523,67,68.04,4683.95,4,0,83,month-to-month,credit_card,none,0
C005996,62,54.97,3433.36,4,0,41,one-year,bank_transfer,none,0
C008833,39,104.01,4055.38,5,0,48,one-year,credit_card,dsl,0
C005888,48,57.74,2748.93,2,1,74,one-year,bank_transfer,fiber,0
C002161,18,64.93,1213.1,2,0,36,one-year,electronic_check,dsl,0
C003008,46,104.01,4806.25,1,0,6,one-year,bank_transfer,dsl,0
C001105,14,116.67,1710.72,2,0,72,month-to-month,electronic_check,none,1
C006654,7,41.31,331.05,4,0,16,month-to-month,mailed_check,dsl,0
C000692,68,73.44,5007.54,4,0,31,one-year,bank_transfer,none,0
C009957,59,52.09,3082.28,1,0,41,one-year,credit_card,none,0
C004956,12,94.46,1037.3,4,0,16,month-to-month,mailed_check,none,0
C006597,35,67.61,2391.88,1,0,2,one-year,bank_transfer,dsl,0
C008480,46,54.99,2553.81,2,0,2,month-to-month,credit_card,fiber,0
C004369,38,97.08,3775.28,3,1,65,two-year,electronic_check,fiber,0
C002765,39,20.39,805.55,3,0,38,month-to-month,electronic_check,fiber,0
C003929,54,55.06,2987.89,1,0,64,one-year,mailed_check,dsl,0
C007134,2,107.02,297.02,5,0,77,month-to-month,mailed_check,fiber,1
C008735,43,100.79,4362.54,2,0,5,one-year,credit_card,dsl,0
C007530,31,38.03,1176.21,2,0,78,one-year,mailed_check,dsl,0
C007528,58,85.59,4949.33,1,0,59,two-year,electronic_check,dsl,0
C000628,37,25.9,979.22,4,0,7,month-to-month,bank_transfer,fiber,0
C002451,65,51.42,3404.35,5,0,26,one-year,electronic_check,dsl,0
C006239,20,33.72,703.71,5,0,58,month-to-month,electronic_check,fiber,0
C007012,54,109.37,5879.76,5,0,31,one-year,bank_transfer,dsl,0
C003824,43,107.97,4657.85,1,1,62,two-year,electronic_check,none,1
C008977,21,114.37,2421.24,3,0,18,month-to-month,electronic_check,dsl,0
C002652,72,72.82,5200.8,3,1,84,one-year,electronic_check,dsl,0
C009107,49,42.22,2057.5,3,1,89,two-year,electronic_check,none,0
C003743,32,92.45,2947.0,2,0,23,month-to-month,mailed_check,fiber,0
C002176,8,31.55,208.37,3,0,62,month-to-month,credit_card,none,0
C009906,64,85.22,5481.92,3,0,63,month-to-month,mailed_check,fiber,0
C009263,33,27.71,934.41,2,1,15,two-year,bank_transfer,none,0
C003318,19,50.58,977.28,3,0,76,month-to-month,electronic_check,none,0
C006343,49,39.57,2007.78,2,0,42,month-to-month,electronic_check,dsl,0
C002787,5,104.66,583.88,2,0,4,month-to-month,electronic_check,fiber,0
C004105,33,92.91,3087.02,3,0,67,month-to-month,bank_transfer,fiber,0
C006355,27,35.75,968.4,5,1,6,month-to-month,electronic_check,fiber,0
C001676,11,63.57,719.89,4,0,51,month-to-month,electronic_check,none,0
C003947,27,92.33,2437.76,4,0,21,two-year,electronic_check,none,0
C004444,54,91.09,4996.48,1,0,74,month-to-month,credit_card,dsl,0
C002936,56,41.47,2312.65,1,1,46,two-year,bank_transfer,dsl,0
C009005,45,103.27,4704.66,3,2,31,month-to-month,electronic_check,none,0
C007766,64,30.75,2005.92,1,0,58,month-to-month,credit_card,none,0
C005722,50,23.47,1094.57,3,0,56,one-year,bank_transfer,none,0
C007441,46,84.23,3825.63,4,0,31,month-to-month,bank_transfer,dsl,0
C002503,8,64.38,448.81,4,0,69,one-year,electronic_check,dsl,0
C008482,71,46.41,3318.19,4,0,16,one-year,mailed_check,dsl,0
C002369,13,112.54,1543.68,4,0,3,two-year,electronic_check,dsl,0
C004967,25,82.04,2088.64,1,0,34,month-to-month,credit_card,dsl,0
C005883,17,106.14,1821.9,3,0,73,one-year,bank_transfer,dsl,0
C002217,72,91.56,6582.2,2,0,82,two-year,electronic_check,fiber,0
C005847,49,25.47,1314.09,2,0,39,two-year,electronic_check,fiber,0
C002218,21,47.52,1069.2,2,0,22,month-to-month,bank_transfer,dsl,0
C003326,12,89.94,1097.46,4,0,30,month-to-month,credit_card,fiber,0
C006733,50,31.82,1586.48,3,0,19,month-to-month,credit_card,fiber,0
C003583,23,20.19,441.46,1,0,74,one-year,bank_transfer,fiber,0
C009824,3,68.01,252.35,1,0,67,month-to-month,credit_card,fiber,0
C003619,7,92.66,614.32,5,0,63,one-year,electronic_check,fiber,0
C007707,29,35.57,1048.52,2,0,16,month-to-month,electronic_check,fiber,0
C006432,19,92.11,1784.36,4,0,16,one-year,credit_card,dsl,0
C003115,36,113.77,4128.15,3,0,66,one-year,credit_card,none,0
C000085,51,61.36,3116.65,1,1,0,one-year,electronic_check,fiber,0
C005973,5,60.01,292.74,3,0,62,month-to-month,electronic_check,fiber,0
C002801,33,100.42,3298.62,1,0,45,one-year,electronic_check,fiber,0
C003671,7,54.96,379.23,5,0,75,month-to-month,electronic_check,none,0
C003667,14,88.88,1277.06,3,0,69,one-year,electronic_check,dsl,0
C009794,72,61.44,4393.48,3,0,49,month-to-month,credit_card,dsl,0
C005158,10,51.79,467.5,4,0,9,month-to-month,bank_transfer,dsl,0
C005725,23,119.85,2838.01,2,1,41,month-to-month,bank_transfer,dsl,0
C004590,50,92.44,4546.07,5,1,7,two-year,credit_card,fiber,0
C002019,34,75.34,2578.69,3,0,18,month-to-month,electronic_check,none,0
C007831,22,71.55,1597.74,5,0,61,month-to-month,bank_transfer,dsl,1
C002525,24,43.02,1063.22,3,0,61,one-year,mailed_check,none,0
C008286,4,110.39,489.34,3,0,2,month-to-month,mailed_check,fiber,0
C009206,27,95.75,2578.94,2,0,35,month-to-month,bank_transfer,dsl,1
C003212,25,86.78,2232.3,2,2,9,month-to-month,mailed_check,fiber,0
C000519,43,77.02,3323.57,1,1,86,month-to-month,mailed_check,fiber,0
C005366,7,99.22,746.38,3,0,74,month-to-month,credit_card,dsl,1
C006762,10,26.93,216.33,1,0,64,month-to-month,bank_transfer,dsl,0
C002895,39,85.59,3408.62,3,0,45,month-to-month,credit_card,fiber,0
C000244,46,66.08,3082.08,4,3,59,month-to-month,bank_transfer,dsl,1
C005930,67,45.79,3032.91,5,0,47,month-to-month,credit_card,fiber,0
C004714,3,20.17,104.16,3,0,82,month-to-month,mailed_check,none,0
C009567,43,34.44,1517.9,3,0,80,one-year,mailed_check,fiber,0
C003425,71,75.15,5355.67,3,0,18,month-to-month,credit_card,fiber,0
C006931,58,79.6,4580.23,3,0,55,month-to-month,credit_card,fiber,0
C006720,63,29.46,1838.57,4,0,79,one-year,mailed_check,dsl,0
C007410,6,88.33,495.82,3,0,10,one-year,credit_card,fiber,0
C006177,40,90.13,3636.23,1,1,5,month-to-month,mailed_check,fiber,0
C007250,25,28.54,699.33,3,0,0,month-to-month,electronic_check,none,0
C005509,64,98.21,6220.46,1,0,67,two-year,electronic_check,fiber,0
C002001,5,110.16,540.14,3,0,65,one-year,electronic_check,none,0
C000885,53,24.2,1282.36,4,0,89,one-year,credit_card,none,0
C000869,3,39.51,72.95,2,0,54,month-to-month,mailed_check,none,0
C009688,20,96.57,1857.29,5,0,22,month-to-month,credit_card,fiber,1
C005720,71,37.34,2600.82,2,0,37,month-to-month,bank_transfer,none,0
C000356,11,79.56,896.12,3,0,31,one-year,electronic_check,fiber,0
C009907,71,30.3,2241.08,1,0,46,month-to-month,mailed_check,none,0
C005451,54,109.53,5924.23,2,0,15,month-to-month,bank_transfer,dsl,0
C008193,43,55.44,2366.73,1,0,69,two-year,credit_card,dsl,0
C006438,6,95.52,603.76,5,0,76,month-to-month,electronic_check,dsl,0
C007704,68,58.21,4015.85,2,0,15,month-to-month,mailed_check,fiber,0
C001275,52,92.71,4808.71,1,0,62,month-to-month,mailed_check,none,0
C001890,14,82.23,1136.43,1,0,37,month-to-month,credit_card,none,0
C008686,7,71.22,567.73,3,1,76,two-year,credit_card,fiber,0
C006568,12,64.21,684.9,1,0,72,month-to-month,bank_transfer,fiber,1
C009623,50,94.85,4704.59,1,1,44,month-to-month,credit_card,fiber,0
C003563,58,44.7,2660.0,1,0,33,month-to-month,credit_card,fiber,0
C005787,44,33.71,1437.1,3,0,75,month-to-month,mailed_check,dsl,0
C004958,67,64.64,4317.36,2,0,75,one-year,mailed_check,dsl,0
C001546,50,23.55,1207.9,1,0,57,one-year,credit_card,fiber,0
C002380,13,55.63,722.11,1,0,26,month-to-month,credit_card,fiber,0
C003823,13,93.78,1154.21,2,0,68,month-to-month,credit_card,fiber,0
C003232,49,112.39,5511.62,4,0,82,one-year,mailed_check,dsl,0
C008399,8,41.19,390.44,4,0,41,month-to-month,bank_transfer,none,0
C003306,20,89.18,1729.48,5,0,50,month-to-month,electronic_check,fiber,0
C000492,55,43.71,2457.32,1,0,40,month-to-month,credit_card,fiber,0
C003499,33,20.61,565.46,2,1,45,month-to-month,credit_card,fiber,0
C006664,50,92.12,4588.69,1,0,81,month-to-month,credit_card,none,0
C001116,72,58.67,4246.18,5,1,41,one-year,bank_transfer,dsl,1
C005637,32,109.28,3544.89,1,0,30,month-to-month,mailed_check,dsl,0
C008774,38,107.62,4019.46,4,1,0,month-to-month,credit_card,dsl,0
C006146,39,32.34,1268.16,4,0,77,month-to-month,credit_card,none,0
C009867,19,20.3,320.91,4,0,69,month-to-month,electronic_check,fiber,0
C008775,12,56.91,729.52,3,0,84,month-to-month,bank_transfer,none,0
C006707,24,27.99,696.13,5,2,18,month-to-month,electronic_check,dsl,0
C009948,67,101.25,6810.11,5,1,29,month-to-month,credit_card,none,0
C007965,42,93.18,3958.87,5,1,89,month-to-month,credit_card,dsl,0
C003645,39,57.94,2267.22,1,0,17,one-year,credit_card,fiber,0
C002500,51,70.15,3586.17,5,0,28,month-to-month,bank_transfer,none,0
C005677,27,95.01,2540.24,1,1,24,month-to-month,electronic_check,fiber,0
C005241,64,20.34,1231.44,4,0,7,month-to-month,credit_card,dsl,0
C006518,15,43.01,691.76,3,0,28,month-to-month,mailed_check,dsl,0
C002783,61,42.3,2590.1,1,0,75,two-year,bank_transfer,fiber,0
C006158,56,38.48,2192.84,4,0,66,one-year,electronic_check,fiber,0
C003809,44,108.04,4802.01,5,0,34,one-year,mailed_check,fiber,0
C009428,32,59.86,1938.72,3,2,22,month-to-month,credit_card,fiber,0
C009524,35,116.43,4101.89,5,0,37,month-to-month,mailed_check,dsl,0
C008599,50,82.19,4095.13,2,1,41,two-year,bank_transfer,dsl,0
C001696,34,54.29,1791.33,5,0,65,one-year,credit_card,dsl,0
C005685,32,73.06,2385.31,1,0,47,one-year,bank_transfer,fiber,0
C008367,35,50.13,1699.72,5,0,74,month-to-month,bank_transfer,fiber,0
C005939,14,111.88,1532.95,2,0,26,month-to-month,mailed_check,dsl,0
C002052,27,56.91,1597.09,2,0,62,one-year,bank_transfer,fiber,0
C001776,24,59.49,1462.72,5,1,13,month-to-month,bank_transfer,none,0
C006560,46,104.89,4840.76,2,0,15,month-to-month,credit_card,fiber,0
C003313,17,50.83,963.29,4,3,79,month-to-month,bank_transfer,dsl,0
C004781,43,71.68,3111.13,2,0,66,month-to-month,mailed_check,fiber,0
C008538,2,46.3,107.38,4,1,6,month-to-month,electronic_check,fiber,0
C006781,10,73.01,739.3,1,1,22,one-year,electronic_check,none,0
C001592,28,63.48,1755.78,5,0,37,month-to-month,credit_card,none,0
C001723,53,32.93,1780.1,5,0,11,month-to-month,electronic_check,dsl,0
C000215,20,64.87,1296.91,4,2,76,month-to-month,bank_transfer,none,0
C006326,4,89.2,280.71,4,0,16,month-to-month,electronic_check,fiber,0
C008256,41,66.49,2731.15,5,1,33,one-year,electronic_check,none,0
C000490,68,51.26,3463.53,5,0,75,two-year,mailed_check,dsl,0
C009133,55,76.99,4217.29,1,0,2,month-to-month,credit_card,none,0
C003483,17,75.07,1363.82,2,0,35,month-to-month,electronic_check,dsl,1
C005102,18,113.66,2041.62,4,1,10,month-to-month,mailed_check,dsl,0
C005187,9,54.82,482.42,4,0,70,one-year,mailed_check,fiber,0
C003431,56,22.52,1251.05,5,0,72,month-to-month,bank_transfer,none,0
C009198,1,113.63,99.52,2,0,5,one-year,credit_card,fiber,1
C007710,19,86.32,1611.13,1,0,6,month-to-month,mailed_check,dsl,0
C005513,63,60.74,3738.67,1,0,59,month-to-month,electronic_check,dsl,0
C000025,47,80.92,3900.14,5,0,52,one-year,electronic_check,none,0
C003512,10,70.06,711.93,3,0,55,one-year,bank_transfer,dsl,0
C002409,2,41.15,90.91,1,1,28,month-to-month,mailed_check,fiber,0
C003270,12,68.75,912.29,2,0,5,month-to-month,electronic_check,dsl,0
C005209,3,55.85,167.09,1,0,64,two-year,mailed_check,none,0
C008711,50,80.05,3949.19,5,0,29,one-year,mailed_check,fiber,0
C001552,39,103.99,4059.27,1,0,53,two-year,electronic_check,none,0
C009197,24,51.39,1225.31,2,1,65,one-year,mailed_check,fiber,0
C008621,38,75.26,2846.23,2,1,55,month-to-month,bank_transfer,fiber,0
C003871,8,107.48,905.22,5,0,38,one-year,credit_card,dsl,0
C003402,12,78.83,1026.68,4,1,44,two-year,credit_card,dsl,0
C004529,41,46.23,1956.13,3,0,82,two-year,credit_card,fiber,0
C000979,41,86.59,3617.1,4,0,88,month-to-month,bank_transfer,fiber,0
C002655,41,96.18,3930.29,4,0,61,month-to-month,mailed_check,none,1
C001847,40,61.75,2464.23,2,0,74,month-to-month,electronic_check,fiber,0
C007964,4,68.88,231.67,2,0,87,two-year,electronic_check,dsl,0
C008240,51,33.12,1650.13,1,0,46,two-year,credit_card,fiber,0
C007145,23,25.66,603.73,2,0,52,month-to-month,credit_card,dsl,0
C007299,62,34.51,2135.32,3,1,44,two-year,credit_card,dsl,0
C005721,30,47.94,1454.05,1,0,25,month-to-month,bank_transfer,fiber,0
C000515,8,118.11,902.96,5,0,3,one-year,credit_card,dsl,0
C008745,37,107.54,4035.5,2,0,54,month-to-month,bank_transfer,fiber,0
C008297,32,42.81,1276.61,4,0,51,one-year,electronic_check,fiber,0
C001102,67,104.47,6985.12,3,0,57,month-to-month,bank_transfer,dsl,0
C003276,6,62.25,455.69,4,0,60,month-to-month,mailed_check,none,0
C007217,15,54.32,738.26,2,0,39,month-to-month,credit_card,dsl,0
C007389,55,95.31,5182.89,4,0,38,month-to-month,mailed_check,fiber,0
C009077,11,55.52,501.84,1,0,48,two-year,electronic_check,none,0
C008337,39,106.67,4289.73,5,1,8,month-to-month,electronic_check,none,0
C003996,2,103.61,121.99,4,1,77,month-to-month,electronic_check,dsl,0
C000194,70,108.04,7504.12,1,0,79,two-year,mailed_check,none,0
C004711,58,60.42,3484.58,2,0,67,month-to-month,electronic_check,dsl,0
C000643,35,57.56,1998.17,2,1,79,month-to-month,electronic_check,fiber,0
C009089,26,38.85,967.13,1,1,42,one-year,bank_transfer,dsl,0
C003285,34,36.77,1228.31,2,0,61,one-year,electronic_check,fiber,0
C003116,46,78.24,3580.0,5,0,33,two-year,electronic_check,fiber,0
C006476,18,35.29,585.89,5,0,77,month-to-month,bank_transfer,fiber,0
C003575,50,72.46,3636.55,3,1,37,one-year,electronic_check,fiber,0
C009023,38,57.94,2176.55,2,0,52,month-to-month,credit_card,none,0
C004320,48,94.04,4544.4,2,0,37,one-year,credit_card,dsl,0
C009992,67,38.15,2567.05,2,0,17,month-to-month,credit_card,fiber,0
C002207,61,24.05,1511.27,4,1,43,month-to-month,credit_card,fiber,0
C004552,8,82.92,682.87,3,0,37,month-to-month,bank_transfer,none,0
C007316,49,104.38,5224.26,3,0,29,two-year,mailed_check,fiber,0
C003718,50,73.13,3673.7,5,0,23,two-year,mailed_check,fiber,0
C000972,35,73.54,2640.16,4,1,51,month-to-month,mailed_check,none,0
C004579,22,27.36,594.16,3,0,68,month-to-month,credit_card,dsl,0
C000719,44,30.03,1214.85,1,0,27,two-year,bank_transfer,none,0
C009017,55,49.15,2705.37,5,1,10,month-to-month,electronic_check,dsl,0
C006155,44,23.54,985.45,1,0,71,one-year,electronic_check,none,0
C009430,5,53.89,268.16,1,0,51,one-year,bank_transfer,none,0
C003896,39,43.89,1706.22,1,0,15,two-year,credit_card,dsl,0
C002803,5,68.34,343.75,3,1,52,month-to-month,credit_card,dsl,0
C002566,58,23.66,1457.11,1,0,1,two-year,credit_card,dsl,0
C004025,11,72.4,799.95,1,0,37,month-to-month,credit_card,fiber,0
C006198,12,36.56,459.16,5,0,36,one-year,mailed_check,none,0
C000032,7,24.64,122.93,4,0,63,two-year,bank_transfer,dsl,0
C008307,35,37.49,1256.79,3,1,46,one-year,credit_card,fiber,0
C008831,56,24.24,1394.13,3,0,57,month-to-month,electronic_check,dsl,0
C009818,33,72.11,2407.4,4,1,4,month-to-month,mailed_check,fiber,0
C004063,38,98.78,3773.2,2,2,66,month-to-month,mailed_check,fiber,0
C008948,68,114.78,7912.32,3,0,44,month-to-month,electronic_check,none,0
C005540,21,112.53,2438.42,1,0,39,one-year,credit_card,fiber,0
C001697,11,32.32,341.46,2,0,8,month-to-month,credit_card,dsl,0
C002792,52,37.68,1993.42,3,1,70,month-to-month,electronic_check,fiber,0
C002222,2,72.38,210.06,1,0,67,month-to-month,credit_card,fiber,0
C005818,29,46.5,1416.2,5,0,76,one-year,mailed_check,none,0
C009662,8,99.04,805.46,4,0,9,month-to-month,bank_transfer,dsl,0
C003764,30,59.85,1898.94,1,0,19,month-to-month,credit_card,fiber,0
C003866,38,29.03,1022.92,3,0,37,one-year,credit_card,fiber,0
C006421,26,30.56,785.98,3,1,48,month-to-month,credit_card,none,0
C009399,56,91.41,5110.95,2,0,4,month-to-month,bank_transfer,dsl,0
C008938,65,89.26,5797.46,1,0,69,month-to-month,credit_card,none,0
C006671,26,83.81,2173.23,4,0,10,month-to-month,mailed_check,fiber,0
C007978,34,34.94,1193.29,3,0,27,month-to-month,mailed_check,fiber,0
C003758,6,59.25,390.93,3,1,62,month-to-month,credit_card,fiber,1
C009774,8,103.14,818.8,4,0,39,two-year,mailed_check,dsl,0
C003227,28,36.28,1064.18,5,0,68,month-to-month,bank_transfer,fiber,0
C007802,53,30.3,1591.63,4,0,53,two-year,mailed_check,dsl,0
C003923,31,54.45,1650.28,1,0,24,month-to-month,credit_card,fiber,0
C003904,63,114.76,7219.31,4,0,32,two-year,credit_card,dsl,0
C002277,4,85.68,266.15,2,0,31,one-year,bank_transfer,fiber,0
C006810,59,116.43,6835.86,4,0,56,month-to-month,credit_card,fiber,0
C001401,18,40.77,651.36,4,0,35,two-year,mailed_check,none,0
C000739,65,58.08,3826.44,3,0,61,month-to-month,mailed_check,fiber,0
C004266,26,66.97,1644.53,5,0,16,two-year,mailed_check,none,0
C009861,55,88.81,4870.77,5,0,43,month-to-month,credit_card,fiber,0
C007352,27,66.17,1770.99,3,2,69,one-year,bank_transfer,dsl,0
C007518,18,30.37,592.64,3,0,15,one-year,credit_card,fiber,0
C003851,4,34.99,109.69,1,1,54,month-to-month,mailed_check,dsl,0
C008631,45,105.44,4778.7,5,0,11,month-to-month,bank_transfer,fiber,0
C002661,56,119.15,6830.29,2,0,9,month-to-month,bank_transfer,dsl,0
C006504,30,108.56,3121.74,5,1,60,month-to-month,electronic_check,dsl,0
C009799,58,80.18,4599.78,1,0,30,two-year,credit_card,dsl,0
C000674,45,71.59,3207.97,2,0,60,month-to-month,bank_transfer,dsl,0
C007105,25,84.52,2098.88,1,0,51,month-to-month,electronic_check,dsl,0
C006360,45,102.53,4618.41,5,0,67,two-year,mailed_check,fiber,0
C003841,36,33.74,1088.07,3,0,36,two-year,mailed_check,dsl,0
C001815,8,39.23,295.07,5,0,0,month-to-month,mailed_check,fiber,0
C009489,6,29.33,184.02,4,0,29,month-to-month,bank_transfer,fiber,0
C009838,8,72.71,626.18,1,0,5,two-year,electronic_check,fiber,1
C009201,45,111.57,5073.8,4,0,16,one-year,mailed_check,fiber,0
C004653,16,87.34,1281.76,1,0,42,month-to-month,bank_transfer,fiber,0
C008692,72,31.07,2233.12,3,0,12,month-to-month,credit_card,fiber,0
C002100,66,53.95,3622.52,3,0,3,month-to-month,credit_card,fiber,0
C007711,16,43.1,633.03,5,0,82,month-to-month,mailed_check,dsl,0
C001673,55,63.51,3440.47,3,1,18,two-year,mailed_check,fiber,0
C002101,49,45.61,2322.37,3,2,42,month-to-month,credit_card,dsl,0
C004213,52,30.92,1579.5,2,0,72,month-to-month,mailed_check,dsl,0
C006958,22,96.59,2183.91,4,0,17,one-year,credit_card,fiber,0
C001548,36,92.16,3300.17,4,0,0,month-to-month,electronic_check,none,0
C009550,57,49.4,2851.69,2,1,76,month-to-month,credit_card,dsl,0
C003323,47,113.86,5389.03,3,1,62,month-to-month,mailed_check,none,0
C009583,2,85.66,180.24,1,0,69,month-to-month,bank_transfer,dsl,0
C000355,72,112.83,8095.64,4,0,86,month-to-month,credit_card,fiber,0
C005184,57,24.46,1377.79,2,0,46,one-year,credit_card,none,0
C001461,23,93.88,2160.97,1,0,35,one-year,mailed_check,dsl,0
C007624,64,113.97,7323.74,4,0,32,two-year,mailed_check,none,0
C009385,53,84.13,4511.27,1,0,60,month-to-month,electronic_check,fiber,0
C003220,51,51.06,2590.11,1,0,18,one-year,bank_transfer,dsl,0
C000939,37,103.6,3915.93,3,1,23,one-year,mailed_check,dsl,0
C005147,60,25.61,1595.62,3,0,19,month-to-month,bank_transfer,dsl,0
C005923,70,56.88,3976.24,1,0,88,month-to-month,bank_transfer,dsl,0
C007883,14,106.66,1481.8,3,1,35,month-to-month,credit_card,fiber,0
C001751,64,47.1,3049.13,2,0,15,month-to-month,bank_transfer,fiber,0
C009468,64,50.1,3214.52,3,1,40,month-to-month,bank_transfer,fiber,0
C007597,30,62.24,1861.92,1,0,76,month-to-month,credit_card,dsl,0
C001772,27,66.47,1832.53,4,0,23,two-year,credit_card,none,0
C001196,52,98.82,5180.74,3,0,54,two-year,electronic_check,fiber,0
C001878,53,87.79,4626.39,2,1,54,month-to-month,credit_card,fiber,0
C002668,6,83.25,522.42,4,1,57,two-year,credit_card,none,0
C003171,68,89.0,6092.04,1,0,7,month-to-month,bank_transfer,fiber,0
C002016,30,58.15,1684.02,2,0,19,month-to-month,credit_card,fiber,0
C002005,10,65.45,688.59,2,1,16,month-to-month,electronic_check,fiber,0
C008272,9,109.29,924.28,4,1,63,month-to-month,electronic_check,fiber,1
C003893,15,44.47,553.48,3,0,49,month-to-month,credit_card,none,0
C009991,17,34.68,671.57,4,0,53,one-year,electronic_check,dsl,0
C003237,72,72.0,5172.8,4,2,9,month-to-month,mailed_check,fiber,0
C004424,23,80.43,1844.51,4,0,29,month-to-month,mailed_check,none,0
C004744,51,100.35,5112.08,1,0,30,month-to-month,bank_transfer,dsl,0
C002078,19,31.56,633.48,2,0,68,month-to-month,mailed_check,none,0
C005219,26,89.85,2433.08,5,0,6,one-year,credit_card,fiber,0
C000396,4,51.22,145.57,2,0,18,month-to-month,mailed_check,dsl,0
C002788,1,74.06,120.09,2,0,6,two-year,bank_transfer,fiber,0
C008877,22,47.16,977.71,5,0,17,month-to-month,credit_card,none,0
C008638,55,105.49,5849.23,4,0,26,month-to-month,electronic_check,none,0
C004072,61,86.4,5341.08,3,0,36,month-to-month,credit_card,fiber,0
C005574,52,101.8,5257.62,1,0,74,month-to-month,electronic_check,fiber,0
C008369,67,83.45,5601.71,5,0,27,month-to-month,electronic_check,dsl,0
C009507,35,26.71,858.33,3,0,53,month-to-month,bank_transfer,fiber,0
C005355,59,88.03,5145.53,3,1,16,one-year,bank_transfer,fiber,0
C007233,27,27.46,719.33,2,0,20,month-to-month,credit_card,fiber,0
C009483,17,47.38,727.12,5,0,33,month-to-month,credit_card,none,0
C006820,57,98.72,5659.22,3,0,2,month-to-month,electronic_check,dsl,0
C001519,34,50.4,1778.04,2,0,74,two-year,credit_card,fiber,0
C008196,25,107.06,2680.67,3,2,26,month-to-month,credit_card,none,0
C001378,37,49.14,1820.99,4,1,44,one-year,electronic_check,fiber,0
C005672,69,49.28,3330.08,1,1,64,month-to-month,electronic_check,dsl,0
C001023,61,107.84,6609.05,4,0,37,one-year,bank_transfer,fiber,0
C002587,24,119.77,2883.98,4,0,12,month-to-month,bank_transfer,fiber,1
C007042,44,112.28,4931.16,2,0,36,month-to-month,bank_transfer,none,0
C005621,4,64.07,275.81,1,0,76,two-year,credit_card,dsl,0
C007637,50,98.7,4901.62,3,1,77,two-year,mailed_check,fiber,0
C005008,52,38.11,1997.8,4,0,87,one-year,mailed_check,none,0
C002857,57,44.22,2545.52,4,0,51,month-to-month,bank_transfer,dsl,0
C008254,59,90.4,5261.13,2,1,12,two-year,electronic_check,fiber,0
C005771,16,50.23,762.39,5,1,36,two-year,credit_card,dsl,0
C005842,40,44.42,1686.58,2,2,18,month-to-month,credit_card,fiber,0
C008027,4,67.29,306.2,2,2,3,one-year,mailed_check,fiber,0
C005832,60,51.29,3153.64,4,1,42,month-to-month,credit_card,none,0
C001629,10,89.99,814.69,1,0,73,month-to-month,credit_card,none,0
C004888,25,23.92,700.08,2,0,76,month-to-month,credit_card,none,0
C004526,2,70.9,153.65,2,0,63,month-to-month,bank_transfer,fiber,0
C003523,13,61.54,724.33,2,0,20,one-year,mailed_check,dsl,0
C005904,14,44.53,635.78,3,0,66,two-year,mailed_check,fiber,0
C007781,11,93.52,1053.82,3,0,14,month-to-month,bank_transfer,fiber,0
C003607,50,94.52,4738.36,5,1,71,two-year,electronic_check,dsl,0
C009418,6,61.34,472.65,2,0,35,month-to-month,credit_card,fiber,0
C005220,22,100.29,2258.51,1,0,27,month-to-month,credit_card,dsl,0
C000234,36,91.25,3235.78,3,1,70,month-to-month,electronic_check,none,0
C007755,69,99.79,6898.79,5,1,0,two-year,mailed_check,fiber,0
C003796,50,67.74,3406.1,3,1,5,one-year,bank_transfer,none,0
C004118,15,81.86,1287.07,5,0,36,one-year,electronic_check,fiber,0
C006318,34,89.25,2966.94,2,0,84,one-year,mailed_check,fiber,1
C005001,3,91.12,326.64,5,1,69,two-year,bank_transfer,none,1
C003800,67,37.77,2568.4,2,1,41,one-year,mailed_check,fiber,0
C007809,27,49.3,1371.22,1,0,79,month-to-month,mailed_check,fiber,0
C003899,67,37.5,2526.14,1,0,64,month-to-month,electronic_check,fiber,1
C005024,63,41.46,2577.45,5,0,30,month-to-month,electronic_check,fiber,0
C001948,1,91.53,63.84,3,2,64,one-year,credit_card,dsl,0
C006361,68,66.03,4480.21,3,0,21,month-to-month,mailed_check,fiber,0
C000470,54,83.26,4556.61,2,1,56,one-year,mailed_check,dsl,0
C009944,13,99.67,1202.21,4,1,4,month-to-month,electronic_check,dsl,0
C003492,27,60.42,1593.22,1,0,68,month-to-month,electronic_check,fiber,0
C006091,71,43.73,3114.24,2,1,53,month-to-month,electronic_check,dsl,0
C002671,62,37.39,2354.5,2,0,80,month-to-month,credit_card,fiber,0
C009800,52,25.8,1335.01,3,0,71,two-year,mailed_check,dsl,0
C002224,29,85.93,2514.16,1,0,54,two-year,mailed_check,none,0
C001106,18,117.98,2184.23,5,1,9,one-year,mailed_check,none,1
C002188,34,36.3,1175.05,5,1,40,month-to-month,electronic_check,fiber,0
C000818,48,55.07,2614.24,2,1,38,one-year,bank_transfer,dsl,0
C005571,50,71.45,3507.77,2,0,89,month-to-month,credit_card,dsl,0
C004523,72,71.1,5236.98,3,0,88,month-to-month,mailed_check,fiber,0
C005793,71,116.88,8315.46,3,0,84,one-year,credit_card,none,0
C009381,34,62.31,1942.02,2,0,1,month-to-month,electronic_check,dsl,0
C008780,39,59.99,2354.48,1,0,47,month-to-month,mailed_check,dsl,0
C007459,55,33.3,1813.09,1,0,31,month-to-month,electronic_check,fiber,0
C002624,67,61.73,4115.11,2,0,89,month-to-month,bank_transfer,none,0
C007094,71,69.55,4949.37,1,1,65,month-to-month,credit_card,fiber,0
C009392,31,64.53,2070.11,5,0,56,month-to-month,mailed_check,dsl,0
C009916,6,97.61,577.43,1,0,5,month-to-month,credit_card,fiber,0
C009119,51,47.32,2392.47,2,1,49,one-year,mailed_check,fiber,0
C000888,2,104.28,215.95,3,1,23,one-year,electronic_check,dsl,1
C002437,49,55.78,2826.9,5,3,87,two-year,credit_card,dsl,0
C006056,1,41.56,61.94,5,0,53,month-to-month,mailed_check,dsl,0
C007064,2,52.52,77.55,3,0,89,one-year,mailed_check,fiber,0
C000817,8,40.19,342.79,4,0,84,one-year,bank_transfer,fiber,0
C008934,27,96.26,2530.68,2,0,31,month-to-month,electronic_check,fiber,0
C003414,44,28.88,1261.95,2,0,17,month-to-month,credit_card,fiber,0
C006352,10,24.04,166.65,4,0,12,one-year,mailed_check,dsl,0
C002341,29,48.51,1507.84,5,1,21,two-year,electronic_check,none,0
C009029,9,95.32,864.8,3,1,60,one-year,mailed_check,fiber,0
C003167,20,117.61,2322.63,1,1,53,one-year,electronic_check,fiber,1
C001809,70,98.81,6956.55,2,0,67,one-year,mailed_check,none,0
C008035,33,89.64,2935.17,4,0,24,month-to-month,bank_transfer,dsl,0
C001264,18,65.33,1208.11,1,1,88,two-year,bank_transfer,none,0
C005086,60,89.7,5470.77,3,0,67,month-to-month,mailed_check,dsl,0
C009675,1,28.84,15.71,3,0,30,month-to-month,bank_transfer,fiber,0
C005835,62,27.85,1756.83,3,1,62,one-year,electronic_check,dsl,0
C005194,27,20.04,528.27,4,0,86,one-year,credit_card,fiber,0
C004449,65,54.79,3505.63,3,0,47,month-to-month,electronic_check,fiber,0
C004945,53,23.55,1289.89,4,1,24,month-to-month,bank_transfer,dsl,0
C004045,1,26.55,68.5,4,1,76,two-year,mailed_check,dsl,0
C006503,40,81.29,3191.6,2,0,87,month-to-month,electronic_check,dsl,0
C003702,18,41.0,674.46,4,0,8,month-to-month,mailed_check,fiber,0
C001035,54,107.67,5763.76,2,2,69,month-to-month,credit_card,dsl,0
C009256,35,20.25,716.62,1,0,84,one-year,mailed_check,dsl,0
C005590,6,26.32,141.43,5,1,48,one-year,mailed_check,fiber,0
C001228,12,65.22,844.7,2,0,25,month-to-month,mailed_check,dsl,1
C009999,45,105.7,4733.88,4,0,85,two-year,electronic_check,dsl,0
C006811,59,66.65,3886.11,5,0,60,month-to-month,credit_card,none,0
C005141,2,102.54,240.55,4,0,71,two-year,bank_transfer,dsl,0
C000052,27,75.86,2037.81,4,0,18,one-year,mailed_check,fiber,1
C009067,35,95.65,3391.26,5,0,48,month-to-month,mailed_check,dsl,0
C008395,64,111.51,7182.83,1,0,29,one-year,mailed_check,dsl,0
C000159,57,50.18,2824.77,2,0,85,two-year,bank_transfer,dsl,0
C007552,36,82.86,3007.81,2,1,56,month-to-month,electronic_check,none,0
C001587,6,116.67,703.34,5,1,78,month-to-month,electronic_check,none,1
C001589,3,71.37,199.11,2,1,6,two-year,bank_transfer,none,0
C009841,29,61.47,1807.27,4,1,18,one-year,credit_card,fiber,0
C009328,32,116.62,3626.41,2,0,85,month-to-month,bank_transfer,none,0
C006930,7,98.85,643.0,1,0,46,one-year,credit_card,fiber,0
C006596,63,58.07,3655.37,2,0,59,month-to-month,mailed_check,dsl,0
C006174,34,78.05,2670.02,5,0,25,month-to-month,bank_transfer,fiber,0
C008098,6,98.18,539.45,2,0,34,month-to-month,bank_transfer,fiber,0
C003858,24,45.32,1040.79,4,1,65,one-year,mailed_check,fiber,0
C009814,37,29.72,1162.37,2,0,9,month-to-month,credit_card,fiber,0
C006691,49,94.63,4542.46,5,0,66,month-to-month,electronic_check,fiber,0
C002828,46,100.44,4618.78,2,0,28,two-year,bank_transfer,none,0
C000436,41,103.0,4235.15,2,0,69,one-year,credit_card,dsl,0
C008274,6,81.99,515.55,5,1,41,month-to-month,credit_card,fiber,0
C008168,34,66.69,2245.98,4,1,49,two-year,electronic_check,dsl,0
C003878,13,37.2,473.83,4,0,8,month-to-month,credit_card,fiber,0
C001588,63,106.38,6775.92,3,0,54,month-to-month,credit_card,none,1
C002780,23,96.33,2220.48,3,0,64,one-year,electronic_check,fiber,0
C008981,38,46.74,1749.81,3,0,36,one-year,bank_transfer,dsl,0
C008561,1,26.84,0.0,5,0,10,two-year,credit_card,fiber,0
C005686,55,102.79,5619.17,1,0,65,two-year,mailed_check,fiber,0
C003965,62,36.74,2315.15,5,0,53,month-to-month,mailed_check,fiber,0
C004727,64,45.07,2819.16,2,1,11,one-year,bank_transfer,dsl,0
C000973,35,119.54,4162.23,4,1,2,two-year,electronic_check,dsl,0
C001238,22,103.82,2316.15,2,0,22,month-to-month,bank_transfer,none,0
C002951,37,81.39,3011.17,2,0,61,month-to-month,bank_transfer,none,0
C002342,40,107.79,4375.34,5,1,30,month-to-month,bank_transfer,fiber,0
C006520,1,60.48,95.91,5,1,22,two-year,credit_card,none,0
C007310,63,111.42,7027.64,3,0,77,two-year,electronic_check,fiber,0
C006046,9,108.65,940.47,3,1,0,one-year,credit_card,fiber,0
C002158,59,39.31,2340.12,4,0,41,month-to-month,credit_card,none,0
C009288,26,53.94,1318.81,2,0,6,month-to-month,mailed_check,fiber,0
C006589,36,40.92,1450.67,3,0,23,month-to-month,mailed_check,dsl,0
C001497,57,67.2,3844.56,5,0,10,one-year,mailed_check,dsl,0
C004545,55,47.5,2556.27,5,0,45,one-year,mailed_check,none,0
C006465,38,93.43,3497.34,4,0,4,month-to-month,electronic_check,fiber,0
C004257,7,110.0,830.18,4,0,76,one-year,bank_transfer,dsl,0
C002422,8,48.28,468.29,1,0,45,month-to-month,electronic_check,dsl,0
C008564,10,86.84,888.21,3,0,46,month-to-month,bank_transfer,fiber,1
C005185,47,28.88,1250.08,3,0,55,month-to-month,bank_transfer,dsl,0
C005647,69,101.63,6942.96,3,0,72,two-year,mailed_check,fiber,0
C000357,65,61.67,4008.24,4,0,14,one-year,mailed_check,dsl,0
C005242,66,43.55,2832.36,5,0,75,month-to-month,bank_transfer,none,0
C008011,14,80.53,1157.62,5,1,20,two-year,mailed_check,dsl,0
C009240,21,25.66,488.08,5,0,34,two-year,credit_card,fiber,0
C002092,58,103.7,5968.22,2,0,17,two-year,electronic_check,none,0
C005409,52,46.7,2479.0,1,0,87,two-year,mailed_check,fiber,0
C002015,23,116.76,2738.46,4,0,64,month-to-month,mailed_check,dsl,1
C009059,40,30.59,1300.61,4,0,25,month-to-month,bank_transfer,none,0
C004044,30,50.76,1524.74,1,1,2,two-year,mailed_check,fiber,0
C000187,28,73.05,2014.55,4,0,56,one-year,credit_card,fiber,0
C006858,31,81.71,2542.1,3,0,19,month-to-month,mailed_check,none,0
C003655,35,40.8,1498.08,5,0,57,one-year,bank_transfer,fiber,0
C003426,35,99.0,3488.86,3,0,22,two-year,electronic_check,dsl,0
C007194,54,44.9,2420.84,5,0,69,one-year,credit_card,dsl,0
C001381,21,107.2,2265.78,3,0,22,month-to-month,electronic_check,none,0
C007468,66,44.72,2898.9,3,0,46,month-to-month,credit_card,fiber,0
C000413,10,38.87,402.69,4,2,49,month-to-month,bank_transfer,dsl,0
C005037,40,82.23,3282.91,5,0,19,month-to-month,mailed_check,dsl,0
C004897,42,99.67,4182.82,2,0,71,one-year,bank_transfer,none,1
C003336,38,102.8,3914.31,3,0,75,month-to-month,mailed_check,dsl,0
C003606,24,42.24,975.69,5,1,4,two-year,mailed_check,fiber,0
C003175,41,109.34,4429.93,5,1,77,month-to-month,credit_card,none,0
C002241,48,48.99,2374.15,5,0,41,one-year,electronic_check,fiber,0
C009708,63,73.03,4563.77,4,2,44,month-to-month,mailed_check,dsl,0
C007796,63,107.44,6794.04,5,1,66,two-year,mailed_check,dsl,0
C000256,49,80.21,4002.74,4,1,25,month-to-month,electronic_check,fiber,0
C008620,2,81.11,80.27,2,1,55,two-year,electronic_check,fiber,0
C000200,27,45.73,1189.22,5,1,36,month-to-month,credit_card,fiber,0
C002235,57,98.19,5599.02,5,0,15,month-to-month,credit_card,fiber,0
C004743,24,84.34,1999.75,5,0,32,month-to-month,electronic_check,dsl,1
C001767,34,67.58,2285.72,5,0,11,one-year,credit_card,dsl,0
C004236,69,56.07,3880.71,3,1,76,month-to-month,mailed_check,fiber,0
C006729,23,38.1,886.69,3,1,69,month-to-month,electronic_check,fiber,0
C008450,41,61.35,2568.24,5,0,71,month-to-month,electronic_check,dsl,1
C007277,58,86.43,4985.51,5,1,3,month-to-month,bank_transfer,dsl,0
C001572,53,84.52,4406.91,3,0,34,one-year,bank_transfer,none,0
C000024,57,83.5,4712.15,2,0,17,month-to-month,electronic_check,fiber,0
C003363,60,57.29,3403.96,5,0,11,month-to-month,electronic_check,dsl,0
C001088,47,54.86,2557.24,4,0,68,one-year,mailed_check,dsl,0
C004674,60,60.21,3632.31,1,0,11,month-to-month,bank_transfer,dsl,0
C002694,68,44.73,3061.85,2,0,69,one-year,mailed_check,fiber,0
C007582,50,80.35,4017.3,3,0,76,two-year,electronic_check,none,0
C003398,1,118.26,111.13,4,0,69,month-to-month,bank_transfer,fiber,1
C003559,34,107.46,3613.15,4,0,61,two-year,electronic_check,dsl,0
C009156,61,94.38,5624.01,3,0,27,one-year,mailed_check,fiber,0
C002841,51,46.88,2310.73,5,0,38,one-year,mailed_check,dsl,0
C002311,5,48.0,226.42,1,0,57,month-to-month,credit_card,fiber,0
C008333,2,51.88,90.41,2,0,74,one-year,credit_card,none,0
C003234,42,109.37,4658.12,4,1,52,two-year,bank_transfer,fiber,0
C004152,66,72.21,4730.61,4,0,70,one-year,bank_transfer,dsl,0
C001309,62,90.94,5692.84,5,0,43,one-year,electronic_check,dsl,0
C000695,19,49.11,1029.03,2,0,61,two-year,credit_card,none,0
C009859,21,67.48,1364.16,3,0,37,month-to-month,mailed_check,dsl,0
C003752,70,98.9,6983.07,3,0,29,month-to-month,credit_card,dsl,0
C006337,6,67.81,373.11,5,0,31,two-year,electronic_check,dsl,0
C001227,71,51.16,3550.69,1,0,45,month-to-month,mailed_check,dsl,0
C001999,21,94.2,1905.73,4,1,15,month-to-month,mailed_check,dsl,0
C000276,34,77.73,2612.2,5,0,9,one-year,credit_card,dsl,0
C008176,12,70.03,863.48,2,0,38,one-year,credit_card,none,0
C007664,57,39.93,2236.19,2,0,87,one-year,credit_card,dsl,0
C005929,19,56.0,980.6,4,0,74,one-year,electronic_check,dsl,0
C002953,32,25.85,829.31,4,0,51,month-to-month,credit_card,fiber,0
C003637,36,59.24,2149.73,3,0,41,one-year,credit_card,dsl,0
C003906,52,60.68,3139.84,3,0,73,month-to-month,electronic_check,fiber,0
C004778,8,89.33,671.49,1,3,15,month-to-month,bank_transfer,fiber,1
C005845,12,110.58,1346.75,5,0,89,one-year,electronic_check,fiber,1
C009698,54,66.18,3630.05,2,0,58,month-to-month,mailed_check,dsl,0
C004117,10,76.77,798.79,1,1,9,one-year,credit_card,none,0
C007030,65,39.47,2514.58,5,2,53,one-year,credit_card,dsl,0
C001137,27,39.05,1011.81,1,0,70,month-to-month,electronic_check,dsl,0
C002767,72,57.75,4212.73,4,0,82,month-to-month,electronic_check,dsl,0
C002334,40,58.9,2389.44,1,1,21,one-year,bank_transfer,dsl,0
C007706,61,43.62,2608.27,2,0,12,month-to-month,mailed_check,dsl,0
C000942,66,34.77,2366.17,2,0,31,two-year,credit_card,fiber,0
C007662,31,75.78,2290.38,1,0,52,one-year,credit_card,none,0
C002490,25,114.71,2864.61,1,1,75,two-year,bank_transfer,dsl,1
C009679,12,83.65,978.14,4,0,38,two-year,electronic_check,none,0
C006290,30,103.49,3069.01,3,0,45,month-to-month,mailed_check,fiber,0
C004935,43,49.14,2094.89,1,1,30,one-year,bank_transfer,dsl,0
C003935,62,115.85,7123.85,1,0,42,month-to-month,bank_transfer,dsl,1
C006956,13,95.63,1213.97,2,0,19,month-to-month,bank_transfer,fiber,0
C002384,14,31.91,494.85,1,0,53,month-to-month,electronic_check,none,0
C000115,41,112.64,4572.5,5,0,40,two-year,mailed_check,none,0
C001863,27,52.48,1471.3,1,0,54,month-to-month,mailed_check,fiber,0
C009976,15,56.2,898.6,3,0,18,month-to-month,electronic_check,fiber,0
C003119,63,92.54,5774.97,2,0,39,month-to-month,electronic_check,fiber,0
C004258,44,59.2,2685.76,3,0,18,one-year,credit_card,dsl,0
C006705,3,62.68,71.48,3,1,40,month-to-month,bank_transfer,fiber,0
C000902,16,33.84,453.69,1,1,19,month-to-month,mailed_check,fiber,0
C002819,51,65.57,3325.8,5,0,56,month-to-month,electronic_check,fiber,0
C003822,40,84.01,3381.38,3,1,38,two-year,bank_transfer,none,0
C008161,27,40.58,1117.5,1,1,54,one-year,electronic_check,fiber,0
C006890,11,68.65,754.75,2,1,84,two-year,bank_transfer,dsl,0
C009090,38,69.46,2602.33,5,0,56,month-to-month,bank_transfer,fiber,0
C004699,2,42.03,89.94,4,0,52,month-to-month,electronic_check,fiber,0
C008918,51,53.13,2707.23,3,0,60,month-to-month,credit_card,fiber,0
C003802,58,32.78,1861.74,4,1,68,one-year,electronic_check,none,0
C006068,11,61.78,573.12,5,0,37,one-year,electronic_check,fiber,0
C005810,49,58.89,2813.44,2,0,51,two-year,bank_transfer,none,0
C003536,3,31.14,28.63,1,1,9,month-to-month,credit_card,fiber,0
C003825,66,107.58,7145.65,3,0,0,two-year,mailed_check,fiber,0
C008642,66,60.64,3968.23,4,0,24,month-to-month,bank_transfer,dsl,0
C008608,53,59.54,3204.49,4,1,86,month-to-month,credit_card,dsl,0
C004810,15,51.09,851.7,4,0,70,month-to-month,mailed_check,none,0
C001946,12,92.35,1060.04,1,0,7,month-to-month,mailed_check,dsl,1
C008600,60,81.79,4966.99,1,0,42,two-year,mailed_check,fiber,0
C007136,41,68.03,2769.46,4,0,43,two-year,bank_transfer,fiber,0
C005335,6,113.13,700.31,5,0,37,month-to-month,bank_transfer,fiber,0
C003488,32,99.92,3145.09,2,0,65,month-to-month,credit_card,dsl,1
C001610,56,91.52,5173.82,1,0,33,month-to-month,mailed_check,fiber,0
C007461,68,55.26,3741.01,2,0,68,one-year,bank_transfer,fiber,0
C008473,28,32.66,861.02,4,0,20,month-to-month,mailed_check,none,0
C004677,41,90.05,3702.1,2,0,76,one-year,bank_transfer,fiber,1
C004959,68,53.55,3665.98,1,0,54,one-year,credit_card,dsl,0
C005867,64,25.16,1648.71,3,0,5,month-to-month,bank_transfer,none,0
C008763,24,51.26,1138.67,2,0,5,one-year,electronic_check,dsl,0
C004761,62,23.77,1456.16,5,0,52,month-to-month,credit_card,none,0
C002194,48,99.6,4810.64,5,0,46,month-to-month,electronic_check,fiber,0
C008003,26,68.27,1760.66,1,0,0,two-year,mailed_check,none,0
C005701,28,60.77,1706.41,2,0,1,two-year,mailed_check,fiber,0
C005113,2,106.07,280.92,2,0,0,month-to-month,mailed_check,dsl,0
C000557,64,53.29,3414.23,4,0,30,month-to-month,electronic_check,dsl,0
C008065,47,20.23,965.91,1,0,12,month-to-month,credit_card,dsl,0
C005139,72,24.63,1711.41,1,0,37,one-year,credit_card,fiber,0
C001207,52,48.99,2483.26,3,0,14,month-to-month,electronic_check,none,0
C007033,44,35.35,1502.76,3,0,27,month-to-month,credit_card,fiber,0
C007309,23,55.09,1359.22,2,0,9,month-to-month,mailed_check,none,0
C001510,25,98.64,2394.15,1,0,11,month-to-month,mailed_check,dsl,0
C006769,15,42.27,604.5,2,0,75,one-year,electronic_check,fiber,0
C003829,11,115.03,1178.46,1,0,41,month-to-month,credit_card,fiber,1
C003732,29,57.84,1623.63,5,0,33,one-year,credit_card,fiber,0
C007957,36,60.66,2219.75,1,0,82,month-to-month,bank_transfer,none,0
C003211,20,117.33,2423.03,2,1,82,month-to-month,mailed_check,dsl,1
C003630,34,70.87,2500.1,2,0,36,month-to-month,bank_transfer,none,0
C001708,18,80.6,1479.89,2,0,5,one-year,mailed_check,fiber,0
C001845,45,27.98,1172.76,2,0,66,month-to-month,bank_transfer,fiber,0
C000266,33,52.79,1718.69,4,0,78,two-year,mailed_check,dsl,0
C005985,23,42.16,932.0,3,0,65,month-to-month,credit_card,fiber,0
C001140,64,38.93,2510.89,4,2,59,two-year,bank_transfer,fiber,0
C003162,12,43.25,528.98,2,1,54,month-to-month,bank_transfer,fiber,0
C006207,55,84.55,4644.74,3,0,86,month-to-month,bank_transfer,none,0
C002046,33,58.19,1955.83,4,0,69,one-year,mailed_check,fiber,0
C003730,52,42.34,2255.97,2,1,23,one-year,bank_transfer,none,0
C001909,68,57.03,3964.28,3,0,25,month-to-month,credit_card,dsl,0
C007307,15,103.42,1628.9,5,0,11,one-year,credit_card,dsl,0
C002660,32,62.27,1866.29,3,0,17,month-to-month,mailed_check,dsl,0
C000656,56,111.19,6251.94,4,0,78,two-year,electronic_check,dsl,0
C006660,5,97.2,539.28,1,1,29,month-to-month,bank_transfer,none,1
C001307,18,104.86,1763.51,3,0,25,month-to-month,bank_transfer,dsl,0
C009429,41,89.97,3720.7,4,0,79,month-to-month,credit_card,fiber,1
C000998,70,106.12,7405.31,5,1,4,one-year,bank_transfer,none,0
C007432,28,31.32,879.27,1,1,0,month-to-month,electronic_check,fiber,0
C002834,28,80.36,2251.71,4,0,50,month-to-month,mailed_check,fiber,0
C009178,14,66.1,903.19,2,2,13,two-year,bank_transfer,dsl,0
C005880,12,30.58,336.46,4,0,42,month-to-month,mailed_check,none,0
C001237,9,86.87,750.42,4,0,43,month-to-month,electronic_check,dsl,0
C002151,24,93.47,2168.48,5,0,10,one-year,credit_card,none,0
C007919,29,83.39,2412.44,3,0,66,month-to-month,credit_card,none,0
C009695,48,90.07,4357.05,3,0,59,month-to-month,bank_transfer,dsl,0
C007189,4,31.59,144.95,4,0,78,two-year,mailed_check,none,0
C008303,39,109.07,4189.84,4,3,5,two-year,bank_transfer,none,0
C006578,10,86.44,953.05,5,1,50,one-year,credit_card,fiber,0
C005091,28,30.34,825.57,3,0,35,month-to-month,electronic_check,fiber,0
C002186,22,46.06,1038.81,5,2,58,one-year,electronic_check,dsl,0
C001134,45,52.92,2343.61,3,0,40,month-to-month,credit_card,fiber,0
C005004,56,50.38,2824.05,3,0,47,month-to-month,mailed_check,fiber,0
C007974,10,23.41,208.8,2,1,52,one-year,electronic_check,none,0
C001303,65,36.18,2411.46,2,0,83,two-year,electronic_check,fiber,0
C008468,51,34.72,1804.74,2,0,87,month-to-month,electronic_check,fiber,0
C001627,43,78.3,3379.95,3,0,6,month-to-month,mailed_check,fiber,0
C009281,15,38.01,648.71,5,0,14,two-year,bank_transfer,fiber,0
C001522,14,24.45,353.78,4,0,28,two-year,bank_transfer,fiber,0
C009810,72,112.64,8125.76,2,0,37,two-year,electronic_check,fiber,0
C000358,7,56.37,333.75,5,1,47,month-to-month,credit_card,dsl,0
C000138,26,42.74,1159.17,3,0,8,one-year,bank_transfer,fiber,0
C000299,2,29.26,14.1,1,0,16,month-to-month,electronic_check,dsl,0
C001556,65,105.41,6871.89,3,0,19,month-to-month,mailed_check,dsl,0
C005099,22,43.26,941.61,5,2,63,two-year,mailed_check,dsl,0
C000382,69,98.34,6780.18,1,0,70,two-year,electronic_check,none,0
C008312,30,21.33,643.93,4,1,46,month-to-month,bank_transfer,fiber,0
C006948,28,72.33,2039.2,1,0,23,month-to-month,electronic_check,fiber,0
C004857,46,81.26,3749.72,4,0,16,one-year,mailed_check,dsl,0
C003180,17,45.47,800.59,4,0,81,one-year,mailed_check,fiber,0
C001439,69,77.5,5280.26,3,0,84,month-to-month,electronic_check,dsl,0
C007269,43,34.32,1425.19,5,0,61,two-year,electronic_check,dsl,0
C005673,47,95.7,4534.8,5,0,74,month-to-month,credit_card,fiber,0
C000946,71,25.71,1796.9,2,0,85,month-to-month,credit_card,none,0
C002390,33,46.08,1580.15,4,0,69,one-year,electronic_check,fiber,0
C005498,72,86.05,6245.06,5,0,3,month-to-month,bank_transfer,dsl,0
C007073,17,24.31,426.66,2,0,62,month-to-month,credit_card,none,0
C009230,40,112.1,4540.57,1,0,29,month-to-month,credit_card,fiber,0
C002721,49,106.35,5145.11,2,1,89,month-to-month,mailed_check,dsl,1
C001932,61,77.39,4708.19,5,1,64,month-to-month,bank_transfer,none,0
C007423,55,21.09,1151.5,2,0,25,one-year,mailed_check,dsl,0
C003236,27,112.54,2943.89,1,0,73,two-year,bank_transfer,dsl,0
C003140,36,48.26,1731.52,5,0,13,month-to-month,credit_card,none,0
C004163,15,77.83,1205.26,3,2,72,month-to-month,credit_card,fiber,0
C008888,41,89.59,3621.55,3,0,49,month-to-month,mailed_check,fiber,0
C003807,12,98.85,1124.96,2,0,36,month-to-month,bank_transfer,fiber,1
C009479,46,66.97,3073.84,1,1,55,month-to-month,mailed_check,dsl,0
C006983,1,39.6,112.64,2,0,51,one-year,bank_transfer,fiber,0
C008904,44,25.4,1126.26,3,0,38,one-year,mailed_check,fiber,0
C009722,9,92.29,890.05,2,0,46,month-to-month,electronic_check,dsl,0
C004154,17,67.0,1173.78,3,1,4,month-to-month,electronic_check,fiber,0
C004172,37,22.48,845.33,3,0,78,two-year,electronic_check,fiber,0
C000796,70,71.94,5071.71,4,0,65,month-to-month,electronic_check,dsl,0
C002416,45,40.61,1845.52,3,0,52,one-year,credit_card,none,0
C007170,65,71.86,4744.26,2,0,37,month-to-month,electronic_check,fiber,0
C006139,33,37.05,1249.94,2,0,89,month-to-month,credit_card,dsl,0
C000785,43,93.76,4002.79,3,0,64,month-to-month,credit_card,fiber,0
C007067,12,116.45,1386.32,5,0,58,month-to-month,electronic_check,fiber,1
C003158,49,44.12,2136.08,2,0,47,one-year,bank_transfer,fiber,0
C000123,34,75.43,2542.97,1,0,83,month-to-month,electronic_check,fiber,0
C009457,44,46.7,2027.87,2,0,81,one-year,electronic_check,dsl,0
C009246,67,78.4,5281.49,4,0,20,month-to-month,bank_transfer,fiber,0
C002172,72,93.54,6617.22,2,0,71,one-year,bank_transfer,dsl,0
C002169,71,22.18,1557.63,3,1,5,month-to-month,electronic_check,fiber,0
C006880,23,79.16,1828.16,2,2,14,month-to-month,bank_transfer,dsl,0
C004009,9,23.22,97.09,4,0,76,one-year,electronic_check,fiber,0
C009296,55,33.65,1895.05,2,0,31,one-year,credit_card,dsl,0
C004340,4,25.38,108.99,3,0,89,two-year,bank_transfer,fiber,0
C000910,56,116.12,6424.52,1,0,73,two-year,bank_transfer,none,0
C006268,20,24.97,464.14,4,1,62,month-to-month,electronic_check,dsl,0
C007771,3,46.96,70.43,5,0,28,month-to-month,electronic_check,dsl,0
C002309,39,59.46,2307.2,3,0,50,month-to-month,mailed_check,dsl,0
C009658,57,54.97,3109.1,2,2,1,two-year,electronic_check,fiber,0
C003634,70,30.78,2149.69,5,0,25,two-year,mailed_check,dsl,0
C001257,40,31.07,1233.45,4,1,20,one-year,mailed_check,fiber,0
C006591,70,43.67,3089.08,5,0,62,month-to-month,electronic_check,fiber,0
C004458,9,78.68,605.3,2,0,3,one-year,electronic_check,dsl,0
C006133,30,117.49,3491.39,5,2,23,month-to-month,bank_transfer,dsl,0
C001178,19,57.15,1090.62,1,1,36,month-to-month,bank_transfer,fiber,0
C004652,24,36.3,855.39,3,0,32,month-to-month,mailed_check,fiber,0
C006218,2,72.33,93.33,4,0,45,two-year,mailed_check,dsl,0
C003650,9,52.23,452.66,5,0,54,month-to-month,credit_card,dsl,0
C000442,10,101.87,908.95,3,2,45,two-year,electronic_check,fiber,0
C003415,30,102.77,3152.97,3,0,77,one-year,bank_transfer,fiber,0
C001399,22,101.37,2202.11,4,0,5,one-year,bank_transfer,none,0
C001457,33,92.38,3029.11,4,1,2,month-to-month,mailed_check,dsl,0
C007524,30,86.61,2592.48,1,0,5,two-year,bank_transfer,fiber,0
C005744,2,97.29,179.9,3,0,13,month-to-month,credit_card,none,1
C001054,6,22.77,236.22,5,1,32,month-to-month,bank_transfer,fiber,0
C008998,7,44.81,317.83,2,0,14,month-to-month,credit_card,none,0
C003275,67,57.15,3826.81,3,0,63,month-to-month,mailed_check,fiber,0
C001463,4,46.66,196.22,4,1,49,one-year,electronic_check,none,0
C003699,55,31.29,1633.59,2,0,73,month-to-month,mailed_check,dsl,0
C003759,41,39.3,1512.45,5,0,83,month-to-month,electronic_check,fiber,0
C000929,42,24.59,1001.51,4,0,67,one-year,bank_transfer,dsl,0
C005511,58,98.27,5674.63,2,1,31,one-year,mailed_check,dsl,0
C006468,38,101.59,3813.68,4,2,31,month-to-month,bank_transfer,dsl,0
C008412,17,93.71,1568.0,5,1,32,two-year,mailed_check,fiber,0
C001829,71,94.47,6774.93,2,0,31,two-year,mailed_check,fiber,0
C002928,14,20.48,333.56,2,0,40,one-year,bank_transfer,fiber,0
C008295,50,45.68,2311.27,4,0,35,month-to-month,electronic_check,dsl,0
C006538,24,98.98,2284.77,3,1,83,month-to-month,mailed_check,dsl,1
C004221,38,52.78,2001.94,5,0,75,two-year,mailed_check,none,0
C003546,30,94.59,2818.38,2,0,43,month-to-month,bank_transfer,fiber,0
C005598,55,27.08,1567.75,2,0,9,month-to-month,bank_transfer,dsl,0
C008937,72,52.7,3767.59,2,0,85,month-to-month,credit_card,fiber,0
C007318,39,66.78,2631.49,4,2,46,month-to-month,credit_card,fiber,0
C008350,10,93.85,965.28,4,0,41,one-year,electronic_check,none,0
C002011,29,117.65,3425.74,5,0,66,one-year,electronic_check,fiber,1
C000913,71,47.26,3330.65,3,0,31,one-year,electronic_check,dsl,0
C008248,31,108.05,3292.63,1,0,82,month-to-month,credit_card,none,1
C007265,44,30.3,1355.87,5,1,5,two-year,credit_card,fiber,0
C003219,32,101.2,3220.4,2,0,11,one-year,mailed_check,fiber,0
C002606,39,97.86,3764.09,4,1,43,one-year,bank_transfer,dsl,0
C003264,38,86.59,3336.08,4,0,44,month-to-month,credit_card,dsl,0
C004928,14,99.42,1468.5,4,1,64,two-year,electronic_check,fiber,0
C008661,8,75.53,558.18,4,2,50,two-year,mailed_check,dsl,0
C006564,3,35.34,88.7,1,0,26,month-to-month,credit_card,fiber,0
C008129,9,32.43,254.47,2,0,51,month-to-month,credit_card,none,0
C000006,7,97.4,698.7,1,0,42,month-to-month,bank_transfer,fiber,1
C002980,52,59.83,3144.27,1,0,40,one-year,bank_transfer,fiber,0
C006583,52,58.28,3006.6,1,0,53,one-year,bank_transfer,dsl,0
C003361,54,110.1,5977.21,4,2,71,month-to-month,bank_transfer,dsl,1
C004774,20,97.77,1964.5,4,0,0,one-year,credit_card,none,0
C001943,3,79.66,191.75,2,0,44,month-to-month,electronic_check,none,0
C007452,62,89.1,5517.36,1,0,63,month-to-month,credit_card,dsl,0
C005499,3,97.12,338.17,2,0,64,two-year,bank_transfer,fiber,1
C001635,39,46.29,1856.38,3,0,46,month-to-month,mailed_check,fiber,0
C001141,25,35.67,961.38,5,0,8,one-year,electronic_check,none,0
C002041,65,39.74,2599.81,5,0,57,month-to-month,mailed_check,none,0
C006703,9,70.32,659.75,3,0,79,one-year,credit_card,dsl,0
C007818,50,49.34,2528.73,3,2,10,month-to-month,electronic_check,fiber,0
C002070,14,86.53,1247.53,5,0,82,month-to-month,bank_transfer,dsl,0
C003134,52,45.84,2390.33,5,0,79,two-year,electronic_check,fiber,0
C005160,28,34.65,925.47,3,0,42,two-year,credit_card,dsl,0
C008331,18,65.11,1197.04,5,0,35,month-to-month,bank_transfer,none,0
C005275,16,33.43,525.74,2,0,12,month-to-month,mailed_check,fiber,0
C002242,33,90.36,2996.47,1,0,27,month-to-month,bank_transfer,none,0
C001474,71,31.5,2274.64,2,0,61,month-to-month,credit_card,fiber,0
C008590,30,24.21,709.09,2,1,79,month-to-month,credit_card,none,0
C001889,33,82.82,2631.27,5,0,40,one-year,credit_card,dsl,0
C003435,44,98.4,4347.7,3,0,56,month-to-month,electronic_check,fiber,0
C007593,47,56.59,2693.27,3,0,60,month-to-month,mailed_check,none,0
C007745,9,27.89,265.69,5,1,45,one-year,credit_card,dsl,0
C003705,37,62.0,2252.26,2,0,47,two-year,credit_card,dsl,0
C002021,48,117.98,5675.53,1,0,75,month-to-month,electronic_check,dsl,0
C004020,10,50.33,544.39,2,0,51,month-to-month,electronic_check,dsl,0
C008830,68,43.13,2935.56,3,0,58,month-to-month,electronic_check,dsl,0
C008443,2,103.49,211.23,3,0,82,month-to-month,mailed_check,dsl,1
C003500,5,21.83,51.15,4,0,45,month-to-month,mailed_check,fiber,0
C002658,49,34.24,1699.71,2,0,48,one-year,electronic_check,none,0
C008456,70,33.46,2346.32,1,0,1,month-to-month,electronic_check,fiber,0
C006888,8,99.59,825.56,1,0,25,month-to-month,electronic_check,fiber,1
C001130,30,48.75,1481.84,3,0,19,one-year,bank_transfer,fiber,0
C005557,19,27.31,511.53,4,0,89,month-to-month,mailed_check,fiber,0
C007358,64,112.16,7239.9,1,0,32,one-year,electronic_check,dsl,0
C001819,22,116.91,2515.36,5,1,67,one-year,mailed_check,none,0
C007538,22,105.44,2298.67,5,1,70,two-year,mailed_check,none,1
C009386,58,73.49,4315.98,1,0,87,month-to-month,credit_card,fiber,0
C004318,62,97.67,6129.2,5,1,22,month-to-month,electronic_check,dsl,0
C009604,32,108.79,3387.21,1,0,67,month-to-month,electronic_check,fiber,0
C004144,10,24.98,153.6,4,0,74,two-year,electronic_check,dsl,0
C004669,31,107.08,3363.65,2,0,26,one-year,electronic_check,fiber,0
C001236,1,62.07,31.0,4,1,36,two-year,mailed_check,fiber,0
C005476,19,68.4,1295.96,3,0,22,month-to-month,credit_card,fiber,0
C009836,43,79.3,3468.77,1,0,5,month-to-month,electronic_check,none,0
C001856,27,43.34,1222.67,1,0,66,month-to-month,credit_card,dsl,0
C002282,24,35.83,860.35,5,1,41,two-year,electronic_check,dsl,0
C008693,56,41.91,2416.57,5,1,19,month-to-month,electronic_check,none,0
C009320,21,77.83,1628.55,5,0,32,month-to-month,mailed_check,fiber,1
C004093,33,42.26,1397.75,5,1,12,month-to-month,electronic_check,dsl,0
C007061,4,93.74,343.03,2,0,85,month-to-month,credit_card,dsl,1
C005200,32,85.14,2754.58,3,0,68,month-to-month,electronic_check,dsl,0
C006401,55,77.27,4258.12,3,0,16,month-to-month,electronic_check,fiber,0
C009929,17,61.48,1051.7,3,0,27,month-to-month,electronic_check,dsl,0
C003421,57,104.28,5950.84,5,0,16,one-year,credit_card,dsl,0
C009269,47,73.84,3483.39,2,1,44,month-to-month,mailed_check,fiber,0
C000386,5,28.6,139.72,2,0,70,two-year,credit_card,dsl,0
C008548,7,52.56,381.55,5,0,63,month-to-month,mailed_check,none,0
C001628,28,40.16,1184.34,4,0,30,month-to-month,electronic_check,fiber,0
C003585,16,56.19,910.93,1,0,56,one-year,credit_card,none,0
C007412,48,111.5,5362.89,2,0,40,month-to-month,credit_card,dsl,0
C002714,37,47.37,1796.76,1,0,26,month-to-month,bank_transfer,dsl,0
C007171,58,104.21,5980.25,3,0,84,one-year,mailed_check,none,0
C008435,6,69.85,466.96,1,1,32,month-to-month,mailed_check,none,1
C009321,50,88.95,4553.79,2,0,85,two-year,bank_transfer,none,0
C005659,54,67.8,3623.95,4,0,64,month-to-month,electronic_check,fiber,0
C003189,61,100.17,6182.35,3,0,70,two-year,bank_transfer,none,0
C009968,18,99.89,1837.36,1,0,83,one-year,credit_card,dsl,0
C004305,56,66.54,3774.51,3,0,24,one-year,credit_card,fiber,0
C000909,7,33.37,152.86,4,0,0,one-year,mailed_check,dsl,0
C005385,64,50.82,3271.94,1,1,53,two-year,mailed_check,dsl,0
C001996,40,93.49,3714.91,2,0,27,two-year,credit_card,dsl,0
C001866,8,71.76,511.13,2,0,66,month-to-month,bank_transfer,fiber,1
C001842,59,92.28,5453.39,2,0,8,one-year,electronic_check,dsl,0
C002497,64,70.23,4396.12,3,0,68,one-year,credit_card,fiber,0
C000201,66,37.22,2456.49,1,0,4,two-year,mailed_check,dsl,0
C007905,68,108.93,7472.87,1,1,86,month-to-month,electronic_check,dsl,1
C007724,64,29.64,1931.82,3,0,42,one-year,credit_card,dsl,0
C005054,4,103.95,463.09,2,1,15,one-year,bank_transfer,fiber,0
C005889,21,26.04,509.4,5,0,79,one-year,credit_card,fiber,0
C004006,19,31.83,627.41,2,1,16,two-year,mailed_check,fiber,0
C009901,17,60.27,1038.65,3,1,14,two-year,bank_transfer,none,0
C002702,16,75.25,1098.56,2,1,24,month-to-month,credit_card,dsl,0
C003449,36,99.23,3600.68,4,0,45,month-to-month,electronic_check,fiber,0
C000331,27,94.26,2533.72,3,1,30,month-to-month,electronic_check,none,1
C007139,23,96.48,2174.62,4,0,44,two-year,mailed_check,none,0
C008960,33,112.98,3712.13,1,0,15,two-year,mailed_check,none,0
C009819,16,55.55,861.27,5,0,55,one-year,bank_transfer,fiber,0
C007176,54,63.94,3403.87,3,0,7,month-to-month,mailed_check,none,0
C002459,5,85.31,470.84,5,0,6,two-year,bank_transfer,dsl,0
C001774,56,71.64,3999.89,3,0,1,month-to-month,credit_card,dsl,0
C006628,32,52.01,1693.74,5,0,72,one-year,credit_card,dsl,0
C007596,47,115.69,5426.11,2,0,36,month-to-month,bank_transfer,fiber,0
C007986,61,111.14,6727.84,1,0,42,month-to-month,electronic_check,dsl,0
C002686,18,69.73,1282.94,2,0,28,month-to-month,credit_card,fiber,0
C009147,27,111.38,3024.53,4,0,48,month-to-month,mailed_check,dsl,0
C000989,57,68.33,3930.69,1,0,8,month-to-month,credit_card,fiber,0
C009046,67,119.29,8024.79,1,1,55,month-to-month,mailed_check,dsl,0
C008348,52,81.47,4170.38,3,0,84,one-year,electronic_check,dsl,0
C008875,18,47.68,862.72,3,1,82,month-to-month,bank_transfer,fiber,0
C008550,64,35.48,2241.08,1,0,56,two-year,mailed_check,fiber,0
C005806,31,49.1,1510.9,5,0,54,one-year,electronic_check,dsl,0
C008733,35,95.8,3342.08,3,0,32,two-year,bank_transfer,none,0
C008697,38,54.7,2074.16,3,0,40,one-year,electronic_check,fiber,0
C006574,10,100.61,969.64,4,0,29,two-year,bank_transfer,dsl,0
C003052,55,110.89,6069.21,4,0,48,two-year,mailed_check,dsl,0
C008637,62,46.06,2888.54,1,1,87,two-year,credit_card,none,0
C005462,51,21.62,1248.76,1,0,47,one-year,bank_transfer,none,0
C000173,53,24.69,1232.62,3,0,66,month-to-month,mailed_check,dsl,0
C004954,28,88.03,2418.72,4,0,11,one-year,bank_transfer,none,0
C004615,32,63.78,2017.88,3,1,50,month-to-month,electronic_check,dsl,0
C003321,12,74.42,893.04,3,0,42,two-year,mailed_check,dsl,0
C007065,35,63.61,2187.13,1,0,63,month-to-month,credit_card,fiber,0
C006246,57,43.69,2545.92,3,0,7,one-year,bank_transfer,none,0
C006745,62,110.29,6838.52,3,0,23,month-to-month,bank_transfer,dsl,0
C003372,23,40.6,926.63,2,1,7,month-to-month,credit_card,fiber,0
C006048,13,56.98,806.22,4,0,86,month-to-month,electronic_check,none,0
C003311,29,51.62,1590.61,3,0,67,month-to-month,credit_card,dsl,0
C007416,59,111.14,6517.78,5,0,13,month-to-month,credit_card,fiber,0
C007293,26,82.9,2166.98,3,0,80,two-year,credit_card,dsl,0
C007584,1,83.65,58.85,1,0,38,month-to-month,mailed_check,dsl,0
C009377,62,81.57,5054.72,4,0,54,two-year,electronic_check,fiber,0
C008811,43,90.32,3828.41,5,0,74,month-to-month,credit_card,dsl,0
C008160,13,22.28,240.19,3,0,36,month-to-month,electronic_check,none,0
C004679,5,60.6,321.56,3,0,77,month-to-month,electronic_check,fiber,1
C003403,71,103.43,7333.4,5,1,77,two-year,credit_card,none,0
C000018,61,80.08,4871.91,4,2,50,one-year,bank_transfer,dsl,0
C003691,46,52.66,2419.91,4,1,36,month-to-month,credit_card,fiber,0
C008654,2,53.34,2.33,1,0,20,month-to-month,electronic_check,dsl,0
C004096,39,66.16,2681.35,4,0,66,month-to-month,mailed_check,fiber,0
C003628,61,61.11,3755.45,3,0,33,month-to-month,bank_transfer,fiber,0
C008862,58,64.64,3740.94,3,1,21,month-to-month,bank_transfer,dsl,0
C002174,17,55.84,972.8,2,0,70,one-year,credit_card,fiber,0
C001356,25,52.82,1308.75,1,0,69,two-year,mailed_check,dsl,0
C005002,46,40.27,1885.17,1,0,55,month-to-month,mailed_check,dsl,0
C007391,31,71.87,2182.13,2,0,49,month-to-month,mailed_check,fiber,0
C006922,34,93.21,3122.24,4,0,31,month-to-month,electronic_check,fiber,0
C005823,11,63.0,633.3,1,0,3,one-year,bank_transfer,none,0
C009502,18,68.82,1251.52,5,0,37,month-to-month,electronic_check,fiber,0
C005670,26,39.59,1142.57,1,1,79,one-year,credit_card,fiber,0
C003112,5,114.66,632.72,4,0,28,month-to-month,bank_transfer,none,0
C000182,36,20.32,665.66,1,0,81,month-to-month,bank_transfer,dsl,0
C003642,67,25.74,1681.88,2,1,23,month-to-month,credit_card,fiber,0
C008857,18,51.66,896.52,3,0,48,one-year,bank_transfer,dsl,0
C001812,49,53.81,2628.27,1,1,13,month-to-month,credit_card,none,0
C007875,47,59.67,2838.97,5,1,40,month-to-month,bank_transfer,fiber,0
C008497,15,62.61,935.49,5,0,34,month-to-month,electronic_check,fiber,0
C004912,2,109.01,180.09,4,0,35,month-to-month,electronic_check,dsl,0
C005668,55,37.98,2040.93,4,0,34,two-year,credit_card,dsl,0
C008542,34,36.49,1212.82,1,1,35,month-to-month,bank_transfer,none,0
C001800,5,60.73,290.23,1,0,12,month-to-month,electronic_check,none,0
C009251,45,43.52,1929.78,5,0,81,month-to-month,bank_transfer,fiber,0
C002429,20,112.89,2231.29,2,0,13,month-to-month,credit_card,none,0
C005482,22,99.57,2183.63,5,0,34,month-to-month,mailed_check,fiber,0
C006761,21,67.38,1427.25,4,0,35,one-year,mailed_check,fiber,0
C009839,30,24.93,747.51,2,0,87,two-year,electronic_check,dsl,0
C009635,37,84.52,3145.04,5,1,31,month-to-month,credit_card,fiber,0
C001968,61,79.76,4920.64,4,0,27,two-year,mailed_check,fiber,0
C008339,34,24.13,835.3,4,0,4,one-year,bank_transfer,none,0
C008141,29,20.7,582.06,4,0,47,month-to-month,credit_card,fiber,0
C007696,38,89.17,3312.64,5,1,83,one-year,mailed_check,dsl,0
C007541,68,75.24,5158.15,3,0,3,one-year,credit_card,none,0
C004987,67,101.42,6829.09,4,0,33,month-to-month,mailed_check,none,0
C009756,24,47.57,1132.87,1,0,9,two-year,bank_transfer,fiber,1
C004650,29,104.97,3115.39,1,0,2,month-to-month,electronic_check,dsl,1
C001159,25,113.15,2854.95,3,0,55,month-to-month,electronic_check,dsl,0
C001213,63,79.87,5027.36,3,0,52,one-year,credit_card,fiber,0
C007336,70,29.29,2074.32,2,1,28,one-year,electronic_check,fiber,0
C001325,14,38.43,482.99,2,0,36,one-year,electronic_check,fiber,0
C007512,35,45.8,1610.59,1,0,4,month-to-month,mailed_check,none,0
C007580,1,35.99,7.51,2,1,7,month-to-month,bank_transfer,dsl,0
C004796,37,21.76,761.65,1,0,71,month-to-month,electronic_check,fiber,0
C006796,6,68.94,367.39,2,1,74,month-to-month,credit_card,fiber,1
C005808,35,42.91,1478.78,4,0,62,two-year,bank_transfer,fiber,0
C005943,47,65.46,3060.36,3,1,48,month-to-month,mailed_check,dsl,0
C009283,1,89.79,52.23,2,1,67,two-year,mailed_check,fiber,0
C008144,44,60.38,2628.9,2,0,16,one-year,credit_card,fiber,0
C001455,5,94.67,473.16,4,1,40,one-year,mailed_check,dsl,0
C005410,2,70.68,231.2,2,0,63,month-to-month,credit_card,dsl,1
C007129,71,107.13,7649.19,3,0,62,month-to-month,electronic_check,fiber,0
C008892,50,108.67,5515.26,3,0,88,one-year,mailed_check,fiber,0
C004962,71,34.31,2440.12,5,0,72,two-year,credit_card,dsl,0
C002800,58,39.51,2269.63,3,0,60,month-to-month,bank_transfer,dsl,0
C001644,10,82.82,777.13,1,0,70,month-to-month,credit_card,fiber,0
C002140,51,62.2,3179.14,3,0,73,one-year,bank_transfer,dsl,0
C004536,6,105.74,634.26,1,2,51,two-year,bank_transfer,dsl,0
C004457,3,37.9,39.25,3,0,64,month-to-month,electronic_check,fiber,0
C008951,48,98.82,4707.96,3,1,20,two-year,mailed_check,none,0
C005586,17,80.87,1384.13,2,0,58,month-to-month,electronic_check,dsl,0
C004378,12,53.56,596.04,3,1,35,month-to-month,credit_card,fiber,0
C000729,48,49.87,2374.2,4,1,14,month-to-month,bank_transfer,fiber,0
C004357,19,84.87,1662.67,2,0,31,one-year,mailed_check,none,0
C007748,42,60.62,2509.35,2,0,14,month-to-month,credit_card,fiber,0
C006716,41,50.96,2118.89,3,0,60,month-to-month,bank_transfer,dsl,0
C001936,27,110.55,3021.52,1,0,7,one-year,electronic_check,fiber,0
C003793,48,94.43,4568.0,3,0,51,month-to-month,electronic_check,dsl,0
C003736,28,73.75,2014.94,4,1,69,month-to-month,electronic_check,fiber,0
C002261,72,102.67,7448.87,4,1,79,two-year,credit_card,none,0
C004005,69,90.55,6208.81,2,0,4,two-year,bank_transfer,fiber,0
C001110,46,28.48,1285.71,1,1,16,one-year,credit_card,fiber,0
C009028,43,93.11,3962.37,5,2,36,month-to-month,credit_card,none,0
C005480,72,117.41,8335.2,3,0,51,month-to-month,electronic_check,fiber,1
C002998,32,43.22,1409.0,3,1,77,month-to-month,mailed_check,fiber,0
C002394,35,105.54,3652.63,5,0,47,month-to-month,credit_card,fiber,0
C001185,23,92.8,2157.55,2,0,43,month-to-month,mailed_check,fiber,0
C002007,11,25.38,200.39,3,0,30,month-to-month,electronic_check,fiber,0
C000193,27,87.49,2486.19,5,0,68,month-to-month,mailed_check,fiber,0
C005611,18,39.44,636.97,1,0,34,month-to-month,credit_card,fiber,0
C002901,58,82.36,4749.25,4,0,42,month-to-month,credit_card,dsl,0
C000578,65,105.07,6810.86,2,0,9,one-year,credit_card,none,0
C006219,68,96.87,6600.2,1,1,33,two-year,mailed_check,dsl,0
C005525,8,63.37,556.47,4,1,47,month-to-month,bank_transfer,fiber,0
C000771,72,107.58,7754.35,4,2,47,month-to-month,electronic_check,none,1
C007839,31,119.65,3687.66,3,1,61,two-year,mailed_check,none,0
C002395,48,109.82,5263.19,2,0,50,two-year,bank_transfer,none,0
C001478,17,44.68,734.57,3,0,55,two-year,bank_transfer,dsl,0
C001846,29,42.17,1196.45,1,0,83,month-to-month,mailed_check,dsl,0
C009108,25,58.45,1419.91,1,0,4,month-to-month,bank_transfer,fiber,0
C004274,3,80.09,252.4,5,0,85,month-to-month,mailed_check,fiber,0
C003740,17,20.85,298.35,4,0,20,month-to-month,electronic_check,fiber,0
C004600,72,72.93,5317.59,1,1,0,two-year,bank_transfer,fiber,1
C008087,67,33.08,2235.57,1,1,72,month-to-month,mailed_check,fiber,0
C008710,18,40.14,723.53,5,0,22,one-year,bank_transfer,fiber,0
C006676,59,49.64,2968.18,5,0,80,month-to-month,mailed_check,fiber,0
C006375,63,26.55,1716.91,4,0,33,month-to-month,credit_card,fiber,0
C008124,55,113.39,6288.86,3,0,35,month-to-month,bank_transfer,none,0
C009538,40,115.32,4659.19,2,1,49,month-to-month,credit_card,fiber,0
C004915,8,50.54,402.62,2,0,16,one-year,credit_card,fiber,0
C002073,25,72.98,1779.61,1,1,63,month-to-month,credit_card,fiber,0
C004754,16,80.4,1361.02,4,0,24,month-to-month,credit_card,dsl,0
C001896,42,112.63,4665.76,2,0,65,one-year,mailed_check,dsl,0
C008552,37,26.07,985.11,4,0,72,two-year,bank_transfer,none,0
C006702,38,40.62,1576.03,2,1,71,one-year,credit_card,dsl,0
C006317,66,21.41,1287.33,4,0,55,month-to-month,electronic_check,fiber,0
C003659,36,62.57,2239.4,2,1,68,month-to-month,bank_transfer,none,0
C006581,26,96.36,2596.64,4,0,37,month-to-month,credit_card,dsl,0
C002379,48,55.05,2664.34,4,0,33,month-to-month,bank_transfer,fiber,0
C001447,70,66.86,4714.33,3,0,70,one-year,bank_transfer,fiber,0
C000342,45,106.87,4827.44,1,0,44,month-to-month,bank_transfer,dsl,0
C005127,38,115.01,4335.23,5,0,64,one-year,electronic_check,fiber,0
C003136,42,75.38,3070.9,4,0,3,two-year,mailed_check,fiber,1
C002527,69,97.13,6760.22,4,0,36,month-to-month,mailed_check,fiber,0
C000727,7,52.25,332.36,4,0,77,month-to-month,electronic_check,fiber,0
C004577,15,88.24,1326.27,1,0,85,month-to-month,mailed_check,fiber,0
C000976,7,95.57,661.79,3,0,84,one-year,mailed_check,fiber,0
C008391,38,106.92,4132.26,3,0,52,two-year,bank_transfer,dsl,0
C005443,59,81.88,4860.8,4,1,9,month-to-month,credit_card,dsl,0
C009034,63,78.31,4897.17,5,0,68,month-to-month,electronic_check,none,0
C003516,13,112.87,1437.26,4,0,22,one-year,credit_card,dsl,0
C007975,34,26.95,909.22,3,0,37,one-year,credit_card,fiber,0
C009787,20,108.87,2136.95,1,0,46,month-to-month,credit_card,dsl,0
C003940,40,33.83,1328.31,3,0,65,month-to-month,bank_transfer,fiber,0
C001299,3,116.51,442.29,4,0,71,month-to-month,electronic_check,dsl,1
C009764,55,40.46,2185.7,5,1,20,month-to-month,bank_transfer,dsl,0
C001348,53,69.48,3611.06,2,0,0,month-to-month,bank_transfer,fiber,0
C000660,13,61.85,862.66,4,0,37,month-to-month,credit_card,fiber,0
C005886,72,72.1,5088.19,1,0,30,one-year,credit_card,fiber,0
C001492,3,104.92,292.36,2,0,75,two-year,mailed_check,fiber,0
C009946,50,21.32,1046.49,5,0,60,month-to-month,electronic_check,dsl,0
C004589,22,33.7,684.01,4,0,28,month-to-month,credit_card,dsl,0
C008530,51,98.55,5144.6,3,0,77,month-to-month,mailed_check,dsl,0
C005154,58,55.13,3152.28,4,0,60,month-to-month,bank_transfer,fiber,0
C002315,1,37.25,92.02,3,0,25,one-year,credit_card,dsl,0
C009614,53,101.74,5386.02,4,0,50,one-year,credit_card,none,0
C009577,10,27.48,137.9,3,0,76,month-to-month,credit_card,fiber,0
C007024,9,85.63,693.89,1,0,84,month-to-month,bank_transfer,fiber,0
C001085,61,100.04,6076.3,5,0,82,month-to-month,credit_card,dsl,1
C002524,5,38.93,71.42,3,1,20,one-year,mailed_check,none,0
C008968,29,42.67,1278.68,3,0,2,month-to-month,credit_card,fiber,0
C005374,54,92.59,5133.91,5,0,80,month-to-month,electronic_check,fiber,0
C003198,71,64.79,4521.52,4,0,21,month-to-month,electronic_check,dsl,0
C005751,16,46.52,842.17,3,0,27,one-year,electronic_check,fiber,0
C004008,14,89.6,1278.41,1,0,66,one-year,credit_card,none,0
C005717,54,96.66,5188.21,4,0,81,one-year,mailed_check,fiber,0
C006657,37,85.5,3178.64,1,1,4,month-to-month,electronic_check,dsl,0
C009357,6,116.4,648.97,5,0,49,one-year,electronic_check,fiber,1
C008790,40,63.99,2708.67,1,0,57,month-to-month,credit_card,none,0
C000067,27,55.75,1539.43,4,0,62,month-to-month,credit_card,fiber,0
C007923,10,40.46,418.09,5,0,28,two-year,electronic_check,dsl,0
C000040,12,44.07,477.82,5,0,88,month-to-month,mailed_check,fiber,0
C002269,71,55.78,3948.78,1,0,63,month-to-month,credit_card,dsl,0
C002381,33,57.89,1945.09,3,1,20,one-year,mailed_check,dsl,0
C007341,26,114.59,3029.71,5,0,81,one-year,bank_transfer,fiber,0
C009961,66,33.34,2148.36,5,0,17,one-year,mailed_check,dsl,0
C004916,8,76.43,611.03,2,1,38,two-year,mailed_check,none,0
C005322,50,42.4,2229.22,3,1,13,one-year,electronic_check,none,0
C005773,2,78.56,178.76,5,1,49,month-to-month,electronic_check,none,0
C006232,11,25.44,381.57,4,0,3,month-to-month,mailed_check,fiber,0
C006963,51,44.59,2282.77,5,0,50,one-year,electronic_check,fiber,0
C003447,41,88.0,3683.69,3,0,36,month-to-month,credit_card,fiber,0
C006816,64,84.38,5366.82,4,0,39,month-to-month,credit_card,fiber,0
C002367,13,98.35,1297.28,4,0,89,one-year,electronic_check,fiber,0
C007981,71,27.81,1898.21,2,0,62,month-to-month,credit_card,dsl,0
C008166,8,38.42,292.52,2,0,27,one-year,credit_card,dsl,0
C002512,70,25.94,1874.05,5,0,74,two-year,bank_transfer,dsl,0
C009619,42,34.41,1511.19,1,0,72,two-year,electronic_check,dsl,0
C002723,28,59.92,1666.72,2,0,27,one-year,credit_card,fiber,0
C005948,68,66.24,4509.13,2,0,78,month-to-month,mailed_check,dsl,0
C009185,53,35.57,1929.38,2,1,17,month-to-month,credit_card,none,0
C009004,56,23.92,1407.14,5,0,12,one-year,mailed_check,fiber,0
C001143,61,84.02,5176.54,4,1,43,two-year,credit_card,none,0
C009736,15,94.63,1421.82,1,0,30,month-to-month,credit_card,dsl,0
C007222,29,90.94,2682.9,2,0,70,month-to-month,electronic_check,fiber,1
C008292,5,85.49,367.39,3,0,25,month-to-month,credit_card,fiber,1
C009220,12,62.75,780.26,2,0,30,one-year,mailed_check,dsl,0
C004728,9,80.72,701.17,4,0,69,month-to-month,credit_card,fiber,0
C005494,56,110.04,6182.96,3,2,7,month-to-month,credit_card,dsl,0
C005755,29,66.6,2004.64,4,0,56,month-to-month,bank_transfer,none,0
C007562,36,94.61,3346.05,5,0,87,month-to-month,electronic_check,dsl,0
C003789,23,101.88,2369.23,1,0,39,two-year,mailed_check,fiber,0
C002220,69,41.39,2863.69,3,2,37,month-to-month,bank_transfer,fiber,0
C005075,28,94.56,2702.89,4,0,20,month-to-month,bank_transfer,dsl,0
C002331,62,108.56,6795.39,4,1,8,month-to-month,bank_transfer,fiber,0
C005394,40,84.67,3368.5,1,0,20,month-to-month,bank_transfer,none,0
C007439,35,61.39,2137.89,4,1,66,month-to-month,mailed_check,dsl,0
C008067,40,102.74,4070.39,4,1,56,month-to-month,mailed_check,none,0
C007090,48,70.03,3288.6,4,0,67,one-year,credit_card,dsl,0
C009336,29,62.92,1807.68,1,0,71,two-year,mailed_check,fiber,0
C004088,71,72.66,5130.16,4,1,52,month-to-month,credit_card,fiber,0
C001967,34,37.32,1313.87,5,0,70,month-to-month,bank_transfer,fiber,0
C009363,4,77.21,287.21,3,0,41,one-year,bank_transfer,none,0
C009796,45,68.32,3073.21,2,1,42,two-year,electronic_check,dsl,0
C006757,33,54.65,1798.21,4,0,30,one-year,bank_transfer,fiber,0
C009586,68,93.1,6300.55,5,1,44,one-year,credit_card,fiber,0
C004365,61,46.26,2837.59,1,0,2,month-to-month,bank_transfer,fiber,0
C006999,62,81.72,4990.27,4,2,3,month-to-month,electronic_check,fiber,0
C000423,42,20.61,820.24,1,1,12,one-year,credit_card,dsl,0
C000280,20,115.76,2381.59,3,0,42,month-to-month,bank_transfer,dsl,1
C001904,24,67.77,1628.05,5,0,26,two-year,bank_transfer,none,0
C000595,58,83.36,4842.48,5,0,63,two-year,mailed_check,dsl,0
C008579,44,48.05,2106.59,4,1,29,month-to-month,electronic_check,fiber,0
C003917,62,41.95,2710.57,1,0,75,one-year,electronic_check,dsl,0
C006142,39,91.71,3579.0,5,0,70,one-year,mailed_check,fiber,0
C005661,16,90.18,1378.7,3,0,76,two-year,mailed_check,none,0
C005778,51,94.41,4838.41,4,1,3,month-to-month,credit_card,fiber,0
C003618,32,37.8,1200.07,1,0,15,month-to-month,mailed_check,fiber,0
C006845,48,68.22,3336.97,5,0,15,one-year,credit_card,none,0
C000839,66,39.84,2648.63,2,0,11,month-to-month,credit_card,none,0
C004596,65,38.14,2450.5,4,0,18,month-to-month,credit_card,fiber,0
C007496,55,65.56,3627.27,3,0,54,two-year,credit_card,dsl,0
C000141,16,76.3,1138.34,1,0,27,month-to-month,mailed_check,fiber,0
C002597,53,90.37,4776.12,3,0,17,one-year,bank_transfer,fiber,0
C006701,3,98.14,305.17,1,0,51,one-year,bank_transfer,dsl,0
C007756,11,43.38,445.11,2,1,41,month-to-month,mailed_check,dsl,0
C001377,55,107.57,5906.17,1,0,5,one-year,credit_card,none,0
C003674,47,32.73,1483.63,1,0,17,month-to-month,mailed_check,fiber,0
C008770,37,115.12,4252.08,5,1,63,month-to-month,bank_transfer,fiber,0
C009895,57,107.45,6142.7,2,0,16,one-year,mailed_check,fiber,0
C006362,55,108.26,5916.69,1,0,18,month-to-month,credit_card,dsl,0
C004741,34,58.37,2051.32,1,1,41,month-to-month,electronic_check,dsl,0
C003808,38,110.95,4174.72,1,1,9,one-year,electronic_check,dsl,0
C001138,54,38.32,2060.6,4,0,31,two-year,mailed_check,fiber,0
C002257,47,110.8,5230.32,5,0,62,month-to-month,credit_card,none,0
C007865,37,108.24,4057.71,4,1,3,month-to-month,mailed_check,fiber,0
C001787,8,91.93,740.69,2,2,14,one-year,electronic_check,fiber,0
C003938,53,63.73,3433.97,3,1,54,month-to-month,credit_card,fiber,0
C009316,72,81.59,5826.02,1,0,24,month-to-month,credit_card,dsl,0
C004646,54,62.86,3424.55,4,1,53,month-to-month,mailed_check,none,0
C000459,8,26.35,188.58,3,0,26,month-to-month,credit_card,none,0
C006115,11,69.82,713.99,4,0,19,one-year,electronic_check,dsl,0
C009542,19,80.05,1519.52,3,1,26,two-year,credit_card,fiber,0
C000948,69,56.84,3977.46,4,1,44,month-to-month,credit_card,dsl,0
C003700,12,47.63,593.73,2,0,4,month-to-month,bank_transfer,dsl,0
C001336,46,62.74,2902.68,4,0,62,month-to-month,electronic_check,dsl,0
C006370,72,37.07,2621.84,1,1,47,one-year,bank_transfer,fiber,0
C004628,55,114.93,6292.73,3,3,38,month-to-month,credit_card,none,0
C006286,6,116.14,612.33,2,0,59,one-year,mailed_check,dsl,0
C005925,8,38.21,333.66,1,1,30,month-to-month,bank_transfer,dsl,0
C005934,61,58.9,3570.54,3,1,54,month-to-month,credit_card,dsl,0
C006040,29,116.47,3309.39,1,1,59,one-year,credit_card,fiber,1
C000441,22,101.19,2181.81,4,1,8,one-year,mailed_check,fiber,0
C006659,17,119.41,2081.4,5,0,55,month-to-month,bank_transfer,dsl,1
C001602,60,47.17,2849.02,4,0,69,one-year,credit_card,fiber,0
C002238,35,68.21,2383.37,3,0,18,month-to-month,bank_transfer,dsl,0
C000639,69,76.27,5292.8,1,1,68,month-to-month,mailed_check,dsl,0
C009820,58,24.46,1428.96,3,0,9,month-to-month,electronic_check,dsl,0
C003830,65,26.42,1716.55,1,0,68,two-year,electronic_check,dsl,0
C009395,35,41.94,1378.83,1,0,50,month-to-month,credit_card,dsl,0
C006144,5,34.2,167.21,5,0,5,one-year,bank_transfer,none,0
C007985,6,89.27,603.04,1,0,73,two-year,credit_card,none,0
C009052,4,115.09,432.84,1,0,56,month-to-month,bank_transfer,fiber,1
C006344,13,89.67,1075.13,4,0,73,one-year,credit_card,dsl,0
C002501,8,93.24,779.19,5,1,28,month-to-month,mailed_check,none,0
C001958,48,56.47,2798.17,4,2,49,month-to-month,bank_transfer,none,0
C001070,49,111.86,5394.23,3,0,83,one-year,mailed_check,dsl,0
C000155,48,20.37,970.94,4,0,46,two-year,electronic_check,fiber,0
C002295,58,118.39,6884.12,2,0,82,month-to-month,electronic_check,dsl,0
C009801,36,87.69,3258.13,3,1,40,month-to-month,electronic_check,none,0
C004578,20,32.0,619.87,4,0,10,month-to-month,bank_transfer,none,0
C001089,11,92.92,1008.93,5,0,29,month-to-month,credit_card,fiber,0
C006049,23,45.35,1136.69,5,2,84,one-year,bank_transfer,dsl,0
C006415,5,94.95,463.47,5,0,72,one-year,credit_card,none,0
C002940,52,36.77,2013.04,3,0,64,month-to-month,bank_transfer,fiber,0
C000723,9,108.88,973.22,2,0,51,two-year,electronic_check,none,1
C004384,28,67.83,1939.24,1,0,79,one-year,bank_transfer,none,0
C000930,39,119.25,4594.73,3,0,58,one-year,electronic_check,none,0
C002909,26,56.22,1490.44,4,0,85,two-year,mailed_check,fiber,0
C007845,25,73.54,1740.78,2,1,6,one-year,electronic_check,fiber,0
C006763,63,34.82,2191.44,2,1,2,month-to-month,bank_transfer,none,0
C008388,65,69.57,4519.9,3,0,20,one-year,bank_transfer,fiber,0
C006416,16,96.88,1623.05,3,0,61,two-year,mailed_check,fiber,0
C000895,45,97.72,4385.68,1,0,89,month-to-month,electronic_check,none,0
C003247,7,27.31,252.62,2,0,32,one-year,electronic_check,none,0
C002326,25,116.8,2905.64,2,0,80,two-year,mailed_check,dsl,0
C007096,12,58.73,682.86,2,0,3,two-year,electronic_check,none,0
C009505,27,87.14,2393.64,4,0,32,month-to-month,credit_card,dsl,0
C007581,16,37.85,638.07,1,0,47,one-year,bank_transfer,fiber,0
C009742,39,97.31,3751.08,1,1,19,one-year,electronic_check,fiber,0
C005038,72,72.28,5250.4,1,1,29,one-year,electronic_check,none,0
C006450,57,103.75,5936.71,4,0,41,two-year,bank_transfer,dsl,0
C004136,71,69.6,5051.49,5,2,75,one-year,credit_card,dsl,0
C009248,37,20.43,745.39,2,0,57,one-year,mailed_check,dsl,0
C001715,64,103.92,6617.75,5,1,38,month-to-month,electronic_check,dsl,0
C001698,26,92.18,2474.26,3,0,18,month-to-month,credit_card,fiber,0
C009690,1,111.65,59.04,2,0,51,month-to-month,credit_card,dsl,0
C009549,1,22.18,18.25,2,0,36,month-to-month,bank_transfer,none,0
C009971,24,91.17,2213.94,3,0,16,month-to-month,mailed_check,dsl,0
C008224,65,78.24,5075.74,4,0,32,two-year,mailed_check,fiber,0
C003831,15,75.56,1085.57,5,0,68,two-year,mailed_check,dsl,0
C006299,14,84.22,1188.79,2,1,48,two-year,credit_card,fiber,0
C003348,9,22.32,166.68,3,0,14,month-to-month,bank_transfer,none,0
C009518,66,28.89,1909.08,4,0,17,one-year,electronic_check,dsl,0
C000985,47,56.62,2594.27,5,1,77,month-to-month,bank_transfer,fiber,0
C001821,56,113.65,6441.8,3,0,17,month-to-month,mailed_check,dsl,0
C004571,7,85.44,542.83,4,0,62,one-year,bank_transfer,fiber,0
C000587,8,49.46,352.46,3,0,39,one-year,credit_card,none,0
C009757,28,108.71,3089.55,4,0,33,month-to-month,bank_transfer,dsl,0
C005077,1,37.5,0.0,3,0,83,two-year,bank_transfer,none,0
C007782,61,78.42,4768.38,2,0,49,two-year,credit_card,fiber,0
C008323,21,118.37,2519.77,2,0,3,one-year,electronic_check,dsl,0
C009522,63,39.34,2438.04,2,0,7,two-year,bank_transfer,none,0
C009967,12,55.23,674.28,4,0,76,two-year,mailed_check,fiber,0
C005483,61,84.57,5091.13,2,0,5,one-year,mailed_check,fiber,0
C007746,59,105.09,6190.88,1,0,78,one-year,bank_transfer,fiber,0
C009280,40,65.06,2573.72,5,0,55,month-to-month,electronic_check,dsl,0
C005514,37,111.92,4208.92,1,0,9,month-to-month,credit_card,fiber,0
C009527,37,108.39,3967.08,2,0,34,month-to-month,bank_transfer,dsl,0
C008871,41,62.53,2585.69,1,0,2,one-year,electronic_check,none,0
C005553,47,23.13,1115.12,4,1,46,one-year,mailed_check,dsl,0
C003557,25,93.7,2378.5,3,2,72,month-to-month,mailed_check,none,1
C001395,43,95.9,4109.77,4,0,80,one-year,credit_card,dsl,0
C000264,72,56.85,4088.62,2,0,63,one-year,electronic_check,none,0
C003547,64,75.11,4781.77,1,2,70,month-to-month,bank_transfer,fiber,0
C006844,20,65.29,1195.12,3,0,52,two-year,mailed_check,fiber,0
C007628,52,48.17,2422.04,1,1,28,month-to-month,bank_transfer,fiber,0
C006788,18,97.29,1715.14,1,1,88,month-to-month,mailed_check,dsl,1
C003069,6,118.04,669.38,4,0,40,month-to-month,bank_transfer,fiber,1
C005025,9,32.92,385.38,3,0,64,two-year,mailed_check,none,0
C008396,49,33.82,1608.45,4,0,9,month-to-month,mailed_check,dsl,0
C003864,46,26.76,1241.65,2,0,21,month-to-month,electronic_check,fiber,0
C009072,2,69.64,196.27,3,0,81,two-year,bank_transfer,none,0
C002400,1,73.74,0.0,2,0,14,month-to-month,electronic_check,dsl,0
C006274,41,26.25,1138.15,4,1,39,one-year,mailed_check,dsl,0
C008484,10,59.42,658.35,2,0,88,one-year,bank_transfer,dsl,0
C003711,72,33.13,2392.26,3,2,30,month-to-month,bank_transfer,dsl,0
C000246,55,70.94,3953.96,1,0,76,two-year,mailed_check,fiber,0
C001594,51,119.95,6099.56,4,0,23,one-year,bank_transfer,fiber,0
C009682,32,113.52,3649.03,3,0,60,month-to-month,mailed_check,dsl,1
C001529,67,28.36,1878.83,3,0,57,one-year,mailed_check,dsl,0
C008223,60,41.41,2423.15,5,1,0,month-to-month,mailed_check,dsl,0
C000923,11,50.23,545.1,2,0,52,month-to-month,bank_transfer,dsl,0
C007553,51,70.57,3678.13,5,0,0,two-year,electronic_check,fiber,0
C004364,42,96.3,4035.7,5,0,42,two-year,mailed_check,fiber,0
C000669,10,103.23,1027.24,4,0,70,two-year,electronic_check,none,0
C003604,67,86.22,5674.86,5,0,7,month-to-month,credit_card,fiber,0
C005108,24,106.06,2628.6,2,0,80,month-to-month,mailed_check,dsl,0
C001910,6,94.71,586.48,1,0,45,two-year,bank_transfer,fiber,0
C008344,22,35.71,792.54,2,0,42,two-year,credit_card,none,0
C005248,65,23.75,1504.35,3,0,65,month-to-month,mailed_check,fiber,0
C007183,24,83.11,2008.44,1,1,89,month-to-month,credit_card,none,1
C003958,8,20.24,130.48,4,0,37,one-year,mailed_check,none,0
C006957,68,32.82,2280.83,2,0,19,month-to-month,mailed_check,none,0
C006026,33,22.04,724.6,3,0,26,month-to-month,mailed_check,dsl,0
C005643,49,117.7,5716.03,1,0,27,two-year,credit_card,fiber,0
C002696,10,51.78,498.6,1,0,71,one-year,credit_card,dsl,0
C002591,28,110.57,3108.01,4,0,33,month-to-month,mailed_check,none,1
C005906,34,87.75,2933.86,3,0,22,two-year,credit_card,fiber,0
C001781,25,58.41,1462.7,3,1,24,month-to-month,credit_card,fiber,0
C006509,3,50.59,172.71,4,1,3,two-year,mailed_check,none,0
C003013,54,56.14,3041.24,5,0,87,two-year,electronic_check,none,0
C007133,62,100.07,6066.92,4,0,32,two-year,mailed_check,fiber,0
C002307,12,98.71,1171.3,3,0,43,two-year,bank_transfer,fiber,0
C007276,19,114.36,2196.63,4,0,87,month-to-month,credit_card,fiber,0
C003690,29,70.6,2113.74,3,0,6,month-to-month,electronic_check,fiber,0
C000687,43,39.53,1757.39,4,1,58,two-year,electronic_check,fiber,0
C006011,56,105.29,5806.74,2,0,48,month-to-month,electronic_check,none,0
C007071,58,35.77,2122.14,5,0,60,one-year,credit_card,dsl,0
C000612,57,48.69,2787.72,2,0,83,one-year,bank_transfer,dsl,0
C007167,53,119.4,6337.48,3,0,53,month-to-month,electronic_check,dsl,0
C009205,72,31.38,2260.56,5,0,88,month-to-month,mailed_check,fiber,0
C003200,67,22.2,1499.63,1,0,71,month-to-month,electronic_check,none,0
C002267,53,82.89,4308.78,3,0,65,one-year,credit_card,fiber,0
C009781,17,82.23,1389.36,5,1,87,month-to-month,bank_transfer,fiber,1
C006629,22,87.11,1845.39,3,1,74,one-year,credit_card,fiber,1
C004135,70,89.54,6355.31,2,0,85,one-year,bank_transfer,fiber,1
C001898,54,80.19,4282.96,4,0,68,one-year,bank_transfer,fiber,0
C009530,49,41.16,1946.97,2,1,24,two-year,mailed_check,none,0
C008153,47,85.84,4093.76,3,0,7,one-year,mailed_check,dsl,0
C000258,13,62.66,762.14,5,0,41,month-to-month,electronic_check,none,0
C002924,31,104.55,3316.83,4,0,21,month-to-month,credit_card,none,0
C009424,19,41.5,715.87,4,0,25,month-to-month,electronic_check,fiber,0
C004943,63,77.3,4987.04,2,0,39,two-year,bank_transfer,none,0
C002822,10,51.76,531.45,1,0,3,two-year,bank_transfer,dsl,0
C006529,25,80.23,1959.42,1,1,87,month-to-month,electronic_check,none,1
C003339,63,93.35,5923.51,4,0,56,month-to-month,mailed_check,fiber,0
C003525,16,103.4,1665.88,4,0,63,month-to-month,credit_card,fiber,0
C004563,14,82.54,1079.78,3,0,61,one-year,mailed_check,none,0
C009656,61,119.35,7339.56,5,0,84,month-to-month,electronic_check,dsl,0
C007908,9,51.31,439.47,5,0,4,month-to-month,electronic_check,fiber,0
C005329,36,108.86,3887.55,5,2,60,one-year,electronic_check,dsl,0
C005223,59,90.74,5312.42,5,0,36,two-year,mailed_check,dsl,0
C002285,60,111.35,6681.12,2,0,80,two-year,electronic_check,dsl,0
C006063,5,48.1,211.86,2,1,56,two-year,credit_card,dsl,0
C004654,9,105.68,1000.03,4,2,37,month-to-month,electronic_check,fiber,0
C005000,15,92.07,1445.61,1,0,39,month-to-month,mailed_check,fiber,0
C006710,22,81.41,1787.97,5,1,12,one-year,mailed_check,fiber,0
C009324,30,65.97,1962.27,4,1,32,one-year,mailed_check,dsl,0
C000484,34,108.38,3754.82,4,1,68,month-to-month,credit_card,fiber,0
C002211,56,98.71,5452.78,1,0,59,month-to-month,mailed_check,none,0
C005416,26,67.15,1695.65,1,0,52,month-to-month,credit_card,dsl,0
C007563,61,114.01,6960.53,1,0,26,month-to-month,bank_transfer,dsl,0
C002555,8,111.95,921.06,1,0,2,two-year,electronic_check,dsl,0
C000007,51,85.08,4326.24,4,2,3,month-to-month,electronic_check,none,0
C003657,67,69.1,4613.37,2,0,9,month-to-month,mailed_check,dsl,0
C006411,31,27.56,941.41,3,0,56,two-year,credit_card,none,0
C009164,69,30.21,2035.89,5,0,24,month-to-month,credit_card,fiber,0
C004874,14,40.24,582.77,3,0,16,month-to-month,credit_card,none,0
C004402,29,72.52,2165.06,5,0,35,month-to-month,bank_transfer,none,0
C008916,23,26.62,684.79,4,0,81,one-year,bank_transfer,none,0
C005546,12,78.71,864.09,4,0,71,month-to-month,electronic_check,none,0
C005297,48,62.4,3011.21,2,0,24,month-to-month,mailed_check,fiber,0
C002426,12,119.27,1451.09,3,0,56,one-year,credit_card,fiber,0
C006744,63,61.31,3804.43,1,0,16,one-year,bank_transfer,none,0
C001814,64,70.18,4480.72,4,1,74,month-to-month,electronic_check,fiber,0
C006822,72,98.44,7000.01,3,2,67,two-year,mailed_check,fiber,0
C009625,37,38.64,1475.34,5,1,17,month-to-month,mailed_check,dsl,0
C002274,13,90.99,1183.55,1,0,87,one-year,bank_transfer,none,0
C001011,58,90.32,5194.88,1,1,34,month-to-month,credit_card,fiber,0
C001577,58,95.76,5507.69,5,0,13,month-to-month,electronic_check,dsl,0
C007264,38,92.14,3528.79,1,0,5,month-to-month,mailed_check,dsl,0
C001067,47,42.62,2004.73,5,1,70,one-year,electronic_check,fiber,0
C001991,32,45.77,1477.67,3,0,21,one-year,mailed_check,fiber,0
C003970,35,106.6,3696.7,3,0,84,one-year,electronic_check,dsl,0
C009073,48,76.68,3684.69,5,0,13,month-to-month,mailed_check,none,0
C005879,1,97.95,43.8,5,1,22,month-to-month,credit_card,none,0
C008430,7,116.09,784.1,5,1,45,one-year,bank_transfer,none,1
C004542,67,64.22,4371.33,1,0,15,two-year,electronic_check,fiber,0
C009326,12,51.42,665.25,3,0,84,month-to-month,credit_card,none,1
C007193,63,58.26,3674.37,2,0,51,month-to-month,electronic_check,fiber,0
C003867,59,60.62,3546.72,5,2,58,one-year,credit_card,dsl,0
C009415,31,79.94,2501.35,1,0,63,month-to-month,electronic_check,fiber,0
C006823,10,85.48,906.05,3,0,30,month-to-month,bank_transfer,dsl,0
C003048,13,74.96,1039.41,4,0,43,month-to-month,electronic_check,dsl,1
C000781,46,119.43,5592.43,4,1,65,two-year,bank_transfer,fiber,0
C006747,12,35.27,453.65,4,0,70,month-to-month,bank_transfer,dsl,0
C002675,43,72.86,3053.12,3,0,2,month-to-month,mailed_check,dsl,0
C001749,52,89.19,4520.26,1,0,33,month-to-month,bank_transfer,fiber,0
C006222,50,27.67,1413.98,2,1,87,month-to-month,credit_card,dsl,0
C007946,52,46.7,2399.93,1,0,55,month-to-month,bank_transfer,dsl,0
C002791,12,70.06,825.84,3,1,44,month-to-month,credit_card,fiber,1
C006519,4,76.97,352.42,5,0,77,two-year,electronic_check,dsl,0
C005774,36,34.95,1249.51,3,0,85,month-to-month,credit_card,none,0
C006357,1,112.27,110.73,3,1,81,month-to-month,bank_transfer,dsl,1
C004979,44,32.59,1340.98,4,0,11,one-year,mailed_check,dsl,0
C007588,8,70.43,579.27,1,0,64,two-year,electronic_check,fiber,0
C001091,33,31.65,1072.24,1,0,40,month-to-month,bank_transfer,none,0
C006526,2,27.58,0.0,5,0,15,month-to-month,credit_card,fiber,0
C009607,34,73.14,2505.38,2,0,46,one-year,mailed_check,dsl,0
C004627,14,56.09,784.19,3,0,17,two-year,credit_card,fiber,0
C002324,54,93.07,4993.61,3,0,76,month-to-month,bank_transfer,none,0
C006534,71,30.56,2180.93,2,1,69,two-year,mailed_check,fiber,0
C008971,21,49.52,1038.11,3,0,46,two-year,credit_card,dsl,0
C005055,65,37.3,2446.0,3,2,75,two-year,bank_transfer,fiber,0
C002608,38,52.26,1993.31,3,1,39,two-year,mailed_check,fiber,0
C009020,55,90.15,4926.17,5,1,4,month-to-month,bank_transfer,dsl,0
C002290,29,56.84,1676.57,4,0,13,one-year,mailed_check,fiber,0
C001727,42,47.51,2007.24,2,1,79,month-to-month,bank_transfer,fiber,0
C000610,61,24.71,1470.77,4,0,19,one-year,credit_card,dsl,0
C004666,23,116.58,2647.05,3,0,59,month-to-month,electronic_check,dsl,1
C008051,69,103.08,7116.3,2,0,51,month-to-month,electronic_check,dsl,0
C005413,65,71.83,4738.7,1,0,67,month-to-month,bank_transfer,fiber,0
C000343,38,78.24,2975.9,4,1,18,one-year,mailed_check,fiber,0
C004683,5,48.99,313.9,2,0,16,one-year,mailed_check,fiber,0
C008784,20,103.95,2146.44,3,0,68,month-to-month,mailed_check,dsl,0
C003750,42,92.27,3919.8,4,0,22,month-to-month,credit_card,fiber,0
C008453,44,73.46,3236.52,2,1,8,month-to-month,credit_card,dsl,0
C009307,9,118.77,1024.6,3,0,0,two-year,electronic_check,fiber,0
C005999,8,110.9,806.36,3,1,0,two-year,bank_transfer,dsl,0
C003215,20,26.29,526.21,2,2,65,one-year,electronic_check,fiber,0
C000097,50,84.35,4327.11,1,1,59,two-year,electronic_check,fiber,0
C007387,40,78.56,3050.79,2,0,85,month-to-month,mailed_check,fiber,0
C007665,30,64.48,1985.98,5,0,55,two-year,mailed_check,dsl,0
C005176,15,28.89,402.05,4,1,79,two-year,electronic_check,none,0
C007279,39,85.66,3291.43,1,0,42,two-year,bank_transfer,fiber,0
C006165,48,78.84,3768.9,5,0,61,month-to-month,mailed_check,none,0
C001537,8,78.71,655.25,4,0,17,two-year,credit_card,none,0
C003588,47,68.62,3231.47,4,0,61,month-to-month,credit_card,dsl,0
C009442,14,32.55,420.13,2,0,53,month-to-month,mailed_check,dsl,0
C006985,62,50.07,3171.69,4,0,69,month-to-month,credit_card,fiber,0
C003648,72,66.03,4728.19,2,0,69,month-to-month,electronic_check,fiber,0
C002657,20,97.64,1966.71,5,1,84,month-to-month,electronic_check,fiber,0
C009826,66,104.82,6875.74,4,0,21,two-year,electronic_check,fiber,0
C001517,4,85.12,272.12,2,1,44,month-to-month,mailed_check,fiber,0
C005061,45,68.41,3068.32,5,0,61,month-to-month,bank_transfer,fiber,0
C009349,48,106.25,5117.31,2,1,65,one-year,mailed_check,fiber,0
C004624,29,98.47,2808.13,5,0,13,month-to-month,mailed_check,none,0
C004272,68,112.15,7613.62,5,0,9,one-year,bank_transfer,dsl,0
C003669,16,108.93,1716.45,4,0,13,one-year,credit_card,fiber,0
C006566,8,65.6,554.82,2,0,51,month-to-month,mailed_check,fiber,0
C005800,9,30.18,339.92,2,0,17,one-year,electronic_check,none,0
C002090,64,67.98,4408.69,5,0,26,two-year,mailed_check,fiber,0
C007097,9,31.57,209.56,3,0,25,one-year,credit_card,dsl,0
C006171,23,90.86,2057.54,5,1,86,month-to-month,electronic_check,fiber,1
C000572,21,70.12,1461.72,4,0,44,month-to-month,mailed_check,none,0
C009558,56,34.62,1958.73,3,0,66,month-to-month,credit_card,dsl,0
C004688,1,29.53,0.0,3,0,34,one-year,electronic_check,fiber,0
C009074,31,66.15,2105.77,5,0,57,month-to-month,credit_card,fiber,0
C003062,28,74.41,2186.26,5,0,60,two-year,mailed_check,fiber,0
C009293,67,107.48,7134.89,2,0,7,month-to-month,credit_card,fiber,0
C006470,2,59.9,151.04,4,1,41,one-year,mailed_check,fiber,0
C007160,4,22.25,0.0,5,0,66,one-year,bank_transfer,fiber,0
C006633,54,34.15,1864.44,2,1,14,two-year,electronic_check,none,0
C008491,19,97.79,1895.52,2,0,31,two-year,mailed_check,fiber,0
C007925,51,29.8,1479.73,2,0,52,two-year,mailed_check,fiber,0
C007345,22,61.97,1429.46,4,1,55,month-to-month,credit_card,dsl,0
C006304,22,97.53,2120.31,2,0,75,month-to-month,electronic_check,dsl,0
C007900,9,44.23,324.23,4,0,8,month-to-month,credit_card,fiber,0
C009439,11,90.78,1063.86,5,0,30,month-to-month,mailed_check,fiber,0
C008185,61,46.99,2812.15,5,0,52,one-year,electronic_check,dsl,0
C004479,39,91.93,3529.67,3,0,20,month-to-month,mailed_check,none,0
C004948,20,83.17,1732.54,3,0,24,month-to-month,credit_card,dsl,0
C005976,68,65.11,4405.26,1,1,29,two-year,credit_card,fiber,0
C000370,25,34.53,823.74,5,0,89,two-year,electronic_check,none,0
C001938,70,26.78,1823.23,1,0,85,two-year,mailed_check,dsl,0
C002352,52,115.29,6061.2,2,1,68,month-to-month,mailed_check,fiber,1
C007127,14,86.39,1264.08,3,0,72,month-to-month,bank_transfer,fiber,1
C001753,29,111.0,3259.12,3,1,6,month-to-month,credit_card,none,0
C003670,11,26.7,329.99,1,0,30,month-to-month,bank_transfer,dsl,0
C007298,31,40.23,1274.16,3,0,0,one-year,credit_card,fiber,0
C003652,30,117.97,3454.05,5,0,4,month-to-month,bank_transfer,dsl,0
C005201,30,96.94,2893.54,3,0,55,month-to-month,credit_card,fiber,0
C007909,5,22.22,94.05,5,0,15,month-to-month,mailed_check,dsl,0
C002361,55,97.01,5359.07,3,0,52,month-to-month,bank_transfer,fiber,0
C004260,17,118.48,1954.21,3,0,20,one-year,electronic_check,dsl,0
C005432,24,48.28,1251.46,2,0,45,month-to-month,bank_transfer,fiber,0
C006285,72,48.47,3435.61,2,0,42,two-year,credit_card,dsl,0
C004991,38,54.67,2060.67,2,1,54,one-year,electronic_check,fiber,0
C007600,10,93.78,1045.01,1,0,22,month-to-month,mailed_check,fiber,0
C009462,30,85.71,2570.38,3,0,32,month-to-month,credit_card,dsl,0
C003737,39,53.52,2108.12,2,2,86,month-to-month,credit_card,fiber,0
C007520,11,60.08,691.05,1,0,24,month-to-month,credit_card,fiber,0
C008559,51,91.51,4560.68,4,0,83,month-to-month,mailed_check,none,0
C008926,16,59.79,1006.02,5,1,49,month-to-month,bank_transfer,fiber,0
C009990,23,111.04,2565.99,4,0,65,one-year,electronic_check,dsl,0
C005591,42,100.79,4263.9,4,1,59,two-year,bank_transfer,dsl,0
C001171,46,62.48,2858.25,2,1,7,one-year,credit_card,none,1
C007370,55,109.94,6051.58,4,0,44,one-year,credit_card,none,0
C007937,32,52.3,1739.92,4,0,32,month-to-month,bank_transfer,none,0
C008086,49,55.65,2737.28,1,1,67,one-year,bank_transfer,fiber,0
C001422,43,86.95,3781.74,1,0,65,one-year,credit_card,fiber,0
C006782,29,77.78,2231.17,4,0,40,month-to-month,electronic_check,fiber,1
C009443,40,36.97,1433.95,1,0,53,one-year,mailed_check,none,0
C008139,14,102.58,1367.85,2,0,27,one-year,electronic_check,dsl,0
C009350,49,20.57,876.61,5,0,60,month-to-month,electronic_check,fiber,0
C008018,18,58.86,1015.29,3,0,12,month-to-month,mailed_check,fiber,0
C006339,44,41.76,1860.71,4,0,30,one-year,electronic_check,fiber,0
C009647,51,103.66,5271.04,1,0,50,month-to-month,mailed_check,none,0
C000874,51,36.56,1924.17,3,1,22,month-to-month,bank_transfer,dsl,0
C002297,36,27.92,1009.87,3,0,5,one-year,bank_transfer,none,0
C002643,34,90.48,3005.87,4,0,56,two-year,credit_card,none,0
C007531,57,75.89,4418.63,2,0,25,month-to-month,credit_card,fiber,0
C001719,38,64.95,2573.86,1,0,16,two-year,electronic_check,fiber,0
C005347,34,76.46,2637.81,3,0,60,month-to-month,electronic_check,fiber,0
C005932,25,92.5,2325.96,4,1,2,month-to-month,mailed_check,dsl,0
C000840,21,57.7,1163.44,3,1,52,one-year,mailed_check,dsl,0
C009937,3,25.83,85.07,3,0,58,month-to-month,credit_card,none,0
C000581,61,58.46,3484.11,5,0,13,month-to-month,mailed_check,fiber,0
C000204,33,37.01,1336.01,5,0,43,one-year,mailed_check,fiber,0
C001641,4,101.83,400.5,4,0,30,one-year,bank_transfer,none,0
C002014,47,44.34,2096.51,4,0,69,two-year,bank_transfer,fiber,0
C003253,27,103.34,2730.18,2,0,27,month-to-month,electronic_check,dsl,0
C007540,48,52.28,2515.34,2,0,62,month-to-month,credit_card,fiber,0
C000905,52,108.14,5617.49,3,0,81,month-to-month,credit_card,fiber,0
C000631,24,37.98,852.94,2,0,85,month-to-month,credit_card,fiber,0
C008420,55,58.56,3215.86,5,1,79,month-to-month,mailed_check,dsl,0
C007823,35,84.26,2955.49,2,0,26,month-to-month,electronic_check,fiber,0
C001974,41,76.12,3006.95,3,0,87,month-to-month,electronic_check,fiber,0
C000162,30,32.57,904.53,4,0,89,month-to-month,bank_transfer,dsl,0
C004998,49,57.34,2763.67,3,0,26,month-to-month,mailed_check,dsl,0
C001243,36,99.17,3599.13,4,0,50,month-to-month,bank_transfer,fiber,0
C009450,56,99.39,5563.59,2,0,24,month-to-month,electronic_check,none,1
C007764,34,65.79,2274.43,5,0,76,month-to-month,bank_transfer,dsl,0
C004713,36,99.85,3671.78,2,0,52,one-year,mailed_check,dsl,1
C000875,37,67.78,2438.38,4,0,21,one-year,electronic_check,none,0
C001431,14,64.16,903.11,1,0,51,month-to-month,credit_card,none,0
C008738,52,114.55,5911.34,1,0,60,two-year,mailed_check,fiber,0
C006868,54,37.18,2030.79,3,1,21,two-year,electronic_check,fiber,0
C004643,5,30.09,19.52,4,0,24,month-to-month,electronic_check,fiber,0
C005080,23,71.54,1625.17,2,0,49,month-to-month,mailed_check,fiber,0
C005783,71,44.98,3195.59,1,0,75,month-to-month,mailed_check,dsl,1
C009138,67,45.11,3065.99,2,1,30,month-to-month,electronic_check,fiber,0
C007616,45,75.71,3454.95,1,0,12,one-year,bank_transfer,dsl,0
C008039,52,118.96,6189.65,4,0,1,month-to-month,mailed_check,fiber,0
C007955,11,50.06,535.16,2,0,60,month-to-month,bank_transfer,dsl,1
C009437,37,89.83,3315.5,1,0,44,month-to-month,mailed_check,fiber,0
C002856,41,39.69,1618.2,3,0,25,one-year,credit_card,fiber,0
C001861,22,110.58,2427.93,3,1,32,one-year,mailed_check,none,0
C002659,12,75.1,931.24,3,0,63,month-to-month,bank_transfer,fiber,0
C003384,58,37.19,2192.78,2,0,13,month-to-month,mailed_check,none,0
C009564,67,92.93,6219.49,1,0,51,month-to-month,electronic_check,fiber,0
C009776,61,96.64,5890.69,2,0,31,month-to-month,mailed_check,none,0
C008090,38,55.1,2156.98,4,0,60,two-year,credit_card,none,0
C008347,22,98.31,2159.4,3,0,35,month-to-month,electronic_check,fiber,0
C007462,16,32.55,541.44,2,0,79,one-year,electronic_check,fiber,0
C006886,64,117.77,7532.06,3,1,14,month-to-month,bank_transfer,none,0
C004733,19,37.62,800.88,4,1,11,two-year,mailed_check,none,0
C003331,62,83.98,5262.26,2,0,87,month-to-month,mailed_check,fiber,1
C009006,57,107.23,6125.88,1,0,41,two-year,electronic_check,fiber,0
C008635,57,41.5,2388.55,5,2,80,one-year,mailed_check,none,0
C006404,59,81.43,4821.28,3,0,38,month-to-month,bank_transfer,fiber,0
C008346,19,102.82,1953.49,2,0,14,month-to-month,bank_transfer,fiber,0
C009464,9,96.74,938.82,3,0,19,month-to-month,credit_card,fiber,0
C007060,35,31.65,1051.62,3,0,4,month-to-month,bank_transfer,dsl,0
C002096,68,67.89,4647.64,4,0,38,month-to-month,credit_card,none,0
C002003,33,72.86,2409.97,3,0,21,month-to-month,credit_card,dsl,0
C008804,37,79.37,2967.46,5,0,40,month-to-month,mailed_check,fiber,0
C009732,44,33.72,1555.79,3,0,24,month-to-month,bank_transfer,fiber,0
C004676,41,79.06,3316.42,4,1,30,one-year,electronic_check,fiber,0
C005017,39,99.23,3819.96,4,0,17,month-to-month,electronic_check,dsl,0
C007469,13,41.3,470.05,2,1,17,month-to-month,credit_card,fiber,0
C000546,31,117.16,3600.21,2,0,2,month-to-month,electronic_check,dsl,0
C001449,8,96.06,830.58,4,0,68,month-to-month,credit_card,dsl,1
C003986,23,48.1,1124.58,5,0,25,one-year,bank_transfer,fiber,0
C006900,3,30.12,51.44,4,0,67,two-year,bank_transfer,dsl,0
C002610,70,96.84,6765.74,3,1,76,one-year,bank_transfer,dsl,0
C001900,39,56.01,2111.07,4,1,4,month-to-month,credit_card,fiber,0
C003920,68,61.03,4234.7,1,0,29,one-year,credit_card,none,0
C002757,46,22.8,1085.4,1,0,31,two-year,bank_transfer,fiber,0
C006124,10,115.45,1102.82,1,0,14,one-year,credit_card,none,1
C006397,12,91.64,1123.22,3,0,28,one-year,electronic_check,fiber,0
C001885,13,115.7,1500.58,3,1,3,one-year,bank_transfer,none,0
C009823,34,110.91,3795.74,5,1,11,one-year,electronic_check,none,0
C005738,17,92.14,1588.17,3,0,83,one-year,mailed_check,fiber,0
C008667,35,112.7,3974.38,4,0,68,one-year,credit_card,dsl,0
C005890,54,49.16,2641.06,2,0,81,month-to-month,electronic_check,dsl,0
C002097,62,53.54,3366.99,4,0,54,month-to-month,electronic_check,fiber,0
C009289,20,57.24,1149.66,3,0,55,month-to-month,bank_transfer,dsl,0
C005692,64,26.93,1763.68,2,1,17,two-year,mailed_check,fiber,0
C000499,31,45.49,1372.6,1,0,8,month-to-month,bank_transfer,dsl,0
C005624,15,69.66,1067.76,1,1,44,month-to-month,mailed_check,dsl,0
C000836,59,107.4,6275.19,4,0,73,one-year,bank_transfer,fiber,0
C003471,54,100.19,5492.79,2,0,69,one-year,mailed_check,none,0
C004697,7,62.48,449.27,2,0,52,month-to-month,bank_transfer,fiber,0
C006280,2,29.17,0.0,1,1,34,month-to-month,electronic_check,dsl,0
C008883,23,55.21,1233.73,5,1,86,month-to-month,bank_transfer,dsl,0
C002171,54,74.53,4015.31,2,0,4,month-to-month,bank_transfer,dsl,0
C009231,21,41.85,890.87,4,1,2,month-to-month,mailed_check,fiber,0
C005678,45,29.71,1319.21,4,0,13,one-year,mailed_check,fiber,0
C009184,70,112.1,7824.56,3,0,41,one-year,bank_transfer,none,0
C000398,21,88.78,2006.82,2,0,41,month-to-month,electronic_check,fiber,0
C002010,36,27.36,937.23,3,0,32,one-year,electronic_check,dsl,0
C005166,52,110.62,5774.72,3,0,72,one-year,electronic_check,fiber,0
C005871,34,34.71,1146.28,2,0,75,month-to-month,electronic_check,none,0
C009792,5,108.81,554.88,1,0,47,month-to-month,credit_card,none,0
C001283,58,28.66,1603.82,3,0,23,two-year,mailed_check,fiber,0
C008390,72,99.34,7150.36,5,0,51,two-year,bank_transfer,fiber,0
C002448,57,67.27,3893.7,3,0,0,month-to-month,credit_card,fiber,0
C004256,24,73.93,1823.37,2,0,8,month-to-month,mailed_check,dsl,0
C001836,68,25.59,1827.79,3,0,89,two-year,bank_transfer,fiber,0
C009596,49,39.84,2065.76,3,1,9,two-year,electronic_check,fiber,0
C001019,9,114.88,1049.0,4,0,33,one-year,mailed_check,fiber,0
C005066,38,59.64,2245.8,2,2,19,month-to-month,credit_card,none,0
C001326,49,104.65,5122.62,1,0,74,one-year,mailed_check,dsl,0
C008752,31,109.06,3354.75,1,0,20,month-to-month,mailed_check,fiber,0
C000475,57,32.83,1907.49,1,1,10,month-to-month,bank_transfer,dsl,0
C002810,37,33.29,1234.68,4,0,19,month-to-month,mailed_check,none,0
C008632,32,114.29,3749.47,4,0,40,month-to-month,electronic_check,dsl,0
C001651,2,118.92,219.14,2,1,14,one-year,mailed_check,dsl,0
C009611,53,52.71,2759.41,3,0,55,two-year,credit_card,dsl,0
C001169,67,89.85,5975.21,5,0,13,one-year,mailed_check,fiber,0
C002528,7,58.29,437.59,3,0,48,one-year,bank_transfer,fiber,0
C001206,38,59.58,2199.69,1,0,73,month-to-month,credit_card,fiber,0
C006256,45,42.93,1943.46,3,1,77,month-to-month,credit_card,dsl,0
C007926,72,83.47,5979.2,2,0,50,month-to-month,mailed_check,dsl,0
C005469,20,45.52,900.23,3,1,58,month-to-month,mailed_check,dsl,0
C009383,18,30.07,494.02,3,1,20,one-year,electronic_check,dsl,0
C000431,54,64.29,3463.4,1,1,49,month-to-month,electronic_check,none,0
C007700,39,73.61,2790.85,5,0,45,two-year,electronic_check,dsl,0
C000867,61,91.55,5645.45,4,0,21,month-to-month,electronic_check,fiber,0
C002974,2,97.99,117.15,2,0,59,two-year,mailed_check,fiber,0
C005236,41,102.08,4194.13,2,0,9,one-year,electronic_check,dsl,0
C005093,70,83.4,5873.63,5,0,16,month-to-month,credit_card,none,0
C005433,37,69.44,2518.78,3,2,73,one-year,bank_transfer,fiber,0
C000541,4,74.96,347.25,1,1,51,month-to-month,electronic_check,fiber,0
C005195,30,112.1,3384.52,4,0,34,one-year,credit_card,fiber,0
C001132,58,92.51,5239.31,5,0,89,month-to-month,bank_transfer,fiber,0
C009837,67,52.8,3453.77,2,1,76,month-to-month,electronic_check,dsl,0
C004501,39,83.65,3275.62,4,1,5,one-year,bank_transfer,fiber,0
C006354,54,66.25,3694.12,2,0,85,one-year,mailed_check,dsl,0
C009333,59,23.4,1427.76,1,0,37,one-year,mailed_check,fiber,0
C003390,19,86.91,1632.55,5,0,10,one-year,bank_transfer,fiber,0
C003888,11,97.69,1023.97,4,0,80,month-to-month,bank_transfer,fiber,0
C002962,71,89.11,6360.86,5,1,39,two-year,mailed_check,fiber,0
C004155,14,111.44,1611.79,2,0,37,one-year,credit_card,dsl,0
C003259,30,76.74,2391.11,4,2,39,month-to-month,mailed_check,dsl,0
C006302,12,115.92,1501.64,4,1,0,two-year,mailed_check,fiber,0
C006034,18,106.32,1924.22,4,1,88,month-to-month,electronic_check,dsl,0
C007918,5,48.36,256.52,3,0,2,two-year,mailed_check,dsl,0
C009936,42,72.23,2952.04,2,1,43,one-year,mailed_check,fiber,0
C002583,48,99.06,4806.81,4,0,39,two-year,electronic_check,dsl,0
C002813,70,45.07,3108.92,4,0,85,two-year,electronic_check,none,0
C003959,16,81.85,1260.26,4,0,83,month-to-month,bank_transfer,dsl,1
C002947,36,61.39,2264.7,4,0,40,one-year,mailed_check,dsl,0
C006643,32,80.88,2517.72,5,2,23,one-year,electronic_check,fiber,0
C005174,15,41.99,702.33,1,0,59,month-to-month,electronic_check,dsl,0
C006841,62,105.75,6550.19,4,1,17,month-to-month,credit_card,fiber,0
C008298,6,71.4,495.07,3,0,5,month-to-month,electronic_check,dsl,0
C003586,33,34.02,1163.64,4,0,23,two-year,bank_transfer,none,0
C009228,59,97.49,5745.55,3,1,20,month-to-month,mailed_check,fiber,0
C007988,1,82.77,93.74,3,0,76,one-year,bank_transfer,dsl,0
C002563,30,64.0,1890.34,5,0,32,month-to-month,electronic_check,dsl,0
C002630,68,70.89,4810.32,1,0,45,month-to-month,electronic_check,fiber,0
C003190,1,86.85,136.13,4,0,10,month-to-month,mailed_check,fiber,0
C007778,31,66.91,1992.51,3,0,19,one-year,mailed_check,none,0
C007645,39,109.49,4238.03,3,0,39,month-to-month,bank_transfer,dsl,0
C005036,66,109.66,7302.9,5,0,53,two-year,mailed_check,fiber,0
C001080,67,39.19,2672.04,2,0,44,two-year,mailed_check,fiber,0
C004283,32,37.74,1233.14,4,0,70,month-to-month,credit_card,fiber,0
C009711,69,80.17,5473.22,1,0,78,month-to-month,bank_transfer,fiber,0
C007085,64,96.69,6154.98,4,0,14,month-to-month,bank_transfer,dsl,0
C002085,48,95.67,4525.37,2,1,20,month-to-month,bank_transfer,fiber,0
C006345,52,71.66,3808.32,3,0,29,month-to-month,bank_transfer,fiber,0
C002452,7,61.84,400.79,3,0,62,month-to-month,mailed_check,dsl,0
C004966,17,57.34,1010.16,1,1,57,month-to-month,bank_transfer,fiber,0
C002023,44,68.27,2940.71,4,0,4,one-year,bank_transfer,none,0
C008071,29,34.57,1096.33,4,1,60,month-to-month,credit_card,fiber,0
C008987,8,119.84,946.17,5,1,62,month-to-month,credit_card,dsl,0
C008718,46,81.33,3754.01,5,1,5,month-to-month,credit_card,dsl,0
C007321,16,61.44,981.08,3,1,80,two-year,electronic_check,fiber,0
C000226,59,33.76,2030.09,4,0,70,two-year,credit_card,fiber,0
C001013,23,82.61,1945.55,4,0,4,month-to-month,bank_transfer,fiber,0
C006679,38,56.44,2189.46,4,1,86,month-to-month,credit_card,dsl,0
C001929,69,117.48,8117.22,2,1,6,one-year,bank_transfer,fiber,0
C001043,27,119.67,3169.54,2,0,51,one-year,bank_transfer,dsl,0
C005251,31,118.22,3685.77,2,0,59,two-year,credit_card,dsl,0
C001404,13,39.47,549.64,1,0,87,month-to-month,credit_card,dsl,0
C002179,33,52.51,1729.83,1,0,62,two-year,mailed_check,fiber,0
C000697,43,110.07,4633.29,2,0,28,month-to-month,electronic_check,fiber,1
C001124,61,26.63,1661.74,3,1,35,month-to-month,bank_transfer,fiber,0
C007378,26,98.0,2617.14,5,0,25,month-to-month,credit_card,fiber,0
C003895,67,31.98,2118.84,1,0,11,one-year,credit_card,none,0
C008217,66,78.04,5220.67,5,0,77,month-to-month,mailed_check,none,0
C005110,40,57.33,2275.94,5,2,81,one-year,electronic_check,fiber,0
C001778,23,55.49,1261.7,4,0,58,two-year,credit_card,dsl,0
C007786,52,91.03,4790.85,5,0,75,month-to-month,mailed_check,dsl,0
C002634,6,31.63,151.48,5,1,70,one-year,credit_card,fiber,1
C007187,7,37.39,199.15,1,0,82,one-year,electronic_check,fiber,0
C007544,29,63.14,1777.6,2,1,18,month-to-month,electronic_check,fiber,0
C007604,6,40.41,245.54,5,0,23,one-year,bank_transfer,fiber,0
C003489,52,90.88,4814.18,3,1,56,one-year,credit_card,none,0
C008259,66,109.74,7271.54,2,0,17,two-year,credit_card,fiber,0
C001037,2,48.46,117.72,4,0,4,month-to-month,bank_transfer,dsl,0
C006093,34,57.46,1981.0,2,1,81,month-to-month,bank_transfer,fiber,0
C002256,58,64.83,3808.99,5,0,53,month-to-month,credit_card,fiber,0
C008188,11,27.63,294.23,2,0,27,two-year,mailed_check,dsl,0
C002613,44,61.53,2653.32,3,0,22,two-year,electronic_check,dsl,0
C000313,21,83.82,1742.34,5,0,86,one-year,credit_card,fiber,0
C002649,24,90.03,2167.56,4,0,55,month-to-month,mailed_check,dsl,0
C002281,26,28.59,742.3,5,0,6,month-to-month,bank_transfer,fiber,0
C006741,65,62.45,4101.77,3,0,71,month-to-month,bank_transfer,fiber,0
C002979,35,64.4,2308.66,4,0,56,one-year,credit_card,fiber,0
C002547,43,25.46,1066.43,4,0,53,month-to-month,bank_transfer,fiber,0
C005512,66,36.28,2410.98,3,0,34,month-to-month,bank_transfer,dsl,0
C005132,35,68.36,2388.07,5,0,5,two-year,credit_card,dsl,0
C002159,25,36.55,869.71,1,1,33,one-year,electronic_check,dsl,0
C007080,25,110.2,2769.29,4,1,29,month-to-month,mailed_check,none,0
C003137,35,24.42,884.83,3,1,15,month-to-month,mailed_check,fiber,0
C009079,27,77.94,2164.5,3,0,39,one-year,mailed_check,fiber,0
C005850,13,65.26,924.51,4,1,1,one-year,bank_transfer,fiber,0
C009865,57,32.72,1933.65,5,1,15,month-to-month,mailed_check,none,0
C006445,55,22.57,1246.1,3,0,29,one-year,electronic_check,fiber,0
C003967,18,51.94,944.54,3,1,44,month-to-month,bank_transfer,fiber,0
C001428,20,66.67,1320.16,5,0,5,month-to-month,credit_card,dsl,0
C008422,18,119.04,2195.93,2,1,40,month-to-month,mailed_check,fiber,1
C002520,32,25.92,887.92,1,0,79,month-to-month,electronic_check,fiber,0
C007837,48,48.83,2326.57,3,2,7,month-to-month,electronic_check,dsl,0
C004969,59,73.32,4353.24,2,1,37,one-year,electronic_check,fiber,0
C001855,62,53.69,3297.78,1,1,43,month-to-month,mailed_check,dsl,0
C008884,12,70.36,790.08,1,0,7,month-to-month,electronic_check,fiber,0
C005602,1,107.45,140.32,2,1,18,month-to-month,mailed_check,fiber,0
C009344,72,54.19,3917.57,3,0,48,month-to-month,credit_card,dsl,0
C009868,35,74.24,2473.57,3,1,31,two-year,electronic_check,fiber,0
C000448,38,73.74,2779.35,1,2,32,month-to-month,bank_transfer,dsl,0
C007703,20,87.01,1792.42,3,0,65,month-to-month,mailed_check,dsl,0
C001284,28,103.86,2784.27,1,0,28,month-to-month,bank_transfer,fiber,0
C005995,16,102.8,1622.26,2,0,68,month-to-month,electronic_check,dsl,0
C007899,22,55.0,1266.74,4,0,12,two-year,bank_transfer,dsl,0
C003727,38,55.92,2149.11,5,0,12,month-to-month,credit_card,none,0
C007353,24,81.95,2010.21,2,0,37,two-year,electronic_check,dsl,1
C000361,65,27.73,1848.88,3,0,89,two-year,bank_transfer,none,0
C006279,28,50.64,1470.98,3,0,82,two-year,electronic_check,dsl,0
C005230,10,72.76,713.4,1,1,48,one-year,credit_card,dsl,0
C008942,67,90.63,6105.33,2,0,18,month-to-month,bank_transfer,fiber,0
C007295,29,96.41,2809.94,2,1,66,one-year,electronic_check,fiber,0
C008891,33,109.26,3605.0,2,1,12,two-year,bank_transfer,dsl,0
C007534,17,50.89,843.46,5,0,70,one-year,bank_transfer,fiber,0
C006251,14,98.05,1433.86,1,1,34,two-year,mailed_check,fiber,1
C005926,54,75.78,4098.96,5,1,33,month-to-month,electronic_check,fiber,0
C005149,40,87.6,3428.69,1,1,31,one-year,mailed_check,dsl,0
C002460,25,68.21,1759.66,5,0,9,two-year,bank_transfer,none,0
C000022,14,107.91,1504.19,3,0,22,one-year,bank_transfer,fiber,0
C002066,53,91.97,4860.31,4,0,45,month-to-month,bank_transfer,none,0
C001653,43,72.51,3143.17,5,0,77,month-to-month,credit_card,none,0
C000702,13,26.33,323.29,1,0,58,month-to-month,bank_transfer,dsl,0
C008490,31,38.82,1121.86,5,0,47,month-to-month,mailed_check,fiber,0
C002743,69,111.09,7745.01,1,1,15,month-to-month,mailed_check,fiber,0
C001376,70,49.61,3517.61,5,0,51,two-year,electronic_check,fiber,0
C001724,39,62.4,2404.72,2,0,61,month-to-month,bank_transfer,dsl,0
C002468,2,98.13,149.94,5,0,68,month-to-month,mailed_check,none,0
C003754,3,33.73,77.03,2,0,60,month-to-month,credit_card,fiber,0
C002325,60,54.93,3258.51,2,0,10,month-to-month,mailed_check,dsl,0
C000460,53,88.53,4706.78,2,0,43,month-to-month,credit_card,fiber,0
C005163,61,73.92,4568.86,2,0,23,month-to-month,credit_card,fiber,0
C004183,62,118.38,7442.65,1,0,59,two-year,mailed_check,none,0
C005526,43,116.21,5087.61,4,0,43,two-year,mailed_check,dsl,0
C004082,56,31.74,1771.08,4,0,35,month-to-month,mailed_check,none,0
C001486,12,45.45,589.43,5,0,54,month-to-month,bank_transfer,dsl,0
C003678,39,97.62,3778.42,2,0,83,month-to-month,electronic_check,none,0
C000282,49,118.62,5800.58,3,0,46,month-to-month,electronic_check,fiber,1
C006579,32,75.53,2467.0,4,2,3,one-year,mailed_check,fiber,0
C004558,55,72.15,3995.05,3,1,62,month-to-month,mailed_check,dsl,0
C004308,58,54.26,3150.11,3,0,34,two-year,mailed_check,dsl,0
C006684,27,104.42,2905.84,1,1,49,month-to-month,mailed_check,dsl,0
C004865,43,62.35,2641.26,4,2,53,one-year,mailed_check,dsl,0
C003537,10,114.89,1182.45,2,0,52,month-to-month,mailed_check,fiber,0
C003868,16,60.35,963.08,2,0,39,month-to-month,electronic_check,fiber,0
C007003,42,119.1,4943.8,4,1,68,one-year,mailed_check,dsl,0
C002581,34,104.69,3502.86,1,1,28,month-to-month,bank_transfer,dsl,0
C001368,70,75.34,5252.82,4,0,79,one-year,bank_transfer,dsl,0
C009469,66,113.6,7506.19,1,0,41,two-year,mailed_check,none,0
C008197,50,103.48,5120.5,1,0,19,month-to-month,electronic_check,none,0
C000597,57,61.37,3584.62,3,0,32,month-to-month,credit_card,fiber,0
C004351,41,70.7,2888.2,5,0,48,month-to-month,electronic_check,dsl,0
C006346,41,93.61,3896.22,2,0,60,one-year,mailed_check,dsl,0
C008976,56,46.11,2560.11,5,0,76,one-year,bank_transfer,dsl,0
C006379,21,48.75,943.22,4,0,65,month-to-month,credit_card,fiber,0
C004758,33,27.65,852.57,4,1,9,month-to-month,mailed_check,fiber,0
C000646,34,78.04,2636.14,4,0,89,two-year,mailed_check,dsl,0
C006381,15,39.25,494.29,3,0,76,one-year,electronic_check,fiber,0
C007527,18,21.13,350.84,5,2,85,one-year,bank_transfer,fiber,0
C009697,10,103.28,1008.31,5,0,63,month-to-month,credit_card,dsl,0
C006023,65,96.76,6236.13,1,0,21,one-year,bank_transfer,fiber,0
C007954,47,111.63,5366.19,2,0,31,two-year,credit_card,none,0
C007165,29,28.11,763.73,1,0,12,month-to-month,bank_transfer,fiber,0
C003468,38,72.25,2827.52,2,0,68,month-to-month,mailed_check,dsl,0
C007797,10,24.9,243.65,3,0,36,month-to-month,electronic_check,none,0
C007697,18,95.15,1762.24,1,0,43,month-to-month,bank_transfer,fiber,0
C002990,33,76.12,2477.31,2,0,20,month-to-month,mailed_check,none,0
C009407,27,83.24,2269.09,3,0,65,month-to-month,bank_transfer,fiber,0
C004875,48,55.77,2704.51,2,0,47,month-to-month,electronic_check,none,0
C002544,58,75.08,4351.5,1,0,17,month-to-month,credit_card,dsl,0
C008595,43,66.7,2863.53,1,0,10,one-year,credit_card,dsl,0
C005341,45,117.57,5415.94,1,0,21,one-year,bank_transfer,fiber,0
C001567,44,70.17,3087.65,4,0,72,month-to-month,electronic_check,fiber,0
C009994,70,97.03,6762.31,3,0,26,month-to-month,mailed_check,dsl,0
C004066,62,55.86,3471.8,1,0,81,one-year,credit_card,fiber,0
C003988,30,23.19,758.3,1,0,12,month-to-month,mailed_check,fiber,0
C007031,55,82.55,4506.49,4,0,35,two-year,mailed_check,dsl,0
C002160,59,78.64,4646.61,2,0,12,one-year,mailed_check,fiber,0
C000685,58,21.52,1245.82,3,1,19,month-to-month,credit_card,dsl,0
C007602,20,111.92,2205.71,5,0,5,month-to-month,mailed_check,fiber,0
C007784,35,79.95,2823.72,5,0,19,month-to-month,bank_transfer,fiber,0
C003243,38,56.45,2123.91,2,0,10,one-year,credit_card,dsl,0
C005844,63,41.44,2679.66,5,1,30,two-year,mailed_check,dsl,0
C009219,71,21.36,1585.68,5,1,49,month-to-month,credit_card,fiber,0
C002461,16,77.24,1245.07,1,0,87,two-year,mailed_check,dsl,0
C004083,57,40.73,2355.75,2,0,37,one-year,credit_card,dsl,0
C002837,65,91.88,5874.86,2,0,35,two-year,bank_transfer,fiber,0
C003697,30,55.85,1730.01,4,1,74,month-to-month,mailed_check,dsl,0
C007128,22,28.31,639.91,1,0,81,month-to-month,electronic_check,fiber,0
C006267,4,88.37,385.23,1,1,44,month-to-month,electronic_check,fiber,0
C004941,33,42.93,1434.3,3,0,43,one-year,mailed_check,dsl,0
C005946,19,116.08,2217.08,4,0,5,month-to-month,bank_transfer,dsl,0
C004583,51,102.47,5236.78,3,0,65,one-year,bank_transfer,none,0
C005784,42,118.94,4998.9,5,0,86,one-year,electronic_check,dsl,1
C004040,24,31.09,772.81,3,0,12,month-to-month,mailed_check,dsl,0
C002230,46,50.3,2361.96,3,0,47,two-year,credit_card,none,0
C007569,38,66.39,2537.95,5,0,69,one-year,electronic_check,fiber,0
C000935,68,75.27,5098.08,2,0,89,month-to-month,credit_card,fiber,1
C002320,8,24.75,290.66,3,1,59,month-to-month,bank_transfer,none,0
C004878,49,37.53,1884.75,3,0,74,two-year,mailed_check,dsl,0
C000521,11,44.96,548.65,2,1,33,one-year,bank_transfer,fiber,0
C000522,14,62.94,828.85,1,1,66,two-year,bank_transfer,fiber,0
C005345,29,103.8,3054.88,3,0,7,two-year,mailed_check,fiber,0
C009876,71,112.31,7987.19,3,0,74,month-to-month,bank_transfer,fiber,0
C003359,38,36.07,1285.13,2,1,60,month-to-month,bank_transfer,none,0
C001311,26,104.59,2715.02,3,0,9,month-to-month,credit_card,none,0
C003983,49,102.66,5108.14,5,0,18,one-year,bank_transfer,fiber,0
C006494,21,89.49,1787.99,4,1,22,month-to-month,credit_card,fiber,0
C009560,40,71.68,2768.18,4,1,11,month-to-month,electronic_check,fiber,0
C001716,47,93.99,4358.0,4,1,61,month-to-month,mailed_check,fiber,0
C000780,64,119.55,7709.99,5,0,6,month-to-month,electronic_check,none,0
C008798,62,37.27,2355.91,5,0,80,month-to-month,bank_transfer,fiber,0
C008231,20,75.14,1455.57,2,0,45,month-to-month,credit_card,none,0
C005607,43,113.41,4965.83,3,0,38,one-year,mailed_check,dsl,0
C005978,15,73.15,1163.24,3,1,57,month-to-month,mailed_check,fiber,0
C000651,47,64.49,3021.43,3,0,52,one-year,mailed_check,none,0
C003747,71,105.66,7436.66,5,1,79,one-year,bank_transfer,fiber,0
C002196,21,33.07,718.96,2,0,35,month-to-month,mailed_check,none,0
C008418,54,44.38,2460.42,3,0,18,one-year,credit_card,none,0
C000369,56,51.57,2817.7,4,0,1,two-year,credit_card,dsl,0
C009884,18,98.17,1740.32,3,0,33,two-year,electronic_check,fiber,0
C008005,62,77.74,4786.39,5,1,20,one-year,electronic_check,fiber,0
C004214,50,20.64,1111.21,5,0,32,one-year,mailed_check,fiber,0
C000377,54,92.16,5027.28,5,1,56,month-to-month,electronic_check,fiber,0
C009446,70,90.38,6275.05,1,0,13,month-to-month,mailed_check,fiber,0
C002216,33,89.09,2963.23,3,0,35,one-year,electronic_check,dsl,0
C008682,2,22.79,61.45,2,1,54,month-to-month,mailed_check,dsl,0
C001613,50,31.16,1575.37,1,1,37,one-year,credit_card,none,0
C006979,36,108.6,3911.52,3,0,68,month-to-month,bank_transfer,dsl,0
C007549,58,59.06,3452.86,1,0,61,two-year,credit_card,dsl,0
C001827,71,106.12,7485.14,3,0,74,month-to-month,mailed_check,none,0
C003632,3,20.52,77.03,3,0,20,month-to-month,bank_transfer,dsl,0
C000962,61,69.76,4227.2,1,3,47,month-to-month,electronic_check,dsl,0
C002993,62,106.4,6624.77,4,1,26,month-to-month,credit_card,fiber,0
C006606,63,83.84,5282.25,3,1,78,two-year,credit_card,fiber,0
C009672,64,73.92,4791.47,4,0,57,month-to-month,bank_transfer,dsl,0
C002376,62,27.92,1656.14,4,2,41,one-year,mailed_check,fiber,0
C008880,33,89.46,2837.24,3,0,46,one-year,electronic_check,fiber,0
C000359,54,101.91,5453.66,1,0,10,one-year,mailed_check,dsl,0
C003839,69,89.44,6060.88,4,0,49,month-to-month,mailed_check,none,0
C008184,42,79.6,3405.08,2,0,47,month-to-month,bank_transfer,dsl,0
C001246,62,113.76,7062.75,3,1,16,two-year,bank_transfer,fiber,0
C007504,55,77.69,4250.58,3,1,0,month-to-month,mailed_check,dsl,0
C008349,57,92.35,5364.63,2,1,52,month-to-month,bank_transfer,dsl,0
C006511,58,119.75,7001.29,2,0,9,month-to-month,credit_card,none,0
C005087,18,102.95,1842.26,2,0,86,one-year,electronic_check,none,0
C003694,29,99.26,2964.69,2,0,79,month-to-month,electronic_check,none,1
C001573,59,80.64,4838.87,1,0,67,one-year,electronic_check,none,0
C006281,22,80.43,1680.47,4,0,32,month-to-month,bank_transfer,dsl,0
C005439,41,62.1,2480.82,1,0,38,month-to-month,electronic_check,fiber,0
C002567,46,83.39,3882.6,5,0,31,one-year,credit_card,dsl,0
C003423,28,116.67,3181.0,1,0,74,month-to-month,bank_transfer,dsl,0
C002037,3,93.85,271.03,1,0,53,two-year,credit_card,none,0
C009243,68,43.69,2943.26,5,0,32,month-to-month,bank_transfer,fiber,0
C000772,1,44.28,84.28,4,1,7,month-to-month,bank_transfer,dsl,1
C005380,12,88.18,1044.04,3,0,22,one-year,credit_card,none,0
C009568,29,46.92,1373.46,5,1,2,two-year,mailed_check,fiber,0
C003562,31,106.71,3284.16,1,0,24,two-year,bank_transfer,dsl,0
C000562,36,30.12,1152.85,2,0,41,one-year,bank_transfer,dsl,0
C006683,60,116.23,7077.26,1,0,26,one-year,bank_transfer,dsl,0
C002546,58,73.19,4280.09,4,0,20,month-to-month,electronic_check,dsl,0
C005510,30,74.94,2346.25,3,0,89,month-to-month,bank_transfer,fiber,0
C005330,41,58.79,2336.12,2,1,70,month-to-month,electronic_check,fiber,0
C009667,54,102.68,5488.2,1,0,81,month-to-month,bank_transfer,fiber,0
C004531,10,83.9,796.19,1,1,39,month-to-month,bank_transfer,dsl,0
C001674,52,88.31,4605.39,4,0,53,one-year,mailed_check,dsl,0
C007395,4,57.62,205.85,1,0,25,month-to-month,credit_card,fiber,0
C000365,38,115.18,4397.48,3,0,13,month-to-month,electronic_check,fiber,0
C008016,30,88.94,2642.38,2,1,19,two-year,electronic_check,dsl,0
C009376,31,48.37,1490.68,1,1,41,two-year,electronic_check,fiber,0
C004327,31,25.94,820.1,3,0,0,two-year,bank_transfer,fiber,0
C009983,62,84.2,5199.25,2,0,12,one-year,mailed_check,dsl,0
C000147,17,68.33,1272.2,4,0,47,one-year,mailed_check,fiber,0
C001668,39,39.23,1594.03,5,0,63,two-year,electronic_check,dsl,0
C003088,17,66.27,1129.63,2,0,85,month-to-month,bank_transfer,none,0
C008844,38,94.6,3665.43,4,0,65,month-to-month,mailed_check,fiber,0
C007650,27,33.35,937.16,1,1,64,one-year,bank_transfer,fiber,0
C000407,11,36.34,371.3,3,0,58,one-year,electronic_check,dsl,1
C009584,55,98.85,5475.23,3,0,21,two-year,bank_transfer,fiber,0
C007788,61,97.82,5965.53,4,1,70,month-to-month,electronic_check,dsl,0
C003456,55,115.22,6368.43,5,0,18,month-to-month,mailed_check,fiber,0
C006186,29,114.0,3303.55,3,1,81,month-to-month,credit_card,fiber,0
C004182,8,60.09,453.12,3,1,38,one-year,mailed_check,dsl,0
C003576,47,22.26,1088.81,3,1,15,month-to-month,bank_transfer,dsl,0
C003271,30,35.7,1013.59,2,0,26,month-to-month,mailed_check,dsl,0
C004940,53,110.31,5832.18,4,0,35,month-to-month,mailed_check,fiber,0
C001031,13,65.6,850.99,4,0,51,month-to-month,credit_card,dsl,0
C008872,58,109.45,6275.32,4,4,50,month-to-month,electronic_check,dsl,0
C006230,35,26.18,893.02,1,0,51,two-year,electronic_check,fiber,0
C006592,27,110.1,2971.4,3,1,11,month-to-month,bank_transfer,fiber,0
C008906,65,61.17,4050.95,2,1,88,month-to-month,bank_transfer,dsl,0
C009811,42,46.73,1928.39,1,1,37,one-year,bank_transfer,fiber,0
C006724,20,24.7,424.24,2,0,66,month-to-month,electronic_check,fiber,0
C008029,41,54.97,2280.44,2,1,37,two-year,electronic_check,fiber,0
C008052,32,34.51,1117.33,5,0,22,month-to-month,credit_card,fiber,0
C000855,62,102.08,6314.72,3,1,73,one-year,credit_card,fiber,0
C003926,37,94.87,3505.36,4,0,86,one-year,credit_card,dsl,0
C008547,63,49.7,3145.56,3,2,44,month-to-month,credit_card,none,0
C000078,41,55.0,2132.01,3,1,52,month-to-month,mailed_check,fiber,0
C007088,10,27.3,246.71,1,0,84,month-to-month,mailed_check,dsl,0
C002247,13,39.7,571.67,4,2,53,two-year,mailed_check,fiber,0
C008263,46,53.89,2460.93,4,0,35,month-to-month,electronic_check,fiber,0
C004026,16,96.09,1548.94,1,1,56,two-year,mailed_check,fiber,0
C009949,42,63.0,2652.49,2,0,1,two-year,bank_transfer,dsl,0
C009571,63,52.3,3272.16,5,0,65,one-year,bank_transfer,dsl,0
C009295,16,108.37,1873.3,1,0,27,two-year,mailed_check,dsl,0
C000714,67,30.41,2009.79,5,1,23,one-year,mailed_check,dsl,0
C007451,58,103.64,6024.28,1,0,44,one-year,credit_card,dsl,0
C000788,40,101.18,4124.67,4,0,57,month-to-month,credit_card,fiber,0
C002279,49,93.98,4595.94,1,0,36,month-to-month,credit_card,fiber,0
C004095,40,80.0,3112.94,4,0,38,one-year,electronic_check,fiber,0
C003897,2,50.28,173.85,1,0,57,one-year,electronic_check,dsl,0
C007944,72,71.41,5164.16,1,0,11,month-to-month,bank_transfer,fiber,0
C007177,57,108.88,6135.65,2,0,30,one-year,credit_card,dsl,0
C009076,51,47.08,2313.23,5,0,68,month-to-month,credit_card,fiber,0
C009452,52,28.05,1483.46,1,0,40,one-year,electronic_check,fiber,1
C003631,40,71.7,2806.32,3,0,89,one-year,bank_transfer,dsl,0
C008624,17,24.69,349.77,1,0,2,month-to-month,electronic_check,dsl,0
C007297,18,24.02,490.61,3,1,41,one-year,electronic_check,fiber,0
C006272,42,115.84,4938.83,4,0,6,month-to-month,bank_transfer,dsl,0
C000424,31,113.25,3574.61,3,1,20,one-year,mailed_check,dsl,0
C000392,27,117.84,3142.68,3,0,73,one-year,credit_card,fiber,0
C003191,50,105.01,5257.74,2,2,15,month-to-month,bank_transfer,fiber,0
C000016,37,70.65,2608.11,5,0,39,one-year,mailed_check,dsl,0
C006335,14,23.54,381.29,4,1,31,one-year,bank_transfer,fiber,0
C004200,49,36.25,1869.64,1,0,23,one-year,bank_transfer,fiber,0
C002672,62,113.53,7056.03,1,0,85,two-year,credit_card,fiber,0
C002444,44,24.84,1099.82,3,0,82,one-year,mailed_check,dsl,0
C006697,56,73.07,4147.82,4,1,52,two-year,bank_transfer,dsl,0
C006164,18,102.76,1818.32,4,0,74,one-year,bank_transfer,fiber,0
C002601,16,118.45,1906.12,2,0,37,month-to-month,mailed_check,fiber,0
C003493,54,108.76,5892.47,5,0,46,month-to-month,credit_card,dsl,0
C006044,43,81.1,3545.33,2,1,77,one-year,bank_transfer,none,0
C001459,38,91.29,3447.68,2,0,25,month-to-month,electronic_check,fiber,0
C003804,2,98.19,178.35,2,0,81,month-to-month,electronic_check,fiber,1
C009845,20,36.77,739.42,2,1,25,month-to-month,bank_transfer,fiber,0
C007394,43,27.19,1106.77,1,2,34,month-to-month,bank_transfer,none,0
C004839,68,116.51,7797.31,3,0,14,month-to-month,electronic_check,fiber,0
C008111,62,29.76,1914.88,5,0,1,two-year,electronic_check,none,0
C003835,53,28.16,1490.18,5,0,78,two-year,bank_transfer,fiber,0
C009313,64,68.27,4340.3,5,0,33,two-year,credit_card,dsl,0
C005683,32,104.83,3360.83,4,0,9,month-to-month,credit_card,dsl,0
C008748,68,36.85,2574.96,5,0,37,one-year,mailed_check,dsl,0
C005827,49,72.64,3519.91,4,0,67,month-to-month,mailed_check,fiber,0
C009748,52,115.73,5965.6,3,0,39,one-year,mailed_check,dsl,0
C004724,21,80.58,1752.84,1,0,11,month-to-month,bank_transfer,none,0
C008759,2,62.03,77.62,4,0,34,month-to-month,electronic_check,dsl,0
C005887,13,104.99,1315.61,2,0,75,month-to-month,electronic_check,dsl,0
C002355,27,58.43,1628.56,5,0,10,month-to-month,mailed_check,none,0
C006036,42,71.85,2979.66,3,0,86,one-year,bank_transfer,dsl,0
C004798,29,25.82,728.47,1,0,10,one-year,mailed_check,dsl,0
C002442,1,91.39,146.21,1,0,32,one-year,mailed_check,fiber,1
C008645,45,99.46,4444.48,2,0,55,month-to-month,mailed_check,dsl,1
C004592,6,111.33,723.44,3,0,77,two-year,mailed_check,none,1
C008772,37,80.61,2950.57,1,0,19,month-to-month,mailed_check,none,0
C000464,1,25.52,105.2,3,1,65,two-year,electronic_check,dsl,0
C000163,30,61.51,1885.6,4,0,15,month-to-month,mailed_check,dsl,0
C009261,20,81.14,1647.54,5,0,15,month-to-month,bank_transfer,fiber,0
C009433,25,107.76,2657.36,5,0,53,month-to-month,credit_card,dsl,0
C008405,8,68.88,537.9,3,0,7,month-to-month,credit_card,fiber,0
C009777,29,44.83,1382.83,4,0,45,one-year,mailed_check,none,0
C009478,22,24.75,562.65,4,0,0,one-year,electronic_check,dsl,0
C007380,50,98.33,4914.13,3,1,34,two-year,credit_card,dsl,0
C006636,7,97.34,669.55,5,1,73,one-year,bank_transfer,none,0
C000241,43,49.33,2118.48,3,0,22,two-year,bank_transfer,none,0
C002009,46,72.83,3369.45,5,0,71,one-year,mailed_check,none,0
C006356,51,71.88,3676.06,3,0,27,one-year,mailed_check,none,0
C003084,25,32.59,794.21,5,1,34,one-year,mailed_check,dsl,0
C006208,21,101.19,2173.21,3,0,22,month-to-month,bank_transfer,dsl,0
C000900,1,103.32,143.64,5,0,57,month-to-month,bank_transfer,fiber,0
C005542,22,36.03,809.38,4,1,49,one-year,electronic_check,fiber,0
C006007,54,84.75,4558.96,5,0,30,two-year,electronic_check,fiber,0
C007638,58,72.57,4203.76,2,0,22,month-to-month,bank_transfer,fiber,0
C006793,6,37.59,187.94,5,0,77,two-year,bank_transfer,dsl,0
C008869,42,111.01,4757.81,4,0,5,month-to-month,mailed_check,dsl,0
C007758,59,58.15,3466.41,1,1,69,one-year,bank_transfer,fiber,0
C004837,5,67.1,315.17,2,0,14,two-year,mailed_check,dsl,0
C002293,54,34.45,1860.71,5,0,46,two-year,mailed_check,fiber,0
C006548,41,47.64,1988.94,1,0,66,two-year,electronic_check,fiber,0
C007898,62,99.04,6190.54,2,0,86,month-to-month,credit_card,fiber,0
C007977,72,70.0,5068.41,5,0,58,month-to-month,electronic_check,fiber,0
C004481,22,55.78,1190.45,1,0,21,one-year,bank_transfer,fiber,0
C005302,13,81.1,1080.29,4,0,62,one-year,electronic_check,dsl,0
C004605,34,114.38,3981.88,1,0,3,one-year,mailed_check,dsl,0
C003716,26,39.5,1048.47,3,0,30,month-to-month,electronic_check,fiber,0
C009071,7,89.02,614.56,5,0,18,month-to-month,mailed_check,dsl,0
C006140,23,52.69,1202.15,4,0,80,month-to-month,mailed_check,fiber,0
C001764,42,51.72,2178.54,2,0,54,two-year,electronic_check,fiber,0
C006598,10,91.38,925.37,2,0,33,month-to-month,credit_card,dsl,0
C001549,1,48.0,5.68,5,0,59,two-year,mailed_check,none,0
C003029,65,79.17,5107.51,3,1,6,two-year,electronic_check,fiber,0
C008653,5,58.18,290.6,2,0,10,month-to-month,electronic_check,dsl,0
C006298,22,93.47,2044.61,2,0,7,month-to-month,credit_card,dsl,0
C006662,35,50.14,1708.74,5,0,5,month-to-month,electronic_check,dsl,0
C006626,57,40.92,2323.49,2,1,57,month-to-month,credit_card,dsl,0
C002044,20,116.2,2346.71,4,0,59,month-to-month,credit_card,dsl,1
C000767,35,81.63,2800.25,4,1,54,one-year,mailed_check,none,0
C005693,17,42.45,764.8,1,1,27,one-year,mailed_check,fiber,0
C007870,6,110.15,521.06,2,1,29,one-year,mailed_check,dsl,0
C007795,29,83.17,2412.08,5,0,51,month-to-month,mailed_check,fiber,0
C001508,63,78.88,4988.57,2,0,74,two-year,mailed_check,fiber,0
C007230,42,70.02,2933.01,3,0,35,month-to-month,bank_transfer,fiber,0
C007857,10,27.73,340.25,5,0,57,month-to-month,bank_transfer,fiber,0
C003302,44,41.92,1893.79,1,0,78,month-to-month,electronic_check,dsl,0
C004517,5,56.06,274.51,1,0,87,month-to-month,credit_card,fiber,0
C004219,12,36.22,497.01,4,2,88,two-year,electronic_check,dsl,0
C009078,8,62.85,560.9,1,0,52,two-year,bank_transfer,fiber,0
C009940,42,76.59,3134.17,4,0,16,one-year,credit_card,none,0
C003292,18,65.91,1210.77,4,0,29,month-to-month,credit_card,fiber,0
C000819,72,61.01,4415.52,2,0,65,month-to-month,mailed_check,fiber,0
C001403,24,72.46,1706.86,2,0,63,month-to-month,electronic_check,dsl,0
C001382,25,85.86,2118.65,4,1,25,month-to-month,bank_transfer,dsl,0
C002148,62,92.83,5765.83,5,0,78,month-to-month,bank_transfer,dsl,0
C006928,53,91.62,4903.82,5,0,1,one-year,credit_card,fiber,0
C005671,47,99.56,4676.78,2,1,54,one-year,bank_transfer,fiber,0
C001638,14,99.39,1372.84,4,0,74,one-year,mailed_check,none,0
C005891,31,44.19,1382.2,3,0,30,two-year,electronic_check,none,0
C007427,55,108.93,5955.8,3,0,86,month-to-month,bank_transfer,dsl,0
C000608,70,62.92,4449.01,1,1,63,month-to-month,bank_transfer,none,0
C006907,3,101.28,399.11,3,0,72,month-to-month,bank_transfer,dsl,1
